id_persona,provincia,region,area,sexo,edad,anios_educ,horas_trabajo,ingreso,empleo_adecuado,nivel_instruccion,log_ingreso,grupo_edad
P00001,Pichincha,Sierra,Rural,Hombre,52,6.0,29.0,213.81,0,Primaria,5.369753916485886,Mayor
P00002,El Oro,Costa,Urbana,Hombre,55,18.0,56.0,665.82,1,Posgrado,6.502520144428027,Mayor
P00003,Azuay,Sierra,Rural,Hombre,27,11.0,38.0,594.5,0,Secundaria,6.3894013887953545,Joven
P00004,Guayas,Costa,Urbana,Mujer,63,10.0,46.0,1020.65,1,Secundaria,6.929174246355437,Mayor
P00005,Guayas,Costa,Rural,Mujer,19,7.0,50.0,212.32,0,Secundaria,5.3627933857324015,Joven
P00006,Los Ríos,Costa,Rural,Mujer,49,12.0,30.0,365.53,0,Secundaria,5.90408037336555,Mayor
P00007,Sucumbíos,Amazonía,Rural,Hombre,45,12.0,45.0,431.32,0,Secundaria,6.069166054771834,Mayor
P00008,Pichincha,Sierra,Urbana,Mujer,44,19.0,36.0,470.3,0,Posgrado,6.155494833929685,Adulto
P00009,Tungurahua,Sierra,Urbana,Mujer,26,12.0,44.0,1295.99,1,Secundaria,7.16780147418649,Joven
P00010,Guayas,Costa,Urbana,Mujer,22,10.0,27.0,279.02,0,Secundaria,5.634861029189779,Joven
P00011,Morona Santiago,Amazonía,Rural,Hombre,18,8.0,59.0,133.27,0,Secundaria,4.899852698084617,Joven
P00012,Sucumbíos,Amazonía,Rural,Mujer,65,9.0,53.0,229.94,0,Secundaria,5.44215793652371,Mayor
P00013,El Oro,Costa,Rural,Hombre,29,6.0,35.0,306.31,0,Primaria,5.7278570100973765,Joven
P00014,Loja,Sierra,Urbana,Mujer,41,18.0,32.0,474.16,0,Posgrado,6.163651589421339,Adulto
P00015,Manabí,Costa,Urbana,Hombre,24,13.0,43.0,1028.58,1,Superior,6.936906231073824,Joven
P00016,Esmeraldas,Costa,Urbana,Hombre,53,6.0,35.0,229.09,0,Primaria,5.438470536731441,Mayor
P00018,Guayas,Costa,Urbana,Mujer,22,11.0,40.0,476.22,1,Secundaria,6.167977600493879,Joven
P00019,Guayas,Costa,Urbana,Mujer,24,9.0,45.0,341.82,0,Secundaria,5.837205528078911,Joven
P00020,Guayas,Costa,Urbana,Mujer,52,11.0,41.0,736.5,1,Secundaria,6.603266088213974,Mayor
P00021,Manabí,Costa,Urbana,Hombre,53,10.0,32.0,498.5,0,Secundaria,6.2136075980886085,Mayor
P00022,Guayas,Costa,Urbana,Hombre,41,15.0,51.0,1014.42,1,Superior,6.92305759899058,Adulto
P00023,Tungurahua,Sierra,Urbana,Mujer,40,12.0,39.0,420.04,0,Secundaria,6.042727841045523,Adulto
P00024,Pichincha,Sierra,Rural,Hombre,48,8.0,30.0,641.99,0,Secundaria,6.466129172017151,Mayor
P00025,Azuay,Sierra,Rural,Hombre,51,21.0,48.0,1577.79,1,Posgrado,7.364414009844133,Mayor
P00026,Guayas,Costa,Urbana,Mujer,31,13.0,54.0,853.39,1,Superior,6.750387764017587,Adulto
P00027,Pichincha,Sierra,Rural,Mujer,52,12.0,49.0,400.6,0,Secundaria,5.995456568377519,Mayor
P00028,El Oro,Costa,Rural,Hombre,25,7.0,47.0,301.09,0,Secundaria,5.710724986222776,Joven
P00029,Guayas,Costa,Urbana,Mujer,49,13.0,17.0,163.33,0,Superior,5.101876601193199,Mayor
P00030,Guayas,Costa,Urbana,Mujer,47,15.0,45.0,866.24,1,Superior,6.76531575508289,Mayor
P00031,Guayas,Costa,Urbana,Mujer,50,9.0,57.0,360.25,0,Secundaria,5.889570239426642,Mayor
P00032,Chimborazo,Sierra,Urbana,Hombre,63,13.0,31.0,1160.68,0,Superior,7.057622512222482,Mayor
P00033,Los Ríos,Costa,Urbana,Hombre,62,11.0,50.0,770.39,1,Secundaria,6.648194082247011,Mayor
P00034,El Oro,Costa,Urbana,Mujer,33,6.0,47.0,261.13,0,Primaria,5.5688405639090215,Adulto
P00035,Guayas,Costa,Urbana,Hombre,59,15.0,44.0,975.83,1,Superior,6.884312634855587,Mayor
P00036,Orellana,Amazonía,Urbana,Hombre,59,9.0,54.0,1025.05,1,Secundaria,6.933471757486774,Mayor
P00037,Manabí,Costa,Urbana,Mujer,57,10.0,54.0,1332.21,1,Secundaria,7.195344847155529,Mayor
P00038,Guayas,Costa,Rural,Mujer,26,17.0,44.0,449.93,0,Posgrado,6.111312116813244,Joven
P00039,Sucumbíos,Amazonía,Rural,Mujer,42,15.0,40.0,789.64,1,Superior,6.672842744067928,Adulto
P00040,Guayas,Costa,Urbana,Hombre,47,13.0,61.0,861.01,1,Superior,6.759266871524477,Mayor
P00041,Imbabura,Sierra,Urbana,Mujer,25,13.0,39.0,496.49,0,Superior,6.209575455894117,Joven
P00042,Guayas,Costa,Urbana,Mujer,62,11.0,32.0,619.75,0,Secundaria,6.430928424388276,Mayor
P00043,Guayas,Costa,Urbana,Hombre,30,8.0,41.0,1242.71,1,Secundaria,7.125854127151612,Adulto
P00044,Imbabura,Sierra,Urbana,Mujer,54,11.0,53.0,342.25,0,Secundaria,5.83845904464808,Mayor
P00045,Guayas,Costa,Urbana,Hombre,41,17.0,42.0,819.95,1,Posgrado,6.710462206258037,Adulto
P00046,Azuay,Sierra,Urbana,Mujer,62,12.0,40.0,683.35,1,Secundaria,6.528469482657275,Mayor
P00047,Manabí,Costa,Rural,Hombre,42,7.0,43.0,182.35,0,Secundaria,5.2113968945173355,Adulto
P00048,Pichincha,Sierra,Rural,Mujer,45,14.0,48.0,464.06,0,Superior,6.142166429521475,Mayor
P00049,Loja,Sierra,Urbana,Hombre,58,7.0,33.0,237.81,0,Secundaria,5.475668256688571,Mayor
P00050,Manabí,Costa,Rural,Mujer,65,11.0,53.0,521.79,1,Secundaria,6.259179853793602,Mayor
P00052,Guayas,Costa,Urbana,Mujer,48,14.0,36.0,1127.14,0,Superior,7.0283255378317415,Mayor
P00053,Guayas,Costa,Urbana,Hombre,31,9.0,46.0,755.61,1,Secundaria,6.6288479291351114,Adulto
P00054,Azuay,Sierra,Urbana,Mujer,51,12.0,53.0,491.2,1,Secundaria,6.198885137956956,Mayor
P00056,Tungurahua,Sierra,Urbana,Hombre,41,10.0,68.0,577.55,1,Secundaria,6.360524973322346,Adulto
P00057,Manabí,Costa,Urbana,Hombre,35,8.0,34.0,414.14,0,Secundaria,6.028615812738774,Adulto
P00059,Pichincha,Sierra,Urbana,Mujer,55,4.0,47.0,396.62,0,Primaria,5.9854967753281905,Mayor
P00060,Los Ríos,Costa,Rural,Mujer,22,8.0,34.0,428.75,0,Secundaria,6.063203644262958,Joven
P00061,Manabí,Costa,Urbana,Hombre,39,10.0,22.0,538.94,0,Secundaria,6.291458022273912,Adulto
P00062,Guayas,Costa,Rural,Mujer,33,11.0,43.0,529.98,1,Secundaria,6.274724355749176,Adulto
P00063,Azuay,Sierra,Urbana,Mujer,48,16.0,27.0,1214.66,0,Superior,7.103042418166115,Mayor
P00064,Pichincha,Sierra,Urbana,Mujer,19,12.0,28.0,1040.46,1,Secundaria,6.948378853818508,Joven
P00065,Sucumbíos,Amazonía,Rural,Mujer,63,8.0,44.0,979.18,1,Secundaria,6.887736228268099,Mayor
P00066,Morona Santiago,Amazonía,Rural,Hombre,50,4.0,40.0,156.24,0,Primaria,5.057773300553659,Mayor
P00067,Pichincha,Sierra,Rural,Mujer,24,7.0,49.0,243.21,0,Secundaria,5.4980285108791245,Joven
P00068,Guayas,Costa,Urbana,Hombre,59,15.0,25.0,1084.54,0,Superior,6.989832838017591,Mayor
P00069,Loja,Sierra,Rural,Hombre,24,10.0,45.0,558.89,1,Secundaria,6.327740335863147,Joven
P00070,Guayas,Costa,Urbana,Hombre,47,15.0,63.0,1493.53,1,Superior,7.309567055125732,Mayor
P00071,Manabí,Costa,Rural,Mujer,53,8.0,39.0,179.79,0,Secundaria,5.197336136693923,Mayor
P00072,Guayas,Costa,Urbana,Mujer,26,14.0,24.0,415.35,0,Superior,6.031526252681829,Joven
P00073,Los Ríos,Costa,Urbana,Mujer,42,17.0,42.0,435.17,0,Posgrado,6.078032075611444,Adulto
P00074,Orellana,Amazonía,Rural,Mujer,63,6.0,47.0,217.67,0,Primaria,5.3875637440622315,Mayor
P00076,El Oro,Costa,Urbana,Mujer,44,16.0,35.0,336.95,0,Superior,5.822897955546363,Adulto
P00077,Pichincha,Sierra,Urbana,Mujer,34,13.0,49.0,893.72,1,Superior,6.796510820165336,Adulto
P00079,Pichincha,Sierra,Urbana,Mujer,43,12.0,52.0,1422.62,1,Secundaria,7.26095820242749,Adulto
P00080,Guayas,Costa,Urbana,Mujer,47,17.0,37.0,1295.45,0,Posgrado,7.167385038866757,Mayor
P00081,Guayas,Costa,Urbana,Hombre,26,18.0,23.0,722.1,0,Posgrado,6.583547525180906,Joven
P00082,Tungurahua,Sierra,Rural,Hombre,56,10.0,38.0,309.6,0,Secundaria,5.738505910714586,Mayor
P00083,Azuay,Sierra,Rural,Hombre,18,8.0,47.0,1119.61,1,Secundaria,7.021628458882193,Joven
P00084,Pichincha,Sierra,Urbana,Hombre,42,13.0,33.0,349.17,0,Superior,5.858418750848172,Adulto
P00085,Pichincha,Sierra,Urbana,Hombre,27,7.0,30.0,992.65,0,Secundaria,6.901385031974294,Joven
P00086,El Oro,Costa,Urbana,Hombre,23,17.0,34.0,838.84,0,Posgrado,6.73321139750399,Joven
P00087,Azuay,Sierra,Rural,Hombre,63,13.0,40.0,307.45,0,Superior,5.731559755655647,Mayor
P00088,El Oro,Costa,Urbana,Mujer,63,8.0,35.0,524.05,0,Secundaria,6.263493496152003,Mayor
P00090,Chimborazo,Sierra,Urbana,Mujer,25,15.0,32.0,1011.79,0,Superior,6.920464177723474,Joven
P00091,Sucumbíos,Amazonía,Urbana,Mujer,41,11.0,44.0,484.46,1,Secundaria,6.185096895047804,Adulto
P00092,Pichincha,Sierra,Rural,Hombre,40,13.0,44.0,349.24,0,Superior,5.858618633774553,Adulto
P00093,Orellana,Amazonía,Urbana,Mujer,63,6.0,47.0,682.44,1,Primaria,6.527138868843363,Mayor
P00094,Los Ríos,Costa,Urbana,Hombre,35,12.0,64.0,877.66,1,Secundaria,6.778398019672091,Adulto
P00097,Manabí,Costa,Rural,Hombre,26,12.0,32.0,920.01,0,Secundaria,6.825470893959663,Joven
P00098,Sucumbíos,Amazonía,Rural,Hombre,25,8.0,47.0,116.84,0,Secundaria,4.769327772154375,Joven
P00099,Guayas,Costa,Rural,Hombre,34,12.0,43.0,176.78,0,Secundaria,5.180546830813529,Adulto
P00100,El Oro,Costa,Rural,Mujer,55,2.0,54.0,112.37,0,Primaria,4.730656806029508,Mayor
P00101,Los Ríos,Costa,Urbana,Mujer,42,9.0,53.0,707.52,1,Secundaria,6.563178287384396,Adulto
P00103,El Oro,Costa,Rural,Mujer,55,9.0,52.0,56.23,0,Secundaria,4.047078236421011,Mayor
P00104,Guayas,Costa,Rural,Mujer,22,7.0,39.0,722.16,0,Secundaria,6.583630497813814,Joven
P00106,Pichincha,Sierra,Urbana,Mujer,21,18.0,56.0,643.33,1,Posgrado,6.468211017221098,Joven
P00107,El Oro,Costa,Rural,Hombre,55,13.0,32.0,722.08,0,Superior,6.583519866106654,Mayor
P00108,Esmeraldas,Costa,Rural,Mujer,22,9.0,58.0,1102.96,1,Secundaria,7.0066589942965924,Joven
P00109,El Oro,Costa,Urbana,Hombre,39,17.0,43.0,514.31,1,Posgrado,6.2447686613170434,Adulto
P00110,Guayas,Costa,Urbana,Mujer,48,13.0,35.0,246.93,0,Superior,5.513146448258161,Mayor
P00111,Tungurahua,Sierra,Urbana,Hombre,38,8.0,40.0,576.06,1,Secundaria,6.3579462472370984,Adulto
P00112,Guayas,Costa,Rural,Hombre,59,9.0,39.0,494.92,0,Secundaria,6.206414623393664,Mayor
P00113,Tungurahua,Sierra,Urbana,Hombre,52,16.0,35.0,613.61,0,Superior,6.4209879203092175,Mayor
P00114,Pichincha,Sierra,Urbana,Mujer,47,13.0,43.0,1425.91,1,Superior,7.2632665461115655,Mayor
P00115,Guayas,Costa,Urbana,Mujer,20,10.0,41.0,131.42,0,Secundaria,4.8859786894967,Joven
P00116,Pichincha,Sierra,Urbana,Mujer,63,16.0,54.0,798.54,1,Superior,6.68403656229203,Mayor
P00118,Manabí,Costa,Urbana,Mujer,51,16.0,31.0,592.58,0,Superior,6.386171998563186,Mayor
P00120,Manabí,Costa,Urbana,Hombre,34,12.0,32.0,607.8,0,Secundaria,6.411489806547476,Adulto
P00121,Tungurahua,Sierra,Rural,Mujer,20,14.0,52.0,557.78,1,Superior,6.325755835761622,Joven
P00123,Guayas,Costa,Urbana,Hombre,37,12.0,31.0,410.05,0,Secundaria,6.018714861598142,Adulto
P00124,Guayas,Costa,Urbana,Hombre,57,9.0,36.0,922.63,0,Secundaria,6.828311558546588,Mayor
P00125,Guayas,Costa,Urbana,Hombre,49,12.0,35.0,611.61,0,Secundaria,6.417728518130933,Mayor
P00126,Pichincha,Sierra,Rural,Hombre,56,10.0,34.0,508.51,0,Secundaria,6.233449479555548,Mayor
P00127,Tungurahua,Sierra,Urbana,Hombre,57,11.0,60.0,1148.96,1,Secundaria,7.047482438143671,Mayor
P00128,Los Ríos,Costa,Urbana,Hombre,54,15.0,35.0,1041.85,0,Superior,6.949712628742644,Mayor
P00129,Azuay,Sierra,Urbana,Mujer,35,11.0,34.0,312.14,0,Secundaria,5.746650374883377,Adulto
P00130,Manabí,Costa,Urbana,Hombre,47,11.0,29.0,429.14,0,Secundaria,6.064110737092836,Mayor
P00132,Imbabura,Sierra,Urbana,Hombre,50,13.0,43.0,1009.75,1,Superior,6.91844790852088,Mayor
P00133,Loja,Sierra,Rural,Mujer,60,10.0,16.0,836.22,0,Secundaria,6.730086879440828,Mayor
P00134,Chimborazo,Sierra,Urbana,Hombre,26,7.0,45.0,692.21,1,Secundaria,6.541332983588525,Joven
P00135,Guayas,Costa,Urbana,Mujer,18,18.0,29.0,837.94,0,Posgrado,6.732139190203186,Joven
P00136,Tungurahua,Sierra,Urbana,Hombre,24,10.0,65.0,559.35,1,Secundaria,6.328561588498037,Joven
P00137,Imbabura,Sierra,Rural,Hombre,61,10.0,41.0,186.25,0,Secundaria,5.232444622397329,Mayor
P00138,Esmeraldas,Costa,Rural,Mujer,32,11.0,38.0,655.08,0,Secundaria,6.486282732728156,Adulto
P00139,Guayas,Costa,Urbana,Hombre,60,16.0,39.0,974.23,0,Superior,6.8826733406143195,Mayor
P00140,Imbabura,Sierra,Urbana,Hombre,23,9.0,27.0,922.48,0,Secundaria,6.828149142664124,Joven
P00141,El Oro,Costa,Urbana,Hombre,52,12.0,46.0,1321.38,1,Secundaria,7.187188422375506,Mayor
P00143,Pichincha,Sierra,Urbana,Hombre,49,11.0,41.0,774.3,1,Secundaria,6.653250051224913,Mayor
P00144,Guayas,Costa,Urbana,Hombre,42,7.0,49.0,678.7,1,Secundaria,6.521651524352593,Adulto
P00145,Morona Santiago,Amazonía,Urbana,Hombre,47,16.0,49.0,1489.54,1,Superior,7.306893749390033,Mayor
P00146,Guayas,Costa,Urbana,Hombre,46,12.0,45.0,147.63,1,Secundaria,5.001459996160803,Mayor
P00147,Pichincha,Sierra,Urbana,Mujer,51,15.0,51.0,817.13,1,Superior,6.707021248181013,Mayor
P00148,Guayas,Costa,Urbana,Mujer,38,15.0,38.0,816.92,0,Superior,6.7067645323090606,Adulto
P00149,Pichincha,Sierra,Rural,Mujer,47,9.0,48.0,403.39,0,Secundaria,6.0023797588484875,Mayor
P00150,Guayas,Costa,Urbana,Hombre,37,8.0,33.0,924.58,0,Secundaria,6.830420568040142,Adulto
P00151,Sucumbíos,Amazonía,Rural,Hombre,46,17.0,23.0,490.78,0,Posgrado,6.19803146201739,Mayor
P00152,Guayas,Costa,Urbana,Hombre,37,16.0,32.0,925.19,0,Superior,6.83107939718422,Adulto
P00153,Manabí,Costa,Urbana,Mujer,52,11.0,43.0,474.2,1,Secundaria,6.1637357680484355,Mayor
P00154,Guayas,Costa,Urbana,Hombre,65,15.0,57.0,1318.81,1,Superior,7.185243065826208,Mayor
P00155,Tungurahua,Sierra,Urbana,Hombre,40,16.0,48.0,928.93,1,Superior,6.835109314497258,Adulto
P00157,Los Ríos,Costa,Urbana,Mujer,62,15.0,29.0,859.6,0,Superior,6.7576298204044996,Mayor
P00158,Guayas,Costa,Urbana,Mujer,43,16.0,41.0,231.16,0,Superior,5.447426789135878,Adulto
P00159,Pichincha,Sierra,Urbana,Hombre,45,14.0,56.0,737.59,1,Superior,6.604742963198728,Mayor
P00160,Loja,Sierra,Rural,Hombre,19,11.0,30.0,618.27,0,Secundaria,6.428541364981557,Joven
P00161,Manabí,Costa,Urbana,Mujer,65,16.0,27.0,424.28,0,Superior,6.052747775524881,Mayor
P00162,Guayas,Costa,Rural,Mujer,50,11.0,54.0,652.95,1,Secundaria,6.483030895935162,Mayor
P00163,Guayas,Costa,Urbana,Mujer,59,11.0,36.0,435.38,0,Secundaria,6.078513423394504,Mayor
P00164,Los Ríos,Costa,Urbana,Mujer,46,13.0,34.0,593.63,0,Superior,6.387939363378013,Mayor
P00165,Guayas,Costa,Rural,Mujer,46,10.0,41.0,446.47,0,Secundaria,6.1036094963615435,Mayor
P00166,Pichincha,Sierra,Urbana,Mujer,21,10.0,36.0,311.31,0,Secundaria,5.743996284269503,Joven
P00167,Morona Santiago,Amazonía,Rural,Hombre,40,12.0,30.0,223.44,0,Secundaria,5.413608410882771,Adulto
P00168,Pichincha,Sierra,Rural,Mujer,60,10.0,40.0,973.75,1,Secundaria,6.882181027862707,Mayor
P00169,Pichincha,Sierra,Rural,Mujer,25,8.0,44.0,572.95,1,Secundaria,6.352542284511506,Joven
P00170,Azuay,Sierra,Urbana,Mujer,31,8.0,35.0,579.14,0,Secundaria,6.363269453723511,Adulto
P00172,Guayas,Costa,Urbana,Mujer,51,8.0,64.0,618.01,1,Secundaria,6.428121427642957,Mayor
P00173,Manabí,Costa,Rural,Mujer,60,9.0,28.0,310.74,0,Secundaria,5.742169507060905,Mayor
P00174,Orellana,Amazonía,Rural,Mujer,46,10.0,47.0,373.96,0,Secundaria,5.926819353614451,Mayor
P00175,Orellana,Amazonía,Urbana,Mujer,19,13.0,33.0,941.7,0,Superior,6.848748098402105,Joven
P00176,Pichincha,Sierra,Urbana,Hombre,65,10.0,43.0,1045.65,1,Secundaria,6.953349866540529,Mayor
P00177,Esmeraldas,Costa,Urbana,Hombre,59,4.0,35.0,245.05,0,Primaria,5.505534767311987,Mayor
P00178,Pichincha,Sierra,Urbana,Mujer,58,9.0,42.0,311.52,0,Secundaria,5.744668467128544,Mayor
P00179,Los Ríos,Costa,Urbana,Hombre,52,8.0,37.0,349.41,0,Secundaria,5.859103897467798,Mayor
P00182,Imbabura,Sierra,Urbana,Mujer,26,19.0,59.0,619.81,1,Posgrado,6.431025076986695,Joven
P00183,Esmeraldas,Costa,Urbana,Mujer,33,10.0,30.0,617.35,0,Secundaria,6.427054640188066,Adulto
P00184,Morona Santiago,Amazonía,Rural,Mujer,53,5.0,37.0,143.03,0,Primaria,4.970021611210958,Mayor
P00185,Guayas,Costa,Rural,Mujer,37,10.0,44.0,263.44,0,Secundaria,5.577614382465377,Adulto
P00186,El Oro,Costa,Urbana,Mujer,61,10.0,29.0,301.35,0,Secundaria,5.711585286719222,Mayor
P00189,Tungurahua,Sierra,Urbana,Mujer,26,10.0,46.0,451.83,0,Secundaria,6.115516779111207,Joven
P00190,Guayas,Costa,Rural,Hombre,54,14.0,35.0,513.68,0,Superior,6.243545348316789,Mayor
P00191,Pichincha,Sierra,Urbana,Mujer,53,10.0,43.0,383.83,0,Secundaria,5.95280167833059,Mayor
P00192,Manabí,Costa,Urbana,Hombre,27,16.0,40.0,891.54,1,Superior,6.794071330576672,Joven
P00193,Azuay,Sierra,Rural,Mujer,37,10.0,37.0,488.48,0,Secundaria,6.193343603117468,Adulto
P00194,Manabí,Costa,Rural,Mujer,42,11.0,41.0,813.24,1,Secundaria,6.7022551628405225,Adulto
P00195,Tungurahua,Sierra,Urbana,Mujer,44,15.0,59.0,1022.04,0,Superior,6.930533865871476,Adulto
P00196,Azuay,Sierra,Rural,Hombre,20,14.0,33.0,478.7,0,Superior,6.173160908508018,Joven
P00197,Sucumbíos,Amazonía,Urbana,Mujer,62,12.0,44.0,870.33,1,Secundaria,6.770020779954034,Mayor
P00198,Pichincha,Sierra,Rural,Hombre,46,16.0,47.0,832.8,1,Superior,6.7259935654466965,Mayor
P00199,Guayas,Costa,Urbana,Mujer,63,9.0,46.0,403.53,0,Secundaria,6.002725899385,Mayor
P00200,Guayas,Costa,Urbana,Mujer,21,16.0,46.0,569.86,1,Superior,6.347143995705611,Joven
P00201,Los Ríos,Costa,Rural,Mujer,36,3.0,35.0,640.76,0,Primaria,6.464214402021743,Adulto
P00202,Tungurahua,Sierra,Urbana,Mujer,37,9.0,41.0,537.04,1,Secundaria,6.287932906840381,Adulto
P00203,Guayas,Costa,Urbana,Hombre,29,8.0,42.0,522.09,1,Secundaria,6.259753533390167,Joven
P00204,Loja,Sierra,Rural,Hombre,47,4.0,46.0,165.27,0,Primaria,5.113612973052288,Mayor
P00205,Los Ríos,Costa,Urbana,Hombre,54,13.0,49.0,1149.51,1,Superior,7.047960601310745,Mayor
P00206,Los Ríos,Costa,Urbana,Hombre,54,12.0,51.0,1068.28,1,Secundaria,6.97474080376276,Mayor
P00207,Pichincha,Sierra,Rural,Hombre,47,5.0,50.0,286.88,0,Primaria,5.662543726639604,Mayor
P00209,Chimborazo,Sierra,Urbana,Mujer,48,7.0,27.0,693.74,0,Secundaria,6.543537674852237,Mayor
P00210,Chimborazo,Sierra,Rural,Mujer,22,15.0,38.0,199.0,0,Superior,5.298317366548036,Joven
P00211,Guayas,Costa,Rural,Mujer,41,7.0,32.0,143.98,0,Secundaria,4.976595801872731,Adulto
P00212,Manabí,Costa,Urbana,Mujer,23,12.0,39.0,323.48,0,Secundaria,5.782223900962764,Joven
P00213,Guayas,Costa,Urbana,Mujer,19,15.0,50.0,630.33,1,Superior,6.44782870523293,Joven
P00214,Guayas,Costa,Urbana,Mujer,25,11.0,56.0,674.06,0,Secundaria,6.514801575811036,Joven
P00215,Pichincha,Sierra,Urbana,Hombre,60,8.0,40.0,942.85,1,Secundaria,6.849967255214743,Mayor
P00216,Guayas,Costa,Urbana,Mujer,18,9.0,44.0,444.47,0,Secundaria,6.09912990457608,Joven
P00217,Guayas,Costa,Urbana,Mujer,35,11.0,56.0,682.96,1,Secundaria,6.527899436380392,Adulto
P00218,Sucumbíos,Amazonía,Rural,Mujer,37,13.0,50.0,749.75,1,Superior,6.62107270686344,Adulto
P00219,Manabí,Costa,Rural,Hombre,28,10.0,51.0,772.24,0,Secundaria,6.650589479053491,Joven
P00220,Pichincha,Sierra,Urbana,Mujer,36,9.0,30.0,488.05,0,Secundaria,6.192464733736502,Adulto
P00221,Guayas,Costa,Rural,Hombre,18,3.0,31.0,420.22,1,Primaria,6.043155262513337,Joven
P00222,Azuay,Sierra,Urbana,Hombre,20,9.0,17.0,604.93,0,Secundaria,6.406764467846187,Joven
P00223,El Oro,Costa,Rural,Mujer,18,14.0,38.0,419.48,0,Superior,6.041396915856191,Joven
P00224,Manabí,Costa,Urbana,Mujer,56,20.0,42.0,926.34,1,Posgrado,6.832320272862047,Mayor
P00225,Guayas,Costa,Urbana,Mujer,29,15.0,46.0,1045.48,1,Superior,6.9531874303799714,Joven
P00226,Guayas,Costa,Urbana,Hombre,53,14.0,59.0,628.98,1,Superior,6.445688072849917,Mayor
P00227,Manabí,Costa,Urbana,Mujer,23,13.0,35.0,609.42,1,Superior,6.414147244833211,Joven
P00228,Morona Santiago,Amazonía,Urbana,Mujer,43,9.0,51.0,423.43,0,Secundaria,6.050747092271707,Adulto
P00229,Manabí,Costa,Urbana,Mujer,48,14.0,42.0,1307.5,1,Superior,7.1766367219702,Mayor
P00230,Chimborazo,Sierra,Urbana,Hombre,22,13.0,45.0,828.51,0,Superior,6.720835165012926,Joven
P00231,Pichincha,Sierra,Urbana,Mujer,43,11.0,37.0,538.59,0,Secundaria,6.290809591915768,Adulto
P00232,Guayas,Costa,Urbana,Mujer,61,16.0,26.0,477.81,0,Superior,6.1713038590129194,Mayor
P00233,Chimborazo,Sierra,Urbana,Mujer,54,8.0,35.0,380.57,0,Secundaria,5.944294320131503,Mayor
P00235,Azuay,Sierra,Urbana,Hombre,38,9.0,36.0,408.31,0,Secundaria,6.014472815156902,Adulto
P00236,Guayas,Costa,Urbana,Mujer,41,14.0,58.0,793.6,1,Superior,6.677838843380498,Adulto
P00237,Guayas,Costa,Urbana,Hombre,57,18.0,47.0,910.69,1,Posgrado,6.815300020010356,Mayor
P00238,Tungurahua,Sierra,Rural,Hombre,49,8.0,24.0,390.96,0,Secundaria,5.971159793767618,Mayor
P00240,Guayas,Costa,Rural,Mujer,36,6.0,32.0,141.95,0,Primaria,4.9624949187683205,Adulto
P00241,Los Ríos,Costa,Rural,Mujer,46,10.0,32.0,275.15,0,Secundaria,5.620944196347197,Mayor
P00242,Orellana,Amazonía,Rural,Hombre,37,11.0,51.0,285.59,0,Secundaria,5.658052622950026,Adulto
P00243,Galápagos,Insular,Rural,Hombre,57,15.0,41.0,1117.45,1,Superior,7.0196990772041215,Mayor
P00244,Azuay,Sierra,Rural,Hombre,46,4.0,33.0,395.34,0,Primaria,5.9822724287390665,Mayor
P00245,Pichincha,Sierra,Urbana,Hombre,62,8.0,31.0,302.33,0,Secundaria,5.714821321771417,Mayor
P00246,Pichincha,Sierra,Rural,Hombre,24,4.0,52.0,190.91,0,Primaria,5.257026512130156,Joven
P00247,Azuay,Sierra,Urbana,Mujer,45,4.0,34.0,312.1,0,Primaria,5.74652262833236,Mayor
P00248,Pichincha,Sierra,Urbana,Hombre,41,11.0,37.0,834.71,0,Secundaria,6.728281662952312,Adulto
P00249,Pichincha,Sierra,Urbana,Mujer,51,15.0,59.0,546.56,0,Superior,6.305472044727312,Mayor
P00250,Guayas,Costa,Urbana,Mujer,37,11.0,42.0,393.86,0,Secundaria,5.978531271696083,Adulto
P00251,Galápagos,Insular,Urbana,Hombre,18,13.0,36.0,506.27,0,Superior,6.229043406218447,Joven
P00252,Pichincha,Sierra,Rural,Hombre,33,6.0,39.0,153.41,0,Primaria,5.039611402332773,Adulto
P00253,Pichincha,Sierra,Urbana,Mujer,37,14.0,27.0,507.55,0,Superior,6.2315635390716055,Adulto
P00254,Sucumbíos,Amazonía,Urbana,Mujer,27,13.0,42.0,185.67,0,Superior,5.2293423520445055,Joven
P00255,El Oro,Costa,Rural,Hombre,55,11.0,37.0,489.48,0,Secundaria,6.195384503454433,Mayor
P00256,Loja,Sierra,Rural,Hombre,35,11.0,43.0,469.02,0,Secundaria,6.152775246990232,Adulto
P00257,Guayas,Costa,Urbana,Mujer,26,12.0,27.0,590.88,0,Secundaria,6.383303911634333,Joven
P00258,Orellana,Amazonía,Rural,Hombre,42,6.0,44.0,340.76,0,Primaria,5.834108736331776,Adulto
P00259,Morona Santiago,Amazonía,Rural,Hombre,50,5.0,17.0,162.92,0,Primaria,5.0993785039306445,Mayor
P00260,Manabí,Costa,Rural,Mujer,42,10.0,31.0,329.59,0,Secundaria,5.800878936895565,Adulto
P00261,Morona Santiago,Amazonía,Urbana,Hombre,23,6.0,52.0,255.67,0,Primaria,5.547791213108276,Joven
P00262,Manabí,Costa,Rural,Mujer,35,8.0,33.0,258.59,0,Secundaria,5.559103463286757,Adulto
P00263,Guayas,Costa,Urbana,Mujer,31,19.0,49.0,619.37,1,Posgrado,6.4303160742337795,Adulto
P00264,Los Ríos,Costa,Rural,Mujer,24,16.0,29.0,481.35,0,Superior,6.178669991616562,Joven
P00265,Tungurahua,Sierra,Urbana,Mujer,33,14.0,23.0,745.58,1,Superior,6.615502778015595,Adulto
P00266,Guayas,Costa,Urbana,Hombre,55,11.0,31.0,620.04,0,Secundaria,6.431395492097425,Mayor
P00267,Manabí,Costa,Rural,Hombre,49,5.0,36.0,235.98,0,Primaria,5.467975749388594,Mayor
P00268,Pichincha,Sierra,Rural,Mujer,21,12.0,40.0,487.92,1,Secundaria,6.192198876909062,Joven
P00269,Chimborazo,Sierra,Urbana,Hombre,41,9.0,36.0,317.02,0,Secundaria,5.762114273884251,Adulto
P00270,Manabí,Costa,Urbana,Hombre,55,13.0,44.0,1251.8,0,Superior,7.1331363252365385,Mayor
P00271,Pichincha,Sierra,Urbana,Hombre,46,12.0,41.0,1032.6,1,Secundaria,6.9408031330283375,Mayor
P00272,Orellana,Amazonía,Rural,Mujer,39,12.0,26.0,639.52,0,Secundaria,6.462280346454276,Adulto
P00273,Galápagos,Insular,Urbana,Mujer,56,9.0,54.0,530.87,0,Secundaria,6.276399098578398,Mayor
P00274,Loja,Sierra,Rural,Mujer,35,9.0,55.0,338.6,0,Secundaria,5.827768454437193,Adulto
P00275,Guayas,Costa,Urbana,Mujer,57,9.0,45.0,301.36,0,Secundaria,5.711618360423976,Mayor
P00276,El Oro,Costa,Urbana,Hombre,65,18.0,32.0,1315.22,0,Posgrado,7.182519271165651,Mayor
P00277,Pichincha,Sierra,Urbana,Mujer,58,14.0,39.0,769.49,0,Superior,6.647026676090614,Mayor
P00278,Pichincha,Sierra,Rural,Hombre,64,12.0,34.0,583.88,0,Secundaria,6.37140669798506,Mayor
P00279,Guayas,Costa,Rural,Hombre,41,12.0,33.0,533.26,0,Secundaria,6.280882611852812,Adulto
P00280,Guayas,Costa,Rural,Hombre,24,10.0,50.0,373.26,0,Secundaria,5.924950743049642,Joven
P00281,Loja,Sierra,Urbana,Mujer,61,18.0,38.0,737.72,0,Posgrado,6.604918958758679,Mayor
P00282,Pichincha,Sierra,Urbana,Hombre,56,16.0,42.0,346.08,0,Superior,5.849555300925289,Mayor
P00283,Pichincha,Sierra,Urbana,Hombre,19,13.0,49.0,725.78,1,Superior,6.588623818256766,Joven
P00284,Imbabura,Sierra,Urbana,Mujer,39,18.0,38.0,1199.79,0,Posgrado,7.090734952503097,Adulto
P00285,Chimborazo,Sierra,Urbana,Mujer,45,8.0,44.0,256.82,0,Secundaria,5.5522616670149585,Mayor
P00286,Chimborazo,Sierra,Urbana,Hombre,62,14.0,53.0,1554.82,1,Superior,7.349758016812814,Mayor
P00287,Loja,Sierra,Urbana,Hombre,37,14.0,41.0,481.55,1,Superior,6.179084542353145,Adulto
P00288,Morona Santiago,Amazonía,Urbana,Hombre,53,13.0,50.0,536.33,1,Superior,6.286612430905277,Mayor
P00289,Manabí,Costa,Urbana,Mujer,34,12.0,49.0,232.85,0,Secundaria,5.454679884171895,Adulto
P00290,Los Ríos,Costa,Urbana,Hombre,41,17.0,62.0,973.04,1,Posgrado,6.881452370561084,Adulto
P00291,Guayas,Costa,Urbana,Mujer,62,9.0,35.0,296.25,0,Secundaria,5.694573535570891,Mayor
P00292,Guayas,Costa,Rural,Mujer,41,11.0,41.0,582.38,1,Secundaria,6.368838775049621,Adulto
P00293,Sucumbíos,Amazonía,Rural,Mujer,29,9.0,23.0,351.7,0,Secundaria,5.865617837242006,Joven
P00294,Guayas,Costa,Rural,Hombre,47,13.0,40.0,683.49,1,Superior,6.52867403541799,Mayor
P00296,Azuay,Sierra,Rural,Hombre,25,9.0,45.0,437.51,0,Secundaria,6.0833826165693115,Joven
P00297,Pichincha,Sierra,Rural,Hombre,25,12.0,45.0,752.66,1,Secundaria,6.624941337927217,Joven
P00298,Pichincha,Sierra,Urbana,Mujer,22,9.0,47.0,280.3,0,Secundaria,5.6394217154958115,Joven
P00299,Manabí,Costa,Urbana,Mujer,59,15.0,46.0,979.46,1,Superior,6.888021849291748,Mayor
P00300,Imbabura,Sierra,Rural,Hombre,56,13.0,55.0,643.8,1,Superior,6.468940191192418,Mayor
P00301,Loja,Sierra,Urbana,Hombre,63,14.0,31.0,462.83,0,Superior,6.139518105782613,Mayor
P00302,Guayas,Costa,Urbana,Mujer,52,6.0,46.0,349.25,0,Primaria,5.858647185217117,Mayor
P00303,Pichincha,Sierra,Rural,Mujer,40,9.0,46.0,377.76,0,Secundaria,5.936902759115299,Adulto
P00304,Manabí,Costa,Rural,Mujer,55,7.0,34.0,725.96,0,Secundaria,6.588871455387092,Mayor
P00305,Pichincha,Sierra,Urbana,Mujer,34,10.0,47.0,470.14,1,Secundaria,6.15515528976446,Adulto
P00306,Guayas,Costa,Urbana,Hombre,52,16.0,30.0,1467.44,0,Superior,7.291955891785577,Mayor
P00307,Manabí,Costa,Urbana,Mujer,36,10.0,28.0,1001.13,0,Secundaria,6.909883013748199,Adulto
P00308,Guayas,Costa,Urbana,Mujer,60,6.0,15.0,392.36,0,Primaria,5.974725223103684,Mayor
P00309,Azuay,Sierra,Rural,Mujer,41,14.0,36.0,709.84,0,Superior,6.566447369317285,Adulto
P00310,Pichincha,Sierra,Urbana,Hombre,60,12.0,43.0,807.5,0,Secundaria,6.695180679017161,Mayor
P00311,Pichincha,Sierra,Urbana,Hombre,46,12.0,49.0,512.71,1,Secundaria,6.2416589038985055,Mayor
P00312,Esmeraldas,Costa,Urbana,Mujer,30,10.0,29.0,617.07,0,Secundaria,6.426601719651701,Adulto
P00313,Manabí,Costa,Urbana,Mujer,50,0.0,58.0,517.91,1,Primaria,6.251730457723942,Mayor
P00314,Chimborazo,Sierra,Urbana,Hombre,41,11.0,26.0,295.75,0,Secundaria,5.692890033489777,Adulto
P00315,Esmeraldas,Costa,Urbana,Hombre,44,10.0,70.0,300.78,0,Secundaria,5.709698275085505,Adulto
P00316,Pichincha,Sierra,Urbana,Mujer,61,14.0,38.0,1190.08,0,Superior,7.0826157375444705,Mayor
P00317,Guayas,Costa,Urbana,Mujer,35,13.0,22.0,355.85,0,Superior,5.877315525417076,Adulto
P00318,Manabí,Costa,Urbana,Mujer,41,11.0,50.0,622.55,1,Secundaria,6.435428954366756,Adulto
P00319,Pichincha,Sierra,Rural,Mujer,42,9.0,29.0,442.14,0,Secundaria,6.09388574720713,Adulto
P00320,Pichincha,Sierra,Urbana,Mujer,58,13.0,63.0,379.33,0,Superior,5.941039296913667,Mayor
P00321,Esmeraldas,Costa,Urbana,Mujer,54,8.0,38.0,250.78,0,Secundaria,5.528555690338113,Mayor
P00322,Esmeraldas,Costa,Urbana,Mujer,41,12.0,31.0,556.25,0,Secundaria,6.323013972265978,Adulto
P00323,Guayas,Costa,Rural,Mujer,38,9.0,21.0,360.16,0,Secundaria,5.8893210734392785,Adulto
P00324,Imbabura,Sierra,Urbana,Mujer,23,12.0,46.0,710.32,1,Secundaria,6.56712239887546,Joven
P00325,Manabí,Costa,Rural,Hombre,30,15.0,40.0,286.96,0,Superior,5.6628215816011025,Adulto
P00326,Loja,Sierra,Urbana,Mujer,50,19.0,16.0,947.78,0,Posgrado,6.8551769487632805,Mayor
P00327,Guayas,Costa,Rural,Mujer,36,11.0,45.0,424.88,0,Secundaria,6.054157616446405,Adulto
P00328,Azuay,Sierra,Urbana,Hombre,41,18.0,12.0,1094.94,0,Posgrado,6.999367721483877,Adulto
P00329,Chimborazo,Sierra,Urbana,Mujer,42,8.0,34.0,508.86,0,Secundaria,6.234136178229737,Adulto
P00330,Los Ríos,Costa,Rural,Mujer,49,8.0,38.0,361.57,0,Secundaria,5.893217559100934,Mayor
P00331,Guayas,Costa,Urbana,Mujer,61,13.0,45.0,1190.2,1,Superior,7.0827164813698,Mayor
P00332,Chimborazo,Sierra,Urbana,Mujer,48,13.0,45.0,927.67,1,Superior,6.8337534550406485,Mayor
P00334,Imbabura,Sierra,Urbana,Hombre,21,14.0,47.0,726.37,1,Superior,6.589435288919868,Joven
P00335,Imbabura,Sierra,Rural,Mujer,39,13.0,63.0,385.07,0,Superior,5.956018700173683,Adulto
P00336,Guayas,Costa,Urbana,Hombre,28,8.0,37.0,642.7,0,Secundaria,6.467232779058571,Joven
P00337,Esmeraldas,Costa,Urbana,Hombre,27,18.0,38.0,967.77,0,Posgrado,6.876027225615738,Joven
P00338,Azuay,Sierra,Urbana,Hombre,46,15.0,46.0,938.62,1,Superior,6.845475538211691,Mayor
P00339,Morona Santiago,Amazonía,Rural,Hombre,56,5.0,44.0,850.17,1,Primaria,6.746611873605381,Mayor
P00340,Orellana,Amazonía,Urbana,Hombre,36,10.0,52.0,674.34,1,Secundaria,6.515216267760106,Adulto
P00341,Sucumbíos,Amazonía,Rural,Mujer,37,7.0,47.0,243.38,0,Secundaria,5.498724390888376,Adulto
P00342,Sucumbíos,Amazonía,Rural,Hombre,31,10.0,45.0,369.3,0,Secundaria,5.914313487919567,Adulto
P00343,Pichincha,Sierra,Urbana,Mujer,50,9.0,41.0,530.94,1,Secundaria,6.276530701026394,Mayor
P00344,Tungurahua,Sierra,Urbana,Mujer,65,11.0,34.0,623.64,0,Secundaria,6.437175483784673,Mayor
P00345,Loja,Sierra,Urbana,Hombre,63,15.0,43.0,602.15,1,Superior,6.402165922011393,Mayor
P00346,Manabí,Costa,Urbana,Mujer,22,11.0,57.0,299.25,1,Secundaria,5.704615460960093,Joven
P00347,Manabí,Costa,Rural,Hombre,55,9.0,37.0,407.5,0,Secundaria,6.012491914300058,Mayor
P00348,Guayas,Costa,Urbana,Mujer,47,6.0,52.0,411.85,0,Primaria,6.023084330863438,Mayor
P00349,Pichincha,Sierra,Urbana,Mujer,19,19.0,52.0,920.73,1,Posgrado,6.826252339021515,Joven
P00350,Los Ríos,Costa,Urbana,Hombre,49,11.0,24.0,434.37,0,Secundaria,6.07619624426765,Mayor
P00351,Pichincha,Sierra,Urbana,Mujer,28,13.0,40.0,288.5,1,Superior,5.66815529701305,Joven
P00352,Loja,Sierra,Urbana,Mujer,65,10.0,29.0,547.22,0,Secundaria,6.306676666238585,Mayor
P00353,Pichincha,Sierra,Urbana,Mujer,35,11.0,59.0,886.97,1,Secundaria,6.788937958637701,Adulto
P00354,Guayas,Costa,Urbana,Mujer,34,12.0,54.0,706.86,1,Secundaria,6.562246334027572,Adulto
P00355,Pichincha,Sierra,Rural,Mujer,60,5.0,63.0,349.36,0,Primaria,5.858961197294889,Mayor
P00356,Tungurahua,Sierra,Rural,Hombre,49,14.0,49.0,772.31,1,Superior,6.650680003123257,Mayor
P00357,Guayas,Costa,Urbana,Mujer,32,11.0,51.0,660.01,1,Secundaria,6.493768968330291,Adulto
P00358,Azuay,Sierra,Rural,Hombre,63,14.0,50.0,423.53,0,Superior,6.050982674632389,Mayor
P00359,Guayas,Costa,Urbana,Hombre,35,12.0,32.0,584.04,0,Secundaria,6.371680220962696,Adulto
P00361,Tungurahua,Sierra,Rural,Mujer,57,13.0,44.0,249.94,0,Superior,5.525213866731554,Mayor
P00362,Pichincha,Sierra,Urbana,Hombre,40,15.0,36.0,1545.78,0,Superior,7.343930629729716,Adulto
P00363,Los Ríos,Costa,Rural,Hombre,57,9.0,18.0,348.74,0,Secundaria,5.857190021285513,Mayor
P00365,Orellana,Amazonía,Rural,Mujer,56,14.0,50.0,847.02,1,Superior,6.742904220419444,Mayor
P00367,Chimborazo,Sierra,Rural,Mujer,44,8.0,66.0,339.38,1,Secundaria,5.830062640566531,Adulto
P00368,Pichincha,Sierra,Rural,Mujer,27,14.0,49.0,282.59,0,Superior,5.647529533105403,Joven
P00369,Galápagos,Insular,Urbana,Hombre,52,16.0,50.0,931.5,1,Superior,6.837869151517971,Mayor
P00370,Guayas,Costa,Rural,Mujer,31,17.0,52.0,689.91,1,Posgrado,6.53800956926466,Adulto
P00371,Guayas,Costa,Urbana,Mujer,38,13.0,58.0,552.65,1,Superior,6.316532718144117,Adulto
P00373,Esmeraldas,Costa,Urbana,Mujer,49,11.0,46.0,750.7,1,Secundaria,6.622337308183424,Mayor
P00374,Azuay,Sierra,Urbana,Mujer,58,11.0,36.0,386.55,0,Secundaria,5.959844872727521,Mayor
P00375,Morona Santiago,Amazonía,Urbana,Mujer,42,9.0,27.0,312.42,0,Secundaria,5.74754414409507,Adulto
P00376,Pichincha,Sierra,Urbana,Mujer,27,9.0,42.0,160.24,0,Secundaria,5.082893938248965,Joven
P00377,Chimborazo,Sierra,Urbana,Hombre,40,14.0,50.0,981.53,1,Superior,6.890130877628398,Adulto
P00378,Guayas,Costa,Urbana,Hombre,43,14.0,63.0,1014.57,1,Superior,6.923205310205576,Adulto
P00379,Guayas,Costa,Urbana,Hombre,24,13.0,44.0,721.08,1,Superior,6.582135936078691,Joven
P00380,Tungurahua,Sierra,Rural,Hombre,53,11.0,44.0,283.3,0,Secundaria,5.650030018656954,Mayor
P00381,Pichincha,Sierra,Urbana,Hombre,50,10.0,46.0,366.72,0,Secundaria,5.907321778995554,Mayor
P00383,Azuay,Sierra,Urbana,Hombre,34,8.0,31.0,449.57,0,Secundaria,6.110513447885599,Adulto
P00384,Pichincha,Sierra,Rural,Hombre,27,7.0,49.0,469.57,0,Secundaria,6.153944725854957,Joven
P00385,Guayas,Costa,Rural,Mujer,23,15.0,43.0,1083.09,1,Superior,6.988496204383396,Joven
P00386,Guayas,Costa,Rural,Mujer,43,10.0,43.0,515.55,1,Secundaria,6.2471720892954545,Adulto
P00387,Guayas,Costa,Urbana,Mujer,46,14.0,35.0,453.2,0,Superior,6.118537629671458,Mayor
P00388,Orellana,Amazonía,Urbana,Mujer,38,15.0,61.0,543.63,1,Superior,6.300106665024337,Adulto
P00389,El Oro,Costa,Rural,Mujer,48,7.0,40.0,195.52,0,Secundaria,5.2807642073004475,Mayor
P00390,Pichincha,Sierra,Urbana,Mujer,18,13.0,44.0,526.55,1,Superior,6.268243647588101,Joven
P00391,Loja,Sierra,Urbana,Mujer,45,19.0,32.0,1114.77,1,Posgrado,7.017300028511173,Mayor
P00394,Guayas,Costa,Urbana,Hombre,25,9.0,59.0,399.82,0,Secundaria,5.993512448725283,Joven
P00395,El Oro,Costa,Rural,Mujer,58,11.0,15.0,191.27,0,Secundaria,5.258900634184245,Mayor
P00396,Imbabura,Sierra,Urbana,Hombre,23,14.0,40.0,612.74,1,Superior,6.419571385696971,Joven
P00397,Guayas,Costa,Rural,Mujer,58,11.0,37.0,297.65,0,Secundaria,5.699272319178315,Mayor
P00398,Esmeraldas,Costa,Urbana,Mujer,29,13.0,32.0,679.03,0,Superior,6.522136914844056,Joven
P00399,El Oro,Costa,Urbana,Hombre,54,7.0,39.0,592.84,0,Secundaria,6.386609922809291,Mayor
P00400,El Oro,Costa,Rural,Hombre,62,10.0,45.0,298.13,0,Secundaria,5.700878261508811,Mayor
P00401,Guayas,Costa,Rural,Hombre,34,11.0,42.0,314.32,1,Secundaria,5.753587996191707,Adulto
P00403,Guayas,Costa,Urbana,Hombre,25,8.0,46.0,771.11,1,Secundaria,6.649127026921093,Joven
P00404,Pichincha,Sierra,Urbana,Mujer,47,10.0,54.0,199.44,0,Secundaria,5.300514950091524,Mayor
P00405,Pichincha,Sierra,Rural,Mujer,39,11.0,28.0,586.57,0,Secundaria,6.375995387856814,Adulto
P00406,Tungurahua,Sierra,Urbana,Hombre,48,15.0,64.0,551.44,1,Superior,6.314344830209728,Mayor
P00407,Guayas,Costa,Urbana,Mujer,33,7.0,48.0,298.77,0,Secundaria,5.70301551395035,Adulto
P00408,Loja,Sierra,Urbana,Mujer,57,12.0,28.0,247.66,0,Secundaria,5.516086501524791,Mayor
P00409,Pichincha,Sierra,Urbana,Mujer,59,13.0,55.0,1295.94,1,Superior,7.167762922645002,Mayor
P00410,Loja,Sierra,Urbana,Mujer,30,13.0,51.0,1269.97,1,Superior,7.147535667449047,Adulto
P00411,Guayas,Costa,Urbana,Hombre,58,17.0,35.0,920.4,0,Posgrado,6.825894252501817,Mayor
P00412,Chimborazo,Sierra,Rural,Mujer,33,6.0,37.0,747.43,0,Primaria,6.617977679112299,Adulto
P00413,Sucumbíos,Amazonía,Rural,Mujer,24,8.0,26.0,286.53,0,Secundaria,5.661327202619637,Joven
P00414,Imbabura,Sierra,Rural,Hombre,58,8.0,41.0,518.69,1,Secundaria,6.253232479958959,Mayor
P00416,Pichincha,Sierra,Rural,Mujer,51,4.0,33.0,204.85,0,Primaria,5.327147748215913,Mayor
P00417,Los Ríos,Costa,Urbana,Mujer,47,18.0,36.0,649.78,0,Posgrado,6.478171643465165,Mayor
P00418,Manabí,Costa,Urbana,Mujer,49,18.0,26.0,860.85,0,Posgrado,6.7590812416004,Mayor
P00419,Pichincha,Sierra,Urbana,Mujer,53,9.0,34.0,794.28,0,Secundaria,6.67869425390389,Mayor
P00420,Manabí,Costa,Urbana,Hombre,44,14.0,18.0,702.23,0,Superior,6.555684007577006,Adulto
P00421,Pichincha,Sierra,Urbana,Hombre,21,12.0,48.0,423.46,0,Secundaria,6.050817772807495,Joven
P00422,Azuay,Sierra,Rural,Hombre,51,14.0,38.0,1240.05,0,Superior,7.123713074481621,Mayor
P00423,El Oro,Costa,Rural,Mujer,54,13.0,38.0,691.58,0,Superior,6.540423754854876,Mayor
P00425,Guayas,Costa,Rural,Mujer,65,15.0,36.0,451.86,0,Superior,6.115583026944376,Mayor
P00426,Guayas,Costa,Urbana,Hombre,55,13.0,43.0,1226.69,1,Superior,7.112889633841248,Mayor
P00427,Guayas,Costa,Urbana,Hombre,52,10.0,41.0,1287.29,1,Secundaria,7.161071036600156,Mayor
P00428,Pichincha,Sierra,Rural,Hombre,65,5.0,29.0,318.03,0,Primaria,5.765285142250143,Mayor
P00429,Orellana,Amazonía,Rural,Hombre,20,5.0,36.0,219.17,1,Primaria,5.394399975225081,Joven
P00430,Chimborazo,Sierra,Rural,Mujer,62,10.0,54.0,589.01,1,Secundaria,6.380139485908672,Mayor
P00431,El Oro,Costa,Rural,Mujer,31,7.0,48.0,291.92,0,Secundaria,5.679899534192869,Adulto
P00432,Pichincha,Sierra,Urbana,Mujer,30,14.0,34.0,991.95,0,Superior,6.9006803103101735,Adulto
P00434,Orellana,Amazonía,Rural,Mujer,56,6.0,16.0,350.3,0,Primaria,5.861640559271781,Mayor
P00435,Pichincha,Sierra,Urbana,Mujer,38,16.0,36.0,700.84,0,Superior,6.553705457820128,Adulto
P00436,Pichincha,Sierra,Rural,Mujer,31,5.0,45.0,310.19,0,Primaria,5.7404036581118465,Adulto
P00437,Los Ríos,Costa,Urbana,Mujer,60,13.0,50.0,840.03,1,Superior,6.734627331155987,Mayor
P00438,Guayas,Costa,Urbana,Mujer,20,13.0,53.0,622.04,1,Superior,6.434610722183835,Joven
P00439,Guayas,Costa,Rural,Hombre,24,7.0,35.0,428.36,0,Secundaria,6.062295727868573,Joven
P00440,Guayas,Costa,Urbana,Hombre,51,16.0,39.0,760.23,0,Superior,6.63493554610098,Mayor
P00441,Imbabura,Sierra,Urbana,Mujer,49,10.0,52.0,613.77,1,Secundaria,6.4212482141173215,Mayor
P00442,Azuay,Sierra,Urbana,Mujer,61,16.0,35.0,820.22,0,Superior,6.71079103945123,Mayor
P00443,Los Ríos,Costa,Urbana,Mujer,40,16.0,27.0,610.2,0,Superior,6.415424237852311,Adulto
P00444,Azuay,Sierra,Urbana,Mujer,52,10.0,58.0,1124.93,1,Secundaria,7.02636463980449,Mayor
P00445,Guayas,Costa,Urbana,Hombre,40,12.0,29.0,1488.58,0,Secundaria,7.306249480009466,Adulto
P00447,Loja,Sierra,Rural,Mujer,40,9.0,34.0,412.54,0,Secundaria,6.024754244972624,Adulto
P00448,Guayas,Costa,Rural,Hombre,41,13.0,38.0,324.91,0,Superior,5.7866212696317385,Adulto
P00449,El Oro,Costa,Urbana,Hombre,44,9.0,23.0,301.54,0,Secundaria,5.7122135001340535,Adulto
P00450,El Oro,Costa,Rural,Hombre,43,6.0,53.0,386.27,0,Primaria,5.959122124186727,Adulto
P00451,Morona Santiago,Amazonía,Rural,Mujer,27,11.0,42.0,323.7,0,Secundaria,5.7829016791088,Joven
P00452,Pichincha,Sierra,Urbana,Mujer,26,6.0,31.0,222.75,0,Primaria,5.410529357154965,Joven
P00454,Tungurahua,Sierra,Urbana,Hombre,65,9.0,42.0,404.21,0,Secundaria,6.004405451240783,Mayor
P00456,Pichincha,Sierra,Urbana,Hombre,64,13.0,33.0,1526.41,0,Superior,7.33132876950631,Mayor
P00457,Chimborazo,Sierra,Urbana,Mujer,29,17.0,40.0,687.26,1,Posgrado,6.534166673521232,Joven
P00458,Loja,Sierra,Rural,Hombre,63,16.0,22.0,1035.43,0,Superior,6.943537394621777,Mayor
P00459,Guayas,Costa,Urbana,Mujer,34,12.0,33.0,480.78,0,Secundaria,6.17748757831875,Adulto
P00460,Pichincha,Sierra,Urbana,Hombre,31,16.0,41.0,1262.83,1,Superior,7.141902071990832,Adulto
P00461,Esmeraldas,Costa,Rural,Mujer,24,8.0,44.0,130.56,0,Secundaria,4.8794630213208565,Joven
P00462,Manabí,Costa,Rural,Hombre,40,6.0,40.0,317.33,0,Primaria,5.7630885805536085,Adulto
P00463,Sucumbíos,Amazonía,Urbana,Mujer,48,18.0,51.0,958.06,1,Posgrado,6.8659536380983734,Mayor
P00464,Manabí,Costa,Urbana,Mujer,24,12.0,53.0,703.09,1,Secundaria,6.556906188896181,Joven
P00465,Guayas,Costa,Urbana,Hombre,29,16.0,39.0,631.97,0,Superior,6.4504230276561465,Joven
P00466,Pichincha,Sierra,Urbana,Hombre,27,13.0,43.0,1011.97,1,Superior,6.920641888805215,Joven
P00468,Imbabura,Sierra,Rural,Hombre,44,7.0,29.0,495.19,0,Secundaria,6.206958917890576,Adulto
P00469,Pichincha,Sierra,Urbana,Mujer,32,15.0,38.0,1116.35,0,Superior,7.018715089290395,Adulto
P00470,Guayas,Costa,Rural,Hombre,42,4.0,26.0,159.18,0,Primaria,5.0762981828955365,Adulto
P00471,Guayas,Costa,Urbana,Hombre,28,17.0,44.0,737.94,1,Posgrado,6.605216726853675,Joven
P00472,Tungurahua,Sierra,Rural,Mujer,20,12.0,57.0,932.75,1,Secundaria,6.839208736447027,Joven
P00473,Pichincha,Sierra,Rural,Mujer,27,14.0,47.0,823.86,0,Superior,6.715213674964824,Joven
P00474,Chimborazo,Sierra,Urbana,Mujer,49,9.0,40.0,222.89,0,Secundaria,5.411154859811406,Mayor
P00475,Guayas,Costa,Rural,Hombre,42,9.0,27.0,292.55,0,Secundaria,5.682047982510195,Adulto
P00476,Esmeraldas,Costa,Rural,Hombre,44,12.0,49.0,1277.04,1,Secundaria,7.153082933352218,Adulto
P00478,Chimborazo,Sierra,Rural,Mujer,53,6.0,45.0,328.47,0,Primaria,5.797485302756558,Mayor
P00479,Guayas,Costa,Rural,Mujer,64,3.0,39.0,121.13,0,Primaria,4.805086051182997,Mayor
P00480,Esmeraldas,Costa,Rural,Hombre,38,13.0,33.0,731.05,0,Superior,6.595848817639491,Adulto
P00481,Guayas,Costa,Rural,Mujer,21,13.0,41.0,591.57,1,Superior,6.384469009490813,Joven
P00482,Guayas,Costa,Urbana,Mujer,25,18.0,40.0,1492.77,1,Posgrado,7.309058404711526,Joven
P00483,Pichincha,Sierra,Urbana,Hombre,38,16.0,39.0,1406.17,0,Superior,7.249335874264886,Adulto
P00484,Azuay,Sierra,Urbana,Mujer,44,10.0,33.0,245.47,0,Secundaria,5.507240282222274,Adulto
P00485,Pichincha,Sierra,Urbana,Mujer,32,15.0,43.0,440.02,0,Superior,6.089090225892422,Adulto
P00486,Orellana,Amazonía,Rural,Hombre,45,4.0,25.0,257.78,0,Primaria,5.555978279887807,Mayor
P00487,Pichincha,Sierra,Urbana,Hombre,42,18.0,50.0,1107.17,1,Posgrado,7.010465285141,Adulto
P00488,Azuay,Sierra,Urbana,Mujer,41,6.0,36.0,339.93,0,Primaria,5.831677177618607,Adulto
P00489,Esmeraldas,Costa,Urbana,Mujer,46,10.0,39.0,322.67,0,Secundaria,5.779724478231358,Mayor
P00490,Pichincha,Sierra,Urbana,Mujer,18,8.0,22.0,472.17,0,Secundaria,6.159454731954163,Joven
P00491,El Oro,Costa,Rural,Hombre,29,10.0,44.0,879.73,1,Secundaria,6.7807511090441315,Joven
P00492,Manabí,Costa,Rural,Hombre,21,12.0,37.0,246.77,0,Secundaria,5.512500896490735,Joven
P00493,Loja,Sierra,Urbana,Mujer,21,6.0,58.0,288.48,1,Primaria,5.668086209997927,Joven
P00494,Imbabura,Sierra,Urbana,Mujer,36,14.0,40.0,711.02,1,Superior,6.568106000905103,Adulto
P00495,Esmeraldas,Costa,Urbana,Mujer,22,7.0,40.0,480.08,1,Secundaria,6.176033576442416,Joven
P00496,Los Ríos,Costa,Urbana,Mujer,18,10.0,36.0,441.79,0,Secundaria,6.093095617020301,Joven
P00497,Manabí,Costa,Urbana,Hombre,23,17.0,32.0,992.75,0,Posgrado,6.901485665968542,Joven
P00498,Guayas,Costa,Rural,Hombre,56,9.0,43.0,324.84,0,Secundaria,5.786406463340157,Mayor
P00499,Pichincha,Sierra,Urbana,Hombre,26,13.0,38.0,500.0,0,Superior,6.2166061010848646,Joven
P00500,Pichincha,Sierra,Urbana,Mujer,65,14.0,31.0,1006.98,0,Superior,6.915703607164632,Mayor
P00501,Chimborazo,Sierra,Rural,Hombre,37,15.0,51.0,1461.19,1,Superior,7.287690590826118,Adulto
P00504,Guayas,Costa,Rural,Hombre,55,9.0,53.0,606.82,1,Secundaria,6.4098787855023565,Mayor
P00505,Pichincha,Sierra,Rural,Hombre,39,4.0,41.0,264.77,0,Primaria,5.58263127309205,Adulto
P00506,Guayas,Costa,Urbana,Mujer,58,9.0,53.0,569.2,1,Secundaria,6.345987176478571,Mayor
P00507,Guayas,Costa,Urbana,Mujer,65,12.0,32.0,374.54,0,Secundaria,5.928364990164665,Mayor
P00508,Pichincha,Sierra,Urbana,Hombre,18,17.0,38.0,748.91,0,Posgrado,6.61995319932978,Joven
P00509,Guayas,Costa,Rural,Mujer,24,8.0,32.0,513.33,0,Secundaria,6.24286508279265,Joven
P00511,Guayas,Costa,Urbana,Hombre,40,18.0,50.0,1595.79,0,Posgrado,7.37575064301254,Adulto
P00512,Azuay,Sierra,Urbana,Hombre,39,15.0,33.0,373.25,0,Superior,5.924924023299738,Adulto
P00513,Galápagos,Insular,Urbana,Mujer,47,12.0,38.0,1102.51,0,Secundaria,7.0062512877309455,Mayor
P00514,Guayas,Costa,Urbana,Hombre,40,7.0,45.0,311.86,0,Secundaria,5.745755806133625,Adulto
P00515,Manabí,Costa,Urbana,Hombre,44,7.0,9.0,521.72,0,Secundaria,6.25904594785276,Adulto
P00516,Morona Santiago,Amazonía,Urbana,Hombre,20,10.0,37.0,387.0,0,Secundaria,5.961005339623274,Joven
P00517,Azuay,Sierra,Rural,Hombre,46,12.0,41.0,665.34,1,Secundaria,6.501800050784742,Mayor
P00518,El Oro,Costa,Rural,Mujer,58,11.0,52.0,424.06,0,Secundaria,6.052230335430545,Mayor
P00519,Manabí,Costa,Rural,Hombre,32,11.0,47.0,623.19,1,Secundaria,6.436454809202101,Adulto
P00520,Pichincha,Sierra,Urbana,Mujer,55,17.0,33.0,621.96,0,Posgrado,6.434482311268731,Mayor
P00521,Imbabura,Sierra,Urbana,Mujer,20,15.0,57.0,250.68,1,Superior,5.528158439309967,Joven
P00522,Sucumbíos,Amazonía,Urbana,Hombre,29,18.0,52.0,539.67,1,Posgrado,6.292809111216357,Joven
P00523,Sucumbíos,Amazonía,Rural,Mujer,43,13.0,40.0,1096.8,1,Superior,7.001063456115789,Adulto
P00524,Manabí,Costa,Urbana,Mujer,31,12.0,29.0,210.74,0,Secundaria,5.355359106915234,Adulto
P00525,Guayas,Costa,Rural,Mujer,56,12.0,30.0,621.52,0,Secundaria,6.433775756336809,Mayor
P00526,Tungurahua,Sierra,Rural,Hombre,33,12.0,47.0,1266.33,1,Secundaria,7.144667604182171,Adulto
P00527,Orellana,Amazonía,Rural,Hombre,54,14.0,23.0,515.83,0,Superior,6.247714000319187,Mayor
P00529,Guayas,Costa,Urbana,Mujer,56,9.0,26.0,223.35,0,Secundaria,5.413207332421992,Mayor
P00530,Orellana,Amazonía,Rural,Mujer,19,17.0,37.0,454.69,0,Posgrado,6.1218127537674825,Joven
P00531,Loja,Sierra,Urbana,Hombre,55,15.0,34.0,727.16,0,Superior,6.590520804268332,Mayor
P00532,Chimborazo,Sierra,Urbana,Hombre,42,8.0,36.0,790.86,0,Secundaria,6.674384608512411,Adulto
P00533,Pichincha,Sierra,Urbana,Mujer,64,6.0,32.0,321.69,0,Primaria,5.776692110043519,Mayor
P00535,Loja,Sierra,Urbana,Hombre,30,14.0,50.0,952.7,1,Superior,6.860349156584867,Adulto
P00536,Pichincha,Sierra,Rural,Hombre,49,7.0,27.0,427.18,0,Secundaria,6.059543667918576,Mayor
P00537,Manabí,Costa,Urbana,Mujer,48,15.0,56.0,1272.16,1,Superior,7.149257278012123,Mayor
P00538,Pichincha,Sierra,Rural,Mujer,19,10.0,32.0,469.7,0,Secundaria,6.154220948407096,Joven
P00539,Loja,Sierra,Urbana,Mujer,26,10.0,39.0,581.93,0,Secundaria,6.368067110531045,Joven
P00540,El Oro,Costa,Rural,Hombre,33,7.0,52.0,424.01,0,Secundaria,6.05211269805937,Adulto
P00542,Esmeraldas,Costa,Urbana,Hombre,33,9.0,54.0,424.32,0,Secundaria,6.052841826782886,Adulto
P00543,Los Ríos,Costa,Rural,Hombre,30,7.0,38.0,510.79,0,Secundaria,6.237914384652426,Adulto
P00544,Pichincha,Sierra,Urbana,Hombre,18,13.0,54.0,822.62,1,Superior,6.713709258491623,Joven
P00545,Los Ríos,Costa,Urbana,Mujer,27,11.0,36.0,450.01,0,Secundaria,6.111489512205864,Joven
P00546,Manabí,Costa,Urbana,Hombre,34,5.0,23.0,344.65,0,Primaria,5.845426702391274,Adulto
P00547,Pichincha,Sierra,Rural,Hombre,21,13.0,41.0,432.2,1,Superior,6.071199515126835,Joven
P00548,Guayas,Costa,Urbana,Mujer,45,13.0,26.0,280.92,0,Superior,5.641623342747815,Mayor
P00549,Manabí,Costa,Rural,Mujer,40,15.0,48.0,617.19,1,Superior,6.42679585357236,Adulto
P00550,Esmeraldas,Costa,Rural,Hombre,48,9.0,44.0,400.06,0,Secundaria,5.994111042048887,Mayor
P00551,Chimborazo,Sierra,Rural,Hombre,42,8.0,37.0,339.17,0,Secundaria,5.829445492651859,Adulto
P00554,Esmeraldas,Costa,Rural,Hombre,46,11.0,38.0,667.45,0,Secundaria,6.504961599429132,Mayor
P00555,El Oro,Costa,Rural,Hombre,59,4.0,14.0,199.58,0,Primaria,5.301213169660063,Mayor
P00556,Esmeraldas,Costa,Urbana,Hombre,47,8.0,32.0,278.18,0,Secundaria,5.631856735084612,Mayor
P00557,El Oro,Costa,Rural,Mujer,54,13.0,46.0,197.82,0,Superior,5.292399892783999,Mayor
P00558,Guayas,Costa,Urbana,Hombre,60,13.0,47.0,407.1,0,Superior,6.01151224241176,Mayor
P00559,Manabí,Costa,Urbana,Hombre,55,15.0,27.0,1053.43,0,Superior,6.96075561554379,Mayor
P00560,Manabí,Costa,Urbana,Mujer,51,13.0,61.0,393.53,0,Superior,5.977695183021983,Mayor
P00561,Chimborazo,Sierra,Urbana,Hombre,51,14.0,22.0,1355.46,0,Superior,7.212633644012171,Mayor
P00562,Guayas,Costa,Urbana,Mujer,23,15.0,33.0,852.36,0,Superior,6.749181498317228,Joven
P00563,Guayas,Costa,Urbana,Hombre,64,14.0,28.0,655.52,0,Superior,6.486953157863735,Mayor
P00564,Loja,Sierra,Rural,Mujer,53,11.0,52.0,403.95,0,Secundaria,6.003763602694999,Mayor
P00565,Guayas,Costa,Urbana,Hombre,42,11.0,37.0,475.15,0,Secundaria,6.165732930640055,Adulto
P00566,Azuay,Sierra,Urbana,Mujer,59,11.0,36.0,552.28,0,Secundaria,6.315864202494925,Mayor
P00567,Morona Santiago,Amazonía,Rural,Mujer,47,13.0,36.0,630.32,0,Superior,6.447812865530716,Mayor
P00569,Tungurahua,Sierra,Urbana,Hombre,62,13.0,31.0,720.1,0,Superior,6.5807778239227135,Mayor
P00570,Orellana,Amazonía,Urbana,Mujer,37,9.0,30.0,339.44,0,Secundaria,5.83023889860876,Adulto
P00571,Imbabura,Sierra,Urbana,Mujer,27,12.0,22.0,571.1,0,Secundaria,6.349313801274483,Joven
P00572,Orellana,Amazonía,Rural,Mujer,35,9.0,31.0,492.18,0,Secundaria,6.20087421896755,Adulto
P00573,El Oro,Costa,Urbana,Hombre,31,8.0,52.0,923.03,1,Secundaria,6.828744538647093,Adulto
P00574,Manabí,Costa,Rural,Hombre,55,10.0,56.0,402.15,0,Secundaria,5.999308701131031,Mayor
P00575,Guayas,Costa,Urbana,Mujer,32,3.0,44.0,297.34,0,Primaria,5.698233775725784,Adulto
P00576,Guayas,Costa,Urbana,Mujer,30,11.0,17.0,359.69,0,Secundaria,5.888018863654928,Adulto
P00577,Manabí,Costa,Urbana,Hombre,50,5.0,39.0,840.06,0,Primaria,6.734663001066637,Mayor
P00578,Pichincha,Sierra,Rural,Mujer,36,11.0,25.0,552.72,0,Secundaria,6.3166591438195345,Adulto
P00579,Pichincha,Sierra,Rural,Hombre,43,8.0,40.0,571.0,1,Secundaria,6.349138991379798,Adulto
P00580,Imbabura,Sierra,Urbana,Hombre,18,8.0,39.0,296.78,0,Secundaria,5.6963549588274045,Joven
P00581,Tungurahua,Sierra,Urbana,Mujer,52,14.0,53.0,408.43,0,Superior,6.014765948510248,Mayor
P00582,Pichincha,Sierra,Urbana,Mujer,20,16.0,29.0,454.15,0,Superior,6.120627034951298,Joven
P00583,Pichincha,Sierra,Rural,Mujer,63,4.0,43.0,206.68,0,Primaria,5.335998433515726,Mayor
P00585,Guayas,Costa,Urbana,Hombre,52,9.0,43.0,486.35,1,Secundaria,6.188982550783219,Mayor
P00586,Manabí,Costa,Urbana,Hombre,18,8.0,43.0,511.31,1,Secundaria,6.238929910567258,Joven
P00587,Pichincha,Sierra,Urbana,Mujer,42,10.0,18.0,413.97,0,Secundaria,6.028206228461085,Adulto
P00588,Chimborazo,Sierra,Urbana,Mujer,50,9.0,39.0,522.25,0,Secundaria,6.2600593613261095,Mayor
P00589,Guayas,Costa,Urbana,Mujer,49,16.0,56.0,1172.8,1,Superior,7.068001628124234,Mayor
P00590,Guayas,Costa,Urbana,Hombre,64,14.0,28.0,845.14,0,Superior,6.740684830548721,Mayor
P00591,Azuay,Sierra,Rural,Mujer,20,4.0,32.0,101.65,0,Primaria,4.6313251434649425,Joven
P00592,El Oro,Costa,Rural,Hombre,25,10.0,36.0,891.72,0,Secundaria,6.794272981877445,Joven
P00593,Morona Santiago,Amazonía,Urbana,Hombre,56,14.0,43.0,935.25,1,Superior,6.841882534831429,Mayor
P00594,Guayas,Costa,Urbana,Mujer,23,5.0,33.0,189.64,1,Primaria,5.250386832790487,Joven
P00595,Pichincha,Sierra,Rural,Mujer,52,6.0,47.0,205.92,0,Primaria,5.332332245135314,Mayor
P00596,Pichincha,Sierra,Urbana,Hombre,26,18.0,35.0,879.71,1,Posgrado,6.780728400351243,Joven
P00597,Los Ríos,Costa,Urbana,Hombre,37,8.0,35.0,441.0,1,Secundaria,6.091309882077698,Adulto
P00598,Guayas,Costa,Urbana,Hombre,53,7.0,40.0,1052.23,0,Secundaria,6.9596169118347815,Mayor
P00600,Pichincha,Sierra,Urbana,Hombre,46,13.0,41.0,931.29,1,Superior,6.8376439250840155,Mayor
P00601,Manabí,Costa,Rural,Hombre,52,12.0,43.0,1052.59,1,Secundaria,6.959958659115996,Mayor
P00602,Loja,Sierra,Rural,Hombre,33,5.0,64.0,236.67,0,Primaria,5.470883156893275,Adulto
P00604,Guayas,Costa,Urbana,Hombre,31,8.0,32.0,529.31,0,Secundaria,6.273461741215901,Adulto
P00605,Los Ríos,Costa,Rural,Hombre,35,10.0,57.0,587.72,1,Secundaria,6.377950688618344,Adulto
P00606,Manabí,Costa,Urbana,Hombre,35,14.0,28.0,208.45,0,Superior,5.344485047393044,Adulto
P00607,Sucumbíos,Amazonía,Rural,Hombre,63,5.0,52.0,1055.24,1,Primaria,6.962470711170946,Mayor
P00608,Guayas,Costa,Urbana,Hombre,29,4.0,45.0,547.46,1,Primaria,6.307114350893783,Joven
P00609,El Oro,Costa,Rural,Mujer,50,5.0,56.0,238.99,0,Primaria,5.480597255807245,Mayor
P00610,El Oro,Costa,Rural,Hombre,18,11.0,50.0,985.6,1,Secundaria,6.8942646887996375,Joven
P00611,Sucumbíos,Amazonía,Rural,Hombre,38,6.0,48.0,427.82,0,Primaria,6.061037250459942,Adulto
P00612,Pichincha,Sierra,Urbana,Mujer,19,17.0,45.0,856.88,0,Posgrado,6.754464229566761,Joven
P00613,Los Ríos,Costa,Urbana,Mujer,24,15.0,33.0,790.05,0,Superior,6.673361176895073,Joven
P00614,Imbabura,Sierra,Rural,Hombre,51,15.0,20.0,314.45,0,Superior,5.754000190816819,Mayor
P00615,Chimborazo,Sierra,Urbana,Hombre,54,17.0,35.0,1594.61,0,Posgrado,7.375011387246508,Mayor
P00616,El Oro,Costa,Urbana,Mujer,19,10.0,35.0,380.82,0,Secundaria,5.944949293366514,Joven
P00617,Azuay,Sierra,Urbana,Hombre,43,14.0,52.0,807.24,1,Superior,6.694859044119477,Adulto
P00618,Los Ríos,Costa,Urbana,Mujer,54,11.0,32.0,450.83,1,Secundaria,6.113306002891867,Mayor
P00619,Guayas,Costa,Urbana,Mujer,26,16.0,43.0,1072.05,1,Superior,6.97826033986749,Joven
P00620,Pichincha,Sierra,Urbana,Mujer,54,14.0,25.0,231.99,0,Superior,5.450995534189742,Mayor
P00621,Loja,Sierra,Rural,Hombre,25,6.0,46.0,230.66,0,Primaria,5.4452707795042,Joven
P00622,Los Ríos,Costa,Urbana,Hombre,26,12.0,47.0,1319.84,1,Secundaria,7.1860231768233005,Joven
P00623,Esmeraldas,Costa,Rural,Hombre,20,14.0,35.0,500.5,0,Superior,6.2176036074019905,Joven
P00624,Azuay,Sierra,Urbana,Mujer,44,1.0,48.0,324.94,0,Primaria,5.786713315347843,Adulto
P00626,Imbabura,Sierra,Urbana,Mujer,55,17.0,41.0,1484.25,1,Posgrado,7.303338387235851,Mayor
P00627,Guayas,Costa,Urbana,Hombre,34,12.0,34.0,593.48,0,Secundaria,6.3876870738492135,Adulto
P00628,Los Ríos,Costa,Urbana,Hombre,20,19.0,40.0,1022.68,1,Posgrado,6.931159256761153,Joven
P00629,Morona Santiago,Amazonía,Urbana,Mujer,30,13.0,36.0,529.71,0,Superior,6.274215732693819,Adulto
P00630,Guayas,Costa,Rural,Hombre,65,8.0,33.0,478.55,0,Secundaria,6.17284816417396,Mayor
P00631,Guayas,Costa,Urbana,Hombre,64,19.0,50.0,1475.35,1,Posgrado,7.29732810442144,Mayor
P00632,Manabí,Costa,Urbana,Hombre,39,18.0,46.0,1344.73,1,Posgrado,7.204691895729295,Adulto
P00633,Chimborazo,Sierra,Rural,Mujer,50,12.0,50.0,311.62,0,Secundaria,5.744988395467325,Mayor
P00634,El Oro,Costa,Urbana,Mujer,47,15.0,36.0,1196.97,0,Superior,7.088383736625618,Mayor
P00635,Morona Santiago,Amazonía,Urbana,Hombre,55,10.0,40.0,1134.09,1,Secundaria,7.034467221925993,Mayor
P00636,Sucumbíos,Amazonía,Urbana,Hombre,41,10.0,29.0,547.37,0,Secundaria,6.306950241596622,Adulto
P00637,Imbabura,Sierra,Rural,Mujer,40,6.0,33.0,214.78,0,Primaria,5.374259370123194,Adulto
P00638,Imbabura,Sierra,Urbana,Mujer,43,18.0,50.0,1306.21,1,Posgrado,7.175650374015278,Adulto
P00639,Pichincha,Sierra,Urbana,Mujer,63,11.0,33.0,396.95,0,Secundaria,5.9863263692518585,Mayor
P00640,Guayas,Costa,Rural,Mujer,25,15.0,24.0,855.04,0,Superior,6.75231710402194,Joven
P00641,Los Ríos,Costa,Urbana,Mujer,61,13.0,32.0,696.09,0,Superior,6.546914527245292,Mayor
P00643,Guayas,Costa,Urbana,Hombre,21,18.0,29.0,715.62,0,Posgrado,6.574545714054372,Joven
P00644,Pichincha,Sierra,Urbana,Hombre,23,11.0,38.0,1458.17,0,Secundaria,7.285623059898197,Joven
P00645,Guayas,Costa,Urbana,Mujer,50,9.0,43.0,373.67,0,Secundaria,5.926045638543103,Mayor
P00646,Manabí,Costa,Urbana,Mujer,58,12.0,32.0,716.53,1,Secundaria,6.575814758606375,Mayor
P00647,Sucumbíos,Amazonía,Rural,Hombre,46,11.0,43.0,932.11,1,Secundaria,6.838523093147505,Mayor
P00648,Guayas,Costa,Urbana,Mujer,24,10.0,43.0,596.0,1,Secundaria,6.391917113392602,Joven
P00650,Pichincha,Sierra,Rural,Hombre,64,10.0,34.0,314.22,0,Secundaria,5.753270807747395,Mayor
P00651,Esmeraldas,Costa,Rural,Hombre,63,7.0,45.0,426.29,0,Secundaria,6.057462939614605,Mayor
P00652,Sucumbíos,Amazonía,Rural,Hombre,34,9.0,43.0,499.4,1,Secundaria,6.215407778592756,Adulto
P00653,Manabí,Costa,Urbana,Mujer,64,6.0,41.0,340.04,0,Primaria,5.831999772456955,Mayor
P00655,Sucumbíos,Amazonía,Rural,Hombre,58,0.0,36.0,100.51,0,Primaria,4.62015731579634,Mayor
P00656,Guayas,Costa,Rural,Hombre,54,12.0,44.0,390.66,0,Secundaria,5.9703941164886905,Mayor
P00657,Sucumbíos,Amazonía,Urbana,Hombre,22,13.0,40.0,856.42,1,Superior,6.753927880227255,Joven
P00658,Sucumbíos,Amazonía,Urbana,Hombre,61,12.0,53.0,618.29,1,Secundaria,6.428573660550608,Mayor
P00659,Orellana,Amazonía,Rural,Hombre,38,5.0,42.0,125.29,0,Primaria,4.838580849658078,Adulto
P00660,Chimborazo,Sierra,Urbana,Mujer,28,7.0,25.0,414.01,0,Secundaria,6.028302616325927,Joven
P00661,Manabí,Costa,Urbana,Hombre,32,21.0,47.0,535.34,1,Posgrado,6.284768288327816,Adulto
P00662,Imbabura,Sierra,Urbana,Mujer,40,7.0,41.0,161.69,0,Secundaria,5.091846549521079,Adulto
P00663,Manabí,Costa,Rural,Hombre,25,6.0,40.0,308.61,0,Primaria,5.735313440935549,Joven
P00664,Guayas,Costa,Urbana,Hombre,37,13.0,30.0,729.1,0,Superior,6.59318151106204,Adulto
P00665,Galápagos,Insular,Urbana,Hombre,64,14.0,52.0,1572.37,1,Superior,7.360975094724678,Mayor
P00666,Pichincha,Sierra,Urbana,Mujer,18,16.0,47.0,939.71,1,Superior,6.8466349093030345,Joven
P00667,Guayas,Costa,Urbana,Mujer,62,16.0,25.0,946.01,0,Superior,6.853309652792416,Mayor
P00668,Sucumbíos,Amazonía,Urbana,Hombre,29,15.0,48.0,1362.86,1,Superior,7.218074193839446,Joven
P00669,Orellana,Amazonía,Rural,Mujer,42,13.0,49.0,552.86,0,Superior,6.316911947230115,Adulto
P00670,Guayas,Costa,Urbana,Hombre,52,10.0,49.0,464.64,0,Secundaria,6.14341280338004,Mayor
P00672,Los Ríos,Costa,Urbana,Mujer,43,15.0,34.0,410.88,0,Superior,6.02073204478855,Adulto
P00673,Los Ríos,Costa,Urbana,Hombre,24,14.0,52.0,227.52,0,Superior,5.431623733856262,Joven
P00674,Manabí,Costa,Urbana,Hombre,48,12.0,37.0,504.55,0,Secundaria,6.225646945537408,Mayor
P00675,Guayas,Costa,Urbana,Hombre,40,11.0,42.0,1361.72,1,Secundaria,7.2172379813927705,Adulto
P00676,Pichincha,Sierra,Urbana,Hombre,23,11.0,15.0,303.45,0,Secundaria,5.718506870054583,Joven
P00677,Guayas,Costa,Urbana,Hombre,34,14.0,35.0,538.84,0,Superior,6.291272799357603,Adulto
P00678,Guayas,Costa,Urbana,Mujer,28,14.0,43.0,578.9,1,Superior,6.362855674882395,Joven
P00680,Pichincha,Sierra,Urbana,Mujer,40,12.0,27.0,927.23,0,Secundaria,6.833279546905332,Adulto
P00682,Azuay,Sierra,Urbana,Hombre,32,13.0,39.0,1088.62,0,Superior,6.993584290586555,Adulto
P00683,Los Ríos,Costa,Urbana,Hombre,58,18.0,31.0,647.73,0,Posgrado,6.475016605488512,Mayor
P00684,Manabí,Costa,Rural,Mujer,49,13.0,43.0,645.1,1,Superior,6.47095429056412,Mayor
P00685,Manabí,Costa,Urbana,Hombre,41,10.0,49.0,961.42,1,Secundaria,6.869450945824423,Adulto
P00686,Los Ríos,Costa,Rural,Mujer,53,5.0,35.0,720.03,0,Primaria,6.580680745295884,Mayor
P00688,Guayas,Costa,Urbana,Hombre,21,13.0,44.0,647.11,1,Superior,6.4740604350322695,Joven
P00689,El Oro,Costa,Urbana,Hombre,43,12.0,46.0,1089.04,1,Secundaria,6.993969671797569,Adulto
P00690,Sucumbíos,Amazonía,Rural,Hombre,44,6.0,46.0,352.03,0,Primaria,5.866553039157899,Adulto
P00691,Pichincha,Sierra,Urbana,Hombre,35,16.0,48.0,1476.78,1,Superior,7.298296240631894,Adulto
P00692,El Oro,Costa,Urbana,Hombre,55,15.0,56.0,1098.04,1,Superior,7.002192350465571,Mayor
P00693,Los Ríos,Costa,Rural,Hombre,26,9.0,26.0,401.26,0,Secundaria,5.997098645725075,Joven
P00694,Guayas,Costa,Rural,Hombre,48,5.0,44.0,174.36,0,Primaria,5.166841003759651,Mayor
P00695,Loja,Sierra,Urbana,Mujer,52,21.0,53.0,1180.72,1,Posgrado,7.074726283271148,Mayor
P00696,Esmeraldas,Costa,Rural,Hombre,30,14.0,58.0,809.7,1,Superior,6.697898071993661,Adulto
P00697,Los Ríos,Costa,Rural,Mujer,18,13.0,36.0,208.77,0,Superior,5.346011692410698,Joven
P00698,Manabí,Costa,Urbana,Hombre,27,12.0,26.0,188.19,0,Secundaria,5.242751801098328,Joven
P00699,Loja,Sierra,Urbana,Mujer,55,10.0,44.0,533.69,1,Secundaria,6.28168713970387,Mayor
P00700,Imbabura,Sierra,Rural,Mujer,49,8.0,35.0,403.9,0,Secundaria,6.003640123038116,Mayor
P00701,Guayas,Costa,Rural,Mujer,28,17.0,46.0,829.48,1,Posgrado,6.72200384688499,Joven
P00702,Pichincha,Sierra,Urbana,Hombre,38,8.0,56.0,868.72,1,Secundaria,6.768171320766858,Adulto
P00703,Orellana,Amazonía,Rural,Mujer,18,6.0,37.0,416.92,0,Primaria,6.035290026648012,Joven
P00704,Azuay,Sierra,Urbana,Hombre,58,12.0,36.0,278.78,1,Secundaria,5.634003580048285,Mayor
P00705,Guayas,Costa,Rural,Mujer,61,17.0,27.0,825.21,0,Posgrado,6.716848978496291,Mayor
P00706,Guayas,Costa,Urbana,Mujer,58,6.0,36.0,330.87,0,Primaria,5.804743325969341,Mayor
P00707,Guayas,Costa,Urbana,Hombre,41,15.0,50.0,769.05,1,Superior,6.646455447804475,Adulto
P00708,Manabí,Costa,Urbana,Hombre,29,7.0,30.0,487.55,0,Secundaria,6.191441820390352,Joven
P00709,Manabí,Costa,Urbana,Mujer,23,13.0,43.0,304.8,0,Superior,5.722931293494962,Joven
P00710,Guayas,Costa,Urbana,Hombre,26,14.0,43.0,968.77,1,Superior,6.8770589299795395,Joven
P00711,Pichincha,Sierra,Rural,Hombre,60,10.0,32.0,1020.89,0,Secundaria,6.929409132876967,Mayor
P00712,Morona Santiago,Amazonía,Urbana,Hombre,23,11.0,57.0,498.98,1,Secundaria,6.214568097622171,Joven
P00713,Pichincha,Sierra,Urbana,Hombre,57,9.0,26.0,1464.21,0,Secundaria,7.289753855888194,Mayor
P00714,Sucumbíos,Amazonía,Urbana,Hombre,29,7.0,42.0,202.48,0,Secundaria,5.315567719954564,Joven
P00715,Pichincha,Sierra,Rural,Hombre,22,11.0,42.0,368.34,0,Secundaria,5.911717629017726,Joven
P00716,Manabí,Costa,Urbana,Mujer,60,15.0,46.0,1151.49,0,Superior,7.049680098043572,Mayor
P00717,Los Ríos,Costa,Rural,Hombre,57,6.0,54.0,557.1,1,Primaria,6.324538157794388,Mayor
P00718,Tungurahua,Sierra,Urbana,Hombre,54,16.0,72.0,856.9,1,Superior,6.75448754257892,Mayor
P00719,Imbabura,Sierra,Rural,Mujer,44,14.0,51.0,474.03,1,Superior,6.163377959935002,Adulto
P00720,Pichincha,Sierra,Urbana,Hombre,40,10.0,38.0,1015.88,0,Secundaria,6.9244943949864135,Adulto
P00721,Chimborazo,Sierra,Urbana,Mujer,25,13.0,33.0,203.18,1,Superior,5.31900195774087,Joven
P00722,Tungurahua,Sierra,Urbana,Hombre,18,15.0,54.0,946.91,1,Superior,6.854259561039386,Joven
P00723,Orellana,Amazonía,Rural,Hombre,47,8.0,50.0,619.93,1,Secundaria,6.431218354162873,Mayor
P00724,Galápagos,Insular,Rural,Hombre,56,16.0,28.0,328.25,0,Superior,5.796817340623391,Mayor
P00725,Loja,Sierra,Urbana,Mujer,61,7.0,21.0,438.96,0,Secundaria,6.086683813688916,Mayor
P00726,Los Ríos,Costa,Urbana,Hombre,46,5.0,39.0,670.68,0,Primaria,6.509782036632268,Mayor
P00727,Morona Santiago,Amazonía,Rural,Mujer,25,16.0,26.0,257.27,0,Superior,5.5540055493379725,Joven
P00728,Imbabura,Sierra,Urbana,Hombre,51,10.0,62.0,643.53,1,Secundaria,6.468521369007335,Mayor
P00729,El Oro,Costa,Urbana,Hombre,43,15.0,72.0,521.44,1,Superior,6.25851014470932,Adulto
P00730,Manabí,Costa,Urbana,Mujer,48,9.0,46.0,238.43,0,Secundaria,5.478261098556027,Mayor
P00731,Manabí,Costa,Urbana,Mujer,28,12.0,48.0,548.16,1,Secundaria,6.308389838029404,Joven
P00732,El Oro,Costa,Urbana,Hombre,21,13.0,46.0,726.77,1,Superior,6.589985064213071,Joven
P00733,El Oro,Costa,Urbana,Mujer,23,13.0,50.0,319.92,0,Superior,5.771191870885455,Joven
P00734,Pichincha,Sierra,Urbana,Mujer,47,21.0,24.0,595.7,0,Posgrado,6.391414474528037,Mayor
P00735,Pichincha,Sierra,Urbana,Mujer,43,10.0,53.0,591.3,1,Secundaria,6.384013263282919,Adulto
P00736,Guayas,Costa,Urbana,Mujer,32,9.0,50.0,705.23,1,Secundaria,6.559940963475602,Adulto
P00737,Guayas,Costa,Urbana,Mujer,28,14.0,37.0,197.49,0,Superior,5.2907387210244865,Joven
P00738,Tungurahua,Sierra,Urbana,Mujer,61,14.0,52.0,930.46,1,Superior,6.836753247627414,Mayor
P00739,Galápagos,Insular,Urbana,Mujer,56,12.0,44.0,852.57,1,Secundaria,6.74942755410283,Mayor
P00740,Guayas,Costa,Urbana,Hombre,60,13.0,41.0,791.16,1,Superior,6.674763391613113,Mayor
P00741,Los Ríos,Costa,Urbana,Mujer,41,18.0,44.0,1001.92,1,Posgrado,6.910671024063034,Adulto
P00742,Guayas,Costa,Rural,Mujer,43,18.0,42.0,1286.86,1,Posgrado,7.160737205104325,Adulto
P00743,Loja,Sierra,Urbana,Mujer,37,13.0,31.0,971.38,0,Superior,6.879746674562824,Adulto
P00744,Pichincha,Sierra,Urbana,Mujer,27,13.0,38.0,987.85,0,Superior,6.896542651768034,Joven
P00745,El Oro,Costa,Rural,Hombre,27,14.0,41.0,617.44,1,Superior,6.4272001782343935,Joven
P00746,Manabí,Costa,Urbana,Mujer,23,16.0,30.0,378.54,1,Superior,5.938959993125833,Joven
P00747,Esmeraldas,Costa,Urbana,Hombre,53,11.0,31.0,358.13,0,Secundaria,5.883684439931388,Mayor
P00748,Pichincha,Sierra,Urbana,Hombre,55,16.0,50.0,1544.87,1,Superior,7.343342137642823,Mayor
P00749,Manabí,Costa,Urbana,Mujer,19,15.0,45.0,880.83,1,Superior,6.7819992936651525,Joven
P00751,Imbabura,Sierra,Rural,Hombre,54,9.0,35.0,392.7,0,Secundaria,5.975589197949692,Mayor
P00752,Pichincha,Sierra,Urbana,Hombre,64,9.0,73.0,952.25,1,Secundaria,6.859877198737673,Mayor
P00753,Esmeraldas,Costa,Urbana,Hombre,39,7.0,49.0,217.36,0,Secundaria,5.386145076913557,Adulto
P00754,Guayas,Costa,Rural,Mujer,52,6.0,62.0,610.51,1,Primaria,6.415931308223278,Mayor
P00755,Pichincha,Sierra,Urbana,Hombre,25,14.0,41.0,1029.51,1,Superior,6.937809104310602,Joven
P00757,Los Ríos,Costa,Urbana,Hombre,53,16.0,44.0,1284.48,1,Superior,7.158887468436335,Mayor
P00758,Esmeraldas,Costa,Urbana,Hombre,18,16.0,37.0,1246.9,1,Superior,7.129217417513809,Joven
P00759,Chimborazo,Sierra,Urbana,Mujer,33,13.0,44.0,1420.39,1,Superior,7.2593905450507545,Adulto
P00760,Loja,Sierra,Urbana,Hombre,32,9.0,37.0,517.44,0,Secundaria,6.250824302555174,Adulto
P00761,Chimborazo,Sierra,Urbana,Mujer,20,15.0,33.0,449.93,0,Superior,6.111312116813244,Joven
P00762,Sucumbíos,Amazonía,Urbana,Mujer,53,15.0,35.0,653.21,0,Superior,6.483428400832763,Mayor
P00763,Manabí,Costa,Urbana,Mujer,61,5.0,37.0,329.1,0,Primaria,5.799395638859147,Mayor
P00766,Manabí,Costa,Urbana,Mujer,63,15.0,54.0,697.29,1,Superior,6.548634489256825,Mayor
P00767,Guayas,Costa,Urbana,Hombre,52,10.0,49.0,867.8,1,Secundaria,6.767112949179671,Mayor
P00768,Orellana,Amazonía,Rural,Hombre,22,8.0,52.0,235.6,0,Secundaria,5.466370951544286,Joven
P00769,Pichincha,Sierra,Rural,Hombre,64,7.0,36.0,767.35,0,Secundaria,6.644245358501341,Mayor
P00770,Manabí,Costa,Urbana,Hombre,65,9.0,51.0,502.69,1,Secundaria,6.221960999467375,Mayor
P00771,Sucumbíos,Amazonía,Urbana,Hombre,24,10.0,61.0,597.03,1,Secundaria,6.393640919916379,Joven
P00772,Loja,Sierra,Urbana,Mujer,40,13.0,43.0,437.18,0,Superior,6.082629784860074,Adulto
P00773,El Oro,Costa,Rural,Mujer,36,14.0,56.0,376.31,0,Superior,5.933067130727174,Adulto
P00775,Guayas,Costa,Rural,Mujer,48,12.0,28.0,591.53,0,Secundaria,6.384401504638876,Mayor
P00776,Manabí,Costa,Urbana,Mujer,58,8.0,48.0,720.6,1,Secundaria,6.581470968748414,Mayor
P00777,Loja,Sierra,Urbana,Mujer,21,9.0,42.0,197.13,0,Secundaria,5.2889233809061675,Joven
P00778,Manabí,Costa,Rural,Mujer,26,8.0,42.0,149.68,0,Secundaria,5.015158382823841,Joven
P00779,Los Ríos,Costa,Rural,Hombre,32,14.0,41.0,1171.74,1,Superior,7.067098170205681,Adulto
P00780,Morona Santiago,Amazonía,Urbana,Mujer,26,14.0,34.0,717.74,0,Superior,6.577499678971295,Joven
P00781,El Oro,Costa,Rural,Mujer,49,9.0,39.0,695.46,0,Secundaria,6.546010361563516,Mayor
P00782,Imbabura,Sierra,Urbana,Hombre,54,9.0,41.0,438.78,0,Secundaria,6.086274601870625,Mayor
P00783,Esmeraldas,Costa,Urbana,Mujer,65,15.0,60.0,390.07,0,Superior,5.968886572094735,Mayor
P00784,Manabí,Costa,Urbana,Mujer,65,3.0,22.0,356.77,0,Primaria,5.879890321835502,Mayor
P00785,Guayas,Costa,Urbana,Mujer,51,9.0,34.0,415.58,0,Secundaria,6.032078519993237,Mayor
P00786,Los Ríos,Costa,Urbana,Mujer,62,13.0,47.0,667.85,1,Superior,6.505559819741595,Mayor
P00787,Esmeraldas,Costa,Urbana,Hombre,42,16.0,50.0,708.07,1,Superior,6.56395425226507,Adulto
P00788,Morona Santiago,Amazonía,Rural,Hombre,52,9.0,52.0,338.5,0,Secundaria,5.827473946998751,Mayor
P00789,Pichincha,Sierra,Urbana,Mujer,42,9.0,42.0,1242.79,1,Secundaria,7.125918448759675,Adulto
P00790,Manabí,Costa,Rural,Hombre,48,2.0,43.0,231.06,1,Primaria,5.446995958919399,Mayor
P00792,Azuay,Sierra,Urbana,Hombre,35,11.0,31.0,703.59,0,Secundaria,6.557616073356806,Adulto
P00794,Guayas,Costa,Urbana,Mujer,30,10.0,43.0,555.04,1,Secundaria,6.320840234108892,Adulto
P00796,Loja,Sierra,Rural,Mujer,23,11.0,47.0,1056.22,1,Secundaria,6.963398100447523,Joven
P00797,Guayas,Costa,Urbana,Mujer,48,11.0,54.0,1066.75,1,Secundaria,6.973308909721576,Mayor
P00798,Los Ríos,Costa,Rural,Hombre,39,15.0,42.0,1129.22,1,Superior,7.030167583022183,Adulto
P00799,Guayas,Costa,Urbana,Hombre,37,13.0,33.0,831.77,0,Superior,6.724757493597158,Adulto
P00801,Los Ríos,Costa,Urbana,Hombre,30,6.0,36.0,204.53,0,Primaria,5.325592008682918,Adulto
P00803,Los Ríos,Costa,Urbana,Hombre,58,14.0,50.0,661.63,1,Superior,6.496216765025586,Mayor
P00804,Guayas,Costa,Urbana,Mujer,52,13.0,32.0,573.29,0,Superior,6.353134495216475,Mayor
P00805,Pichincha,Sierra,Rural,Hombre,54,6.0,33.0,249.62,0,Primaria,5.523937847737139,Mayor
P00806,Guayas,Costa,Urbana,Mujer,34,8.0,44.0,151.71,0,Secundaria,5.028540697965091,Adulto
P00807,Loja,Sierra,Urbana,Mujer,32,11.0,52.0,448.43,0,Secundaria,6.1079801131974,Adulto
P00808,Esmeraldas,Costa,Rural,Mujer,32,14.0,52.0,277.02,0,Superior,5.6276930535489464,Adulto
P00810,Galápagos,Insular,Urbana,Hombre,37,11.0,45.0,728.78,1,Secundaria,6.5927431188584,Adulto
P00811,Guayas,Costa,Rural,Mujer,38,3.0,46.0,387.47,0,Primaria,5.9622159467488585,Adulto
P00812,Esmeraldas,Costa,Urbana,Mujer,26,15.0,40.0,400.5,0,Superior,5.995207533386816,Joven
P00813,Galápagos,Insular,Urbana,Hombre,62,6.0,36.0,478.49,0,Primaria,6.172723039048671,Mayor
P00814,Guayas,Costa,Urbana,Hombre,63,12.0,25.0,426.95,0,Secundaria,6.059006366327619,Mayor
P00815,Pichincha,Sierra,Rural,Hombre,37,8.0,61.0,686.61,1,Secundaria,6.533221816742092,Adulto
P00817,Los Ríos,Costa,Urbana,Hombre,45,8.0,66.0,669.08,1,Secundaria,6.507397108242118,Mayor
P00818,Los Ríos,Costa,Urbana,Mujer,58,9.0,25.0,225.17,0,Secundaria,5.42128692889172,Mayor
P00819,Guayas,Costa,Urbana,Hombre,18,14.0,35.0,1001.25,1,Superior,6.910002751522616,Joven
P00820,Orellana,Amazonía,Urbana,Mujer,54,16.0,64.0,279.32,0,Superior,5.635931807748027,Mayor
P00821,Guayas,Costa,Urbana,Hombre,23,11.0,30.0,273.5,0,Secundaria,5.614951260949585,Joven
P00822,Loja,Sierra,Urbana,Hombre,59,15.0,48.0,444.98,0,Superior,6.100274107965257,Mayor
P00823,Pichincha,Sierra,Rural,Mujer,36,11.0,38.0,258.14,0,Secundaria,5.557368456200665,Adulto
P00824,Loja,Sierra,Rural,Mujer,32,10.0,42.0,249.53,0,Secundaria,5.5235786738332475,Adulto
P00825,Pichincha,Sierra,Urbana,Hombre,43,10.0,39.0,747.16,0,Secundaria,6.617616858843649,Adulto
P00826,El Oro,Costa,Urbana,Mujer,40,17.0,38.0,1239.02,0,Posgrado,7.122882787501269,Adulto
P00827,Guayas,Costa,Rural,Hombre,63,7.0,32.0,428.6,0,Secundaria,6.062854543194655,Mayor
P00828,Tungurahua,Sierra,Urbana,Hombre,52,13.0,34.0,534.3,0,Superior,6.282827337399335,Mayor
P00829,Chimborazo,Sierra,Rural,Mujer,46,6.0,45.0,361.81,0,Primaria,5.893879281256929,Mayor
P00831,Orellana,Amazonía,Rural,Mujer,21,15.0,40.0,537.96,1,Superior,6.289641356652404,Joven
P00832,Azuay,Sierra,Urbana,Mujer,45,14.0,44.0,356.3,0,Superior,5.878575765029364,Mayor
P00833,Guayas,Costa,Urbana,Hombre,20,10.0,36.0,332.71,0,Secundaria,5.810272352344586,Joven
P00834,Guayas,Costa,Urbana,Mujer,28,18.0,38.0,600.27,0,Posgrado,6.399044084899999,Joven
P00835,Pichincha,Sierra,Rural,Hombre,60,6.0,35.0,508.39,0,Primaria,6.2332139314143085,Mayor
P00836,Pichincha,Sierra,Urbana,Hombre,51,15.0,51.0,830.3,1,Superior,6.722990740537043,Mayor
P00837,Esmeraldas,Costa,Urbana,Hombre,60,14.0,44.0,532.07,1,Superior,6.2786527476250935,Mayor
P00838,Pichincha,Sierra,Urbana,Mujer,65,13.0,27.0,284.31,0,Superior,5.653576308428883,Mayor
P00840,El Oro,Costa,Urbana,Hombre,32,17.0,51.0,1595.82,1,Posgrado,7.375769430528862,Adulto
P00841,Manabí,Costa,Urbana,Mujer,43,4.0,38.0,299.78,0,Primaria,5.706379100503467,Adulto
P00842,Azuay,Sierra,Rural,Mujer,21,3.0,39.0,405.08,0,Primaria,6.006550184526023,Joven
P00843,Pichincha,Sierra,Rural,Mujer,44,9.0,26.0,85.33,0,Secundaria,4.4581771622474315,Adulto
P00844,Pichincha,Sierra,Rural,Hombre,40,6.0,46.0,595.72,1,Primaria,6.391447991646908,Adulto
P00845,Imbabura,Sierra,Urbana,Mujer,18,12.0,49.0,584.16,1,Secundaria,6.3718853141098855,Joven
P00846,Chimborazo,Sierra,Urbana,Mujer,56,10.0,54.0,332.39,0,Secundaria,5.809312975865665,Mayor
P00847,Azuay,Sierra,Rural,Mujer,24,7.0,37.0,318.61,0,Secundaria,5.767101502514015,Joven
P00848,Guayas,Costa,Rural,Hombre,57,14.0,37.0,599.05,0,Superior,6.39701298507745,Mayor
P00849,Esmeraldas,Costa,Rural,Mujer,32,8.0,22.0,233.72,0,Secundaria,5.458393314394671,Adulto
P00850,Pichincha,Sierra,Urbana,Hombre,65,10.0,30.0,807.18,0,Secundaria,6.694784805988264,Mayor
P00852,Morona Santiago,Amazonía,Urbana,Mujer,37,9.0,60.0,459.5,0,Secundaria,6.132312855695361,Adulto
P00853,Guayas,Costa,Urbana,Hombre,41,11.0,34.0,1113.18,0,Secundaria,7.015873987326884,Adulto
P00854,Guayas,Costa,Rural,Mujer,64,13.0,38.0,327.03,0,Superior,5.7931050676162545,Mayor
P00855,Guayas,Costa,Rural,Hombre,59,16.0,48.0,772.54,1,Superior,6.650977381668939,Mayor
P00856,Manabí,Costa,Urbana,Mujer,58,14.0,41.0,529.92,1,Superior,6.2746113507580015,Mayor
P00857,Chimborazo,Sierra,Urbana,Hombre,57,11.0,30.0,1260.33,1,Secundaria,7.139921998794036,Mayor
P00858,Loja,Sierra,Urbana,Mujer,60,14.0,62.0,1318.92,1,Superior,7.185326407683189,Mayor
P00859,Guayas,Costa,Urbana,Hombre,24,10.0,48.0,713.05,1,Secundaria,6.570952987898942,Joven
P00860,Guayas,Costa,Urbana,Hombre,40,16.0,50.0,581.78,1,Superior,6.367809756642294,Adulto
P00862,El Oro,Costa,Urbana,Mujer,34,14.0,62.0,624.88,1,Superior,6.439158659433857,Adulto
P00863,Pichincha,Sierra,Rural,Mujer,45,13.0,34.0,900.86,0,Superior,6.80445929737319,Mayor
P00864,Manabí,Costa,Urbana,Hombre,44,14.0,46.0,726.48,1,Superior,6.589586507258817,Adulto
P00866,Pichincha,Sierra,Urbana,Hombre,18,10.0,39.0,404.38,0,Secundaria,6.004824898809819,Joven
P00867,Los Ríos,Costa,Rural,Mujer,37,8.0,39.0,301.49,0,Secundaria,5.712048219073234,Adulto
P00868,Pichincha,Sierra,Urbana,Hombre,48,13.0,49.0,600.91,1,Superior,6.4001079324712045,Mayor
P00869,Pichincha,Sierra,Rural,Mujer,46,6.0,34.0,295.06,0,Primaria,5.6905621364853465,Mayor
P00870,Manabí,Costa,Urbana,Hombre,26,7.0,39.0,237.91,0,Secundaria,5.476086911973929,Joven
P00872,El Oro,Costa,Urbana,Mujer,28,12.0,53.0,403.0,0,Secundaria,6.0014148779611505,Joven
P00873,El Oro,Costa,Rural,Hombre,23,16.0,37.0,448.98,1,Superior,6.109203137332237,Joven
P00875,Manabí,Costa,Urbana,Hombre,41,10.0,43.0,421.48,0,Secundaria,6.046142108398678,Adulto
P00877,Pichincha,Sierra,Rural,Mujer,61,5.0,40.0,874.54,0,Primaria,6.774840838860418,Mayor
P00878,Los Ríos,Costa,Urbana,Mujer,52,11.0,52.0,922.18,1,Secundaria,6.827824231741009,Mayor
P00879,Guayas,Costa,Rural,Hombre,59,11.0,45.0,678.68,1,Secundaria,6.521622099173465,Mayor
P00880,Azuay,Sierra,Urbana,Hombre,44,9.0,50.0,533.77,1,Secundaria,6.281836747917639,Adulto
P00881,Azuay,Sierra,Rural,Mujer,40,5.0,54.0,259.79,0,Primaria,5.563715485759083,Adulto
P00883,Chimborazo,Sierra,Rural,Mujer,36,9.0,48.0,448.6,0,Secundaria,6.108358298579481,Adulto
P00885,Guayas,Costa,Urbana,Hombre,61,10.0,59.0,851.92,1,Secundaria,6.748665756458033,Mayor
P00886,Guayas,Costa,Urbana,Mujer,32,20.0,18.0,353.02,0,Posgrado,5.86935340871301,Adulto
P00887,Guayas,Costa,Urbana,Mujer,33,7.0,42.0,263.0,0,Secundaria,5.575949103146316,Adulto
P00888,Guayas,Costa,Rural,Hombre,48,12.0,39.0,719.38,0,Secundaria,6.579778850562172,Mayor
P00889,Imbabura,Sierra,Urbana,Hombre,62,15.0,36.0,713.51,0,Superior,6.571596993073241,Mayor
P00890,Manabí,Costa,Rural,Mujer,26,13.0,38.0,344.28,0,Superior,5.84435568206977,Joven
P00891,Azuay,Sierra,Urbana,Mujer,54,11.0,45.0,347.86,0,Secundaria,5.854670695589989,Mayor
P00892,El Oro,Costa,Urbana,Mujer,32,11.0,46.0,738.02,1,Secundaria,6.605324984181448,Adulto
P00893,Guayas,Costa,Rural,Hombre,19,9.0,31.0,395.29,0,Secundaria,5.982146266468988,Joven
P00894,Esmeraldas,Costa,Urbana,Hombre,51,17.0,54.0,730.0,1,Posgrado,6.594413459749778,Mayor
P00895,Loja,Sierra,Urbana,Mujer,64,8.0,70.0,452.15,0,Secundaria,6.1162231965007905,Mayor
P00896,Los Ríos,Costa,Urbana,Hombre,44,12.0,42.0,664.66,1,Secundaria,6.500779029675021,Adulto
P00897,Galápagos,Insular,Rural,Hombre,59,16.0,54.0,1095.77,1,Superior,7.000124775576431,Mayor
P00898,Imbabura,Sierra,Urbana,Mujer,24,12.0,33.0,281.25,0,Secundaria,5.642793203029772,Joven
P00899,Tungurahua,Sierra,Urbana,Mujer,49,14.0,35.0,417.92,1,Superior,6.037679970904945,Mayor
P00900,Los Ríos,Costa,Rural,Mujer,52,8.0,43.0,358.59,0,Secundaria,5.88496449353449,Mayor
P00901,El Oro,Costa,Rural,Mujer,64,10.0,60.0,410.92,1,Secundaria,6.020829155737886,Mayor
P00902,Orellana,Amazonía,Urbana,Mujer,46,18.0,40.0,678.82,1,Posgrado,6.5218280572470135,Mayor
P00903,Guayas,Costa,Urbana,Mujer,63,12.0,41.0,289.66,0,Secundaria,5.672154199198024,Mayor
P00904,Guayas,Costa,Rural,Hombre,65,9.0,34.0,708.18,1,Secundaria,6.564109373012781,Mayor
P00905,Pichincha,Sierra,Urbana,Hombre,49,18.0,32.0,1258.96,0,Posgrado,7.138835253409861,Mayor
P00906,Orellana,Amazonía,Rural,Mujer,32,7.0,42.0,332.66,0,Secundaria,5.810122510427528,Adulto
P00907,Pichincha,Sierra,Urbana,Mujer,21,14.0,55.0,1142.6,1,Superior,7.041936460448157,Joven
P00908,Sucumbíos,Amazonía,Urbana,Hombre,24,11.0,49.0,393.29,1,Secundaria,5.977086679162026,Joven
P00909,Guayas,Costa,Rural,Hombre,46,3.0,42.0,500.88,1,Primaria,6.2183610472914985,Mayor
P00910,Galápagos,Insular,Urbana,Mujer,41,10.0,38.0,527.62,0,Secundaria,6.270269837247093,Adulto
P00911,Pichincha,Sierra,Urbana,Mujer,52,10.0,51.0,362.83,0,Secundaria,5.896686725575843,Mayor
P00912,Guayas,Costa,Urbana,Hombre,29,10.0,22.0,510.19,0,Secundaria,6.2367413410566535,Joven
P00913,Los Ríos,Costa,Urbana,Mujer,25,5.0,39.0,406.94,0,Primaria,6.011120104766423,Joven
P00914,Guayas,Costa,Urbana,Hombre,51,10.0,42.0,512.6,1,Secundaria,6.2414447523757515,Mayor
P00915,Azuay,Sierra,Urbana,Hombre,18,13.0,61.0,695.89,1,Superior,6.546627579080509,Joven
P00916,Guayas,Costa,Rural,Hombre,62,12.0,35.0,447.64,0,Secundaria,6.106220784406171,Mayor
P00917,Pichincha,Sierra,Urbana,Hombre,23,13.0,51.0,1351.14,1,Superior,7.209443801537805,Joven
P00918,Esmeraldas,Costa,Rural,Mujer,41,5.0,48.0,729.13,1,Primaria,6.593222600479466,Adulto
P00919,El Oro,Costa,Urbana,Mujer,27,12.0,22.0,606.14,0,Secundaria,6.408759406969724,Joven
P00920,Los Ríos,Costa,Urbana,Mujer,22,10.0,38.0,517.15,0,Secundaria,6.250264775630226,Joven
P00921,Guayas,Costa,Urbana,Hombre,62,11.0,44.0,227.33,0,Secundaria,5.43079195094741,Mayor
P00922,Azuay,Sierra,Rural,Hombre,55,12.0,22.0,821.02,0,Secundaria,6.711764725660432,Mayor
P00923,Sucumbíos,Amazonía,Urbana,Hombre,45,14.0,41.0,231.85,0,Superior,5.450394469428386,Mayor
P00924,Sucumbíos,Amazonía,Urbana,Hombre,48,11.0,41.0,335.3,0,Secundaria,5.818003618746224,Mayor
P00925,El Oro,Costa,Urbana,Hombre,28,9.0,24.0,270.13,0,Secundaria,5.602598410655186,Joven
P00926,Imbabura,Sierra,Urbana,Hombre,31,5.0,50.0,533.61,1,Primaria,6.281537509104132,Adulto
P00927,Pichincha,Sierra,Urbana,Hombre,58,13.0,32.0,683.74,0,Superior,6.529039204166525,Mayor
P00928,Guayas,Costa,Rural,Mujer,48,9.0,62.0,287.19,0,Secundaria,5.663619984837126,Mayor
P00931,Guayas,Costa,Urbana,Hombre,51,15.0,42.0,747.7,1,Superior,6.61833836923664,Mayor
P00932,Imbabura,Sierra,Urbana,Hombre,46,15.0,35.0,395.95,0,Superior,5.983810328171122,Mayor
P00933,Guayas,Costa,Urbana,Mujer,22,14.0,43.0,346.97,0,Superior,5.852116269161895,Joven
P00934,Sucumbíos,Amazonía,Rural,Mujer,24,4.0,19.0,291.07,0,Primaria,5.676993499565986,Joven
P00935,Guayas,Costa,Urbana,Mujer,44,12.0,53.0,259.83,0,Secundaria,5.563868854111823,Adulto
P00936,Imbabura,Sierra,Urbana,Mujer,44,19.0,37.0,1256.43,0,Posgrado,7.136825234420509,Adulto
P00937,Azuay,Sierra,Urbana,Mujer,23,14.0,30.0,613.76,0,Superior,6.421231947739111,Joven
P00938,Loja,Sierra,Rural,Mujer,20,11.0,39.0,509.29,0,Secundaria,6.234979191562023,Joven
P00939,Guayas,Costa,Urbana,Hombre,57,8.0,30.0,268.62,0,Secundaria,5.597013560262918,Mayor
P00940,Guayas,Costa,Urbana,Hombre,36,18.0,34.0,681.04,0,Posgrado,6.525088307149951,Adulto
P00941,Tungurahua,Sierra,Urbana,Hombre,35,13.0,34.0,659.37,0,Superior,6.492800284000204,Adulto
P00942,Morona Santiago,Amazonía,Urbana,Hombre,44,13.0,21.0,634.0,0,Superior,6.453624998892692,Adulto
P00943,Imbabura,Sierra,Urbana,Mujer,19,9.0,44.0,491.05,1,Secundaria,6.198580337344994,Joven
P00944,Pichincha,Sierra,Urbana,Hombre,28,12.0,61.0,385.72,0,Secundaria,5.957700916955173,Joven
P00945,Pichincha,Sierra,Rural,Hombre,47,8.0,42.0,943.0,1,Secundaria,6.8501261661455,Mayor
P00946,Guayas,Costa,Rural,Hombre,50,7.0,20.0,329.18,1,Secundaria,5.799637960299722,Mayor
P00947,Guayas,Costa,Urbana,Hombre,51,10.0,47.0,550.14,1,Secundaria,6.311988860363746,Mayor
P00948,Pichincha,Sierra,Rural,Hombre,48,8.0,42.0,1333.42,1,Secundaria,7.196252019501755,Mayor
P00949,Orellana,Amazonía,Rural,Mujer,56,14.0,45.0,448.58,0,Superior,6.1083138136042745,Mayor
P00950,Guayas,Costa,Urbana,Hombre,48,10.0,66.0,516.69,1,Secundaria,6.249376607514998,Mayor
P00951,Azuay,Sierra,Rural,Mujer,50,16.0,41.0,1127.41,1,Superior,7.02856484119421,Mayor
P00952,Pichincha,Sierra,Rural,Mujer,29,9.0,45.0,227.83,0,Secundaria,5.432979369791433,Joven
P00953,Guayas,Costa,Urbana,Hombre,33,14.0,46.0,816.98,1,Superior,6.706837886426094,Adulto
P00954,Manabí,Costa,Urbana,Hombre,32,17.0,59.0,1202.05,1,Posgrado,7.092615277870738,Adulto
P00955,Guayas,Costa,Urbana,Mujer,42,14.0,37.0,344.83,0,Superior,5.845947324836075,Adulto
P00957,Loja,Sierra,Rural,Mujer,43,7.0,55.0,268.85,1,Secundaria,5.597866249064652,Adulto
P00958,Morona Santiago,Amazonía,Urbana,Mujer,60,15.0,30.0,494.44,0,Superior,6.205446256629806,Mayor
P00959,Guayas,Costa,Urbana,Hombre,51,14.0,23.0,704.45,0,Superior,6.558835897059167,Mayor
P00960,Guayas,Costa,Urbana,Mujer,19,10.0,56.0,333.31,0,Secundaria,5.812068706230231,Joven
P00962,Azuay,Sierra,Rural,Mujer,60,9.0,39.0,280.53,0,Secundaria,5.640239013837417,Mayor
P00963,Pichincha,Sierra,Rural,Mujer,58,14.0,41.0,491.35,1,Superior,6.1991898456938115,Mayor
P00964,Pichincha,Sierra,Urbana,Mujer,34,15.0,33.0,856.87,0,Superior,6.754452572856867,Adulto
P00965,Morona Santiago,Amazonía,Rural,Hombre,63,11.0,34.0,590.09,0,Secundaria,6.381968290075986,Mayor
P00966,Loja,Sierra,Urbana,Hombre,48,10.0,29.0,331.62,0,Secundaria,5.807000697241994,Mayor
P00967,Manabí,Costa,Urbana,Mujer,65,10.0,44.0,436.31,0,Secundaria,6.080642325754031,Mayor
P00968,Pichincha,Sierra,Urbana,Mujer,25,12.0,64.0,682.06,1,Secundaria,6.526582703443005,Joven
P00969,Sucumbíos,Amazonía,Rural,Mujer,52,5.0,18.0,212.23,0,Primaria,5.362371395338142,Mayor
P00970,Guayas,Costa,Urbana,Mujer,25,10.0,39.0,263.48,0,Secundaria,5.577765634072714,Joven
P00971,Guayas,Costa,Urbana,Mujer,33,9.0,45.0,451.96,0,Secundaria,6.115803821363589,Adulto
P00972,Los Ríos,Costa,Urbana,Mujer,18,8.0,44.0,381.65,0,Secundaria,5.94712073325593,Joven
P00973,Los Ríos,Costa,Urbana,Hombre,32,13.0,50.0,1062.69,1,Superior,6.9694992740664885,Adulto
P00975,Manabí,Costa,Rural,Hombre,48,13.0,34.0,799.55,0,Superior,6.685298991448064,Mayor
P00976,Guayas,Costa,Rural,Hombre,63,13.0,31.0,1031.95,0,Superior,6.940174065237638,Mayor
P00977,Morona Santiago,Amazonía,Urbana,Mujer,41,5.0,28.0,293.38,0,Primaria,5.684871449764441,Adulto
P00978,Guayas,Costa,Rural,Mujer,34,18.0,48.0,414.93,1,Posgrado,6.030516976871639,Adulto
P00979,Guayas,Costa,Rural,Mujer,19,12.0,44.0,291.85,0,Secundaria,5.679660532535792,Joven
P00980,Tungurahua,Sierra,Urbana,Mujer,38,18.0,42.0,728.53,1,Posgrado,6.5924004911748435,Adulto
P00981,Sucumbíos,Amazonía,Rural,Mujer,23,13.0,34.0,388.75,0,Superior,5.965505507937886,Joven
P00982,Tungurahua,Sierra,Rural,Hombre,58,9.0,29.0,343.06,0,Secundaria,5.840816060768893,Mayor
P00983,Manabí,Costa,Urbana,Mujer,45,10.0,41.0,697.58,1,Secundaria,6.54904970327698,Mayor
P00985,Guayas,Costa,Rural,Hombre,19,7.0,40.0,326.22,0,Secundaria,5.7906327275549305,Joven
P00986,Los Ríos,Costa,Rural,Hombre,37,15.0,48.0,552.33,1,Superior,6.315954568567949,Adulto
P00987,Pichincha,Sierra,Urbana,Hombre,62,11.0,69.0,723.26,1,Secundaria,6.585150443941091,Mayor
P00988,Orellana,Amazonía,Rural,Mujer,41,12.0,41.0,93.58,0,Secundaria,4.54944603721573,Adulto
P00989,Orellana,Amazonía,Urbana,Hombre,52,8.0,32.0,542.15,0,Secundaria,6.2973855248797594,Mayor
P00990,El Oro,Costa,Urbana,Mujer,50,10.0,68.0,410.85,0,Secundaria,6.020659205387258,Mayor
P00991,Guayas,Costa,Rural,Hombre,62,13.0,23.0,647.19,0,Superior,6.474183863251203,Mayor
P00992,Sucumbíos,Amazonía,Urbana,Mujer,50,19.0,30.0,1288.45,0,Posgrado,7.161971049850758,Mayor
P00993,Los Ríos,Costa,Rural,Hombre,18,16.0,57.0,770.33,0,Superior,6.648116297554999,Joven
P00994,Loja,Sierra,Urbana,Hombre,24,11.0,52.0,564.98,1,Secundaria,6.338558741889817,Joven
P00995,Pichincha,Sierra,Urbana,Hombre,39,15.0,23.0,1097.21,0,Superior,7.001436860612821,Adulto
P00996,El Oro,Costa,Urbana,Mujer,62,7.0,35.0,495.92,0,Secundaria,6.208429047345477,Mayor
P00997,Los Ríos,Costa,Urbana,Hombre,61,16.0,44.0,1005.57,1,Superior,6.9143037905999005,Mayor
P00998,Guayas,Costa,Rural,Hombre,56,9.0,23.0,678.09,0,Secundaria,6.520753666639511,Mayor
P00999,Guayas,Costa,Urbana,Hombre,22,13.0,37.0,543.96,0,Superior,6.3007123974743235,Joven
P01000,Azuay,Sierra,Rural,Mujer,31,2.0,45.0,1040.14,1,Primaria,6.9480715456436135,Adulto
P01001,Los Ríos,Costa,Rural,Mujer,55,10.0,32.0,196.3,0,Secundaria,5.2847254130285695,Mayor
P01002,Pichincha,Sierra,Rural,Mujer,60,9.0,32.0,686.17,0,Secundaria,6.532581714303849,Mayor
P01003,Imbabura,Sierra,Urbana,Mujer,48,11.0,26.0,334.72,0,Secundaria,5.816277479214627,Mayor
P01004,Manabí,Costa,Rural,Mujer,19,13.0,42.0,489.34,1,Superior,6.195099028033966,Joven
P01006,Pichincha,Sierra,Rural,Hombre,50,7.0,30.0,327.24,0,Secundaria,5.793745048133931,Mayor
P01007,Morona Santiago,Amazonía,Rural,Hombre,61,9.0,51.0,294.73,0,Secundaria,5.689446875888835,Mayor
P01008,Pichincha,Sierra,Urbana,Mujer,35,13.0,52.0,505.98,1,Superior,6.228471555081345,Adulto
P01009,Esmeraldas,Costa,Urbana,Hombre,56,13.0,42.0,929.61,1,Superior,6.835840285108239,Mayor
P01010,Pichincha,Sierra,Urbana,Hombre,35,13.0,21.0,332.26,0,Superior,5.808922966110478,Adulto
P01011,Imbabura,Sierra,Rural,Mujer,29,5.0,53.0,219.76,0,Primaria,5.3970761385713,Joven
P01012,Guayas,Costa,Urbana,Mujer,57,12.0,33.0,354.44,0,Secundaria,5.873356458627653,Mayor
P01013,Guayas,Costa,Rural,Hombre,25,13.0,38.0,462.93,0,Superior,6.139733678776463,Joven
P01015,Guayas,Costa,Urbana,Mujer,50,17.0,32.0,1309.08,1,Posgrado,7.17784348303287,Mayor
P01016,Manabí,Costa,Urbana,Mujer,21,12.0,41.0,607.51,1,Secundaria,6.411013346146286,Joven
P01017,El Oro,Costa,Urbana,Hombre,33,11.0,55.0,1074.73,1,Secundaria,6.980754779865658,Adulto
P01018,Pichincha,Sierra,Urbana,Mujer,64,11.0,47.0,654.61,1,Secundaria,6.485566099956518,Mayor
P01019,Imbabura,Sierra,Urbana,Mujer,50,13.0,46.0,386.21,0,Superior,5.958967181515206,Mayor
P01020,Orellana,Amazonía,Urbana,Hombre,51,12.0,44.0,785.98,1,Secundaria,6.6682028351338785,Mayor
P01021,Guayas,Costa,Urbana,Mujer,29,9.0,47.0,567.72,1,Secundaria,6.343388221621228,Joven
P01022,Esmeraldas,Costa,Urbana,Hombre,45,11.0,45.0,688.6,1,Secundaria,6.536111719349483,Mayor
P01023,Guayas,Costa,Urbana,Hombre,63,15.0,40.0,1330.75,1,Superior,7.194249145797109,Mayor
P01025,Guayas,Costa,Urbana,Hombre,32,7.0,48.0,376.99,0,Secundaria,5.934867740243193,Adulto
P01026,Guayas,Costa,Rural,Mujer,58,9.0,35.0,495.34,0,Secundaria,6.207261175759138,Mayor
P01027,El Oro,Costa,Urbana,Hombre,45,14.0,36.0,1402.46,0,Superior,7.246695895217673,Mayor
P01028,Pichincha,Sierra,Rural,Hombre,52,9.0,38.0,860.62,0,Secundaria,6.758814338200439,Mayor
P01029,Morona Santiago,Amazonía,Urbana,Mujer,46,9.0,24.0,451.71,0,Secundaria,6.115251743882057,Mayor
P01031,Guayas,Costa,Urbana,Hombre,29,7.0,39.0,159.35,0,Secundaria,5.077358926139164,Joven
P01033,Pichincha,Sierra,Urbana,Hombre,19,21.0,38.0,901.61,0,Posgrado,6.805290566436336,Joven
P01034,Tungurahua,Sierra,Urbana,Hombre,45,11.0,39.0,1007.97,0,Secundaria,6.916685287503267,Mayor
P01035,Esmeraldas,Costa,Urbana,Hombre,20,11.0,43.0,740.99,1,Secundaria,6.609335765987615,Joven
P01036,Los Ríos,Costa,Urbana,Hombre,39,14.0,44.0,979.09,1,Superior,6.887644404182577,Adulto
P01037,Pichincha,Sierra,Urbana,Mujer,39,11.0,37.0,1287.32,0,Secundaria,7.161094323011372,Adulto
P01039,Tungurahua,Sierra,Urbana,Hombre,34,10.0,32.0,1018.49,0,Secundaria,6.927057781236634,Adulto
P01040,Guayas,Costa,Rural,Mujer,62,12.0,46.0,494.47,1,Secundaria,6.205506807032989,Mayor
P01041,Sucumbíos,Amazonía,Urbana,Mujer,43,12.0,46.0,584.34,1,Secundaria,6.372192874983733,Adulto
P01042,Manabí,Costa,Rural,Hombre,61,12.0,45.0,997.6,1,Secundaria,6.906354298066509,Mayor
P01043,Manabí,Costa,Rural,Mujer,35,13.0,32.0,539.97,0,Superior,6.29336382444385,Adulto
P01045,Chimborazo,Sierra,Urbana,Hombre,64,10.0,39.0,857.53,0,Secundaria,6.755221624397917,Mayor
P01046,Azuay,Sierra,Rural,Mujer,59,8.0,19.0,1128.59,0,Secundaria,7.029610014008574,Mayor
P01047,Manabí,Costa,Urbana,Mujer,56,13.0,47.0,388.46,1,Superior,5.964761164273432,Mayor
P01048,Pichincha,Sierra,Urbana,Mujer,60,11.0,57.0,1064.3,0,Secundaria,6.971011728617152,Mayor
P01049,Sucumbíos,Amazonía,Rural,Mujer,23,14.0,31.0,291.45,0,Superior,5.678293711889035,Joven
P01050,Chimborazo,Sierra,Urbana,Hombre,59,12.0,54.0,748.16,1,Secundaria,6.618952578861653,Mayor
P01051,Pichincha,Sierra,Rural,Hombre,26,13.0,19.0,942.95,0,Superior,6.850073198641052,Joven
P01052,Guayas,Costa,Urbana,Hombre,29,12.0,40.0,693.06,1,Secundaria,6.54255841210117,Joven
P01053,Chimborazo,Sierra,Rural,Hombre,39,10.0,33.0,457.57,0,Secundaria,6.128112951799098,Adulto
P01054,Manabí,Costa,Urbana,Mujer,62,13.0,36.0,239.11,0,Superior,5.481097151672685,Mayor
P01055,Guayas,Costa,Urbana,Mujer,50,7.0,43.0,976.76,1,Secundaria,6.885264241146605,Mayor
P01056,Guayas,Costa,Urbana,Hombre,21,17.0,53.0,1582.22,1,Posgrado,7.367216026851314,Joven
P01057,Tungurahua,Sierra,Urbana,Hombre,33,10.0,48.0,1157.19,1,Secundaria,7.054613720667039,Adulto
P01058,Imbabura,Sierra,Rural,Mujer,40,7.0,38.0,240.21,0,Secundaria,5.485667923363432,Adulto
P01059,Pichincha,Sierra,Urbana,Hombre,57,9.0,30.0,528.78,0,Secundaria,6.272461826031042,Mayor
P01060,Azuay,Sierra,Urbana,Hombre,49,10.0,36.0,503.59,0,Secundaria,6.223746218333217,Mayor
P01061,Esmeraldas,Costa,Rural,Hombre,43,7.0,35.0,276.8,0,Secundaria,5.626901430320244,Adulto
P01062,Esmeraldas,Costa,Urbana,Hombre,29,9.0,44.0,647.11,1,Secundaria,6.4740604350322695,Joven
P01063,Imbabura,Sierra,Urbana,Mujer,55,15.0,40.0,1086.96,1,Superior,6.992059662034167,Mayor
P01064,Los Ríos,Costa,Urbana,Mujer,53,11.0,42.0,406.13,0,Secundaria,6.009132544761389,Mayor
P01065,Imbabura,Sierra,Urbana,Mujer,30,12.0,47.0,449.31,0,Secundaria,6.109936234478222,Adulto
P01066,Esmeraldas,Costa,Urbana,Mujer,33,12.0,44.0,264.32,0,Secundaria,5.580936644657355,Adulto
P01067,Guayas,Costa,Rural,Mujer,22,15.0,34.0,641.28,0,Superior,6.465024345681484,Joven
P01068,Pichincha,Sierra,Rural,Hombre,18,10.0,40.0,537.16,1,Secundaria,6.28815591371735,Joven
P01069,Pichincha,Sierra,Urbana,Hombre,47,16.0,33.0,913.88,0,Superior,6.818792909133947,Mayor
P01070,El Oro,Costa,Rural,Mujer,48,5.0,56.0,328.09,0,Primaria,5.796331269586691,Mayor
P01071,Pichincha,Sierra,Urbana,Hombre,52,10.0,49.0,430.93,0,Secundaria,6.068263538077654,Mayor
P01072,Esmeraldas,Costa,Urbana,Hombre,18,12.0,28.0,510.11,0,Secundaria,6.236584831225561,Joven
P01073,Pichincha,Sierra,Urbana,Hombre,39,13.0,23.0,839.87,0,Superior,6.734437070141084,Adulto
P01074,Los Ríos,Costa,Urbana,Mujer,49,10.0,34.0,321.5,0,Secundaria,5.776103136235827,Mayor
P01075,Guayas,Costa,Urbana,Mujer,30,7.0,36.0,118.64,0,Secundaria,4.784487233761747,Adulto
P01076,Pichincha,Sierra,Urbana,Mujer,27,14.0,47.0,966.82,1,Superior,6.875046119572432,Joven
P01077,Guayas,Costa,Urbana,Mujer,64,12.0,67.0,1516.17,1,Secundaria,7.324602036352706,Mayor
P01078,Pichincha,Sierra,Rural,Hombre,64,16.0,37.0,492.26,0,Superior,6.201036418392097,Mayor
P01080,Pichincha,Sierra,Rural,Hombre,52,12.0,36.0,589.56,0,Secundaria,6.381071239281688,Mayor
P01081,Morona Santiago,Amazonía,Rural,Mujer,64,11.0,36.0,202.95,0,Secundaria,5.317874865763567,Mayor
P01082,Guayas,Costa,Urbana,Hombre,49,15.0,26.0,868.87,0,Superior,6.768343775196203,Mayor
P01083,Manabí,Costa,Urbana,Mujer,24,10.0,38.0,520.14,0,Secundaria,6.25601871966774,Joven
P01084,Pichincha,Sierra,Urbana,Hombre,18,10.0,40.0,574.1,1,Secundaria,6.354543938719709,Joven
P01085,Pichincha,Sierra,Urbana,Hombre,54,11.0,43.0,179.74,0,Secundaria,5.1970595344738095,Mayor
P01087,Guayas,Costa,Urbana,Mujer,57,13.0,46.0,463.38,0,Superior,6.14070318257422,Mayor
P01088,Guayas,Costa,Urbana,Mujer,35,15.0,43.0,548.58,1,Superior,6.309154350144111,Adulto
P01089,Pichincha,Sierra,Urbana,Mujer,37,15.0,47.0,1043.27,1,Superior,6.951073355695674,Adulto
P01090,Loja,Sierra,Urbana,Hombre,64,6.0,40.0,432.65,0,Primaria,6.072237757130464,Mayor
P01091,Orellana,Amazonía,Rural,Mujer,42,9.0,41.0,125.85,0,Secundaria,4.843005286045291,Adulto
P01092,Guayas,Costa,Rural,Hombre,61,14.0,28.0,983.85,0,Superior,6.892489345311704,Mayor
P01093,Guayas,Costa,Urbana,Hombre,30,8.0,48.0,180.49,0,Secundaria,5.20120055576831,Adulto
P01094,Guayas,Costa,Rural,Mujer,24,6.0,46.0,191.15,0,Primaria,5.258276317010853,Joven
P01095,Pichincha,Sierra,Rural,Mujer,23,9.0,40.0,567.42,1,Secundaria,6.342860582092304,Joven
P01096,Guayas,Costa,Rural,Hombre,46,6.0,36.0,471.02,0,Primaria,6.1570213575692065,Mayor
P01097,Esmeraldas,Costa,Rural,Hombre,36,6.0,27.0,436.33,0,Primaria,6.0806880588556576,Adulto
P01098,Pichincha,Sierra,Urbana,Hombre,64,9.0,53.0,507.65,1,Secundaria,6.231760157239758,Mayor
P01099,Los Ríos,Costa,Urbana,Mujer,51,13.0,47.0,577.06,1,Superior,6.359677669513258,Mayor
P01100,Pichincha,Sierra,Urbana,Hombre,33,12.0,46.0,1343.12,1,Secundaria,7.203494802811648,Adulto
P01101,Manabí,Costa,Urbana,Mujer,51,15.0,45.0,989.13,1,Superior,6.897836247639134,Mayor
P01102,Los Ríos,Costa,Rural,Mujer,61,5.0,48.0,283.37,0,Primaria,5.65027620713306,Mayor
P01104,Chimborazo,Sierra,Urbana,Hombre,18,6.0,23.0,331.19,0,Primaria,5.805707094378127,Joven
P01105,Los Ríos,Costa,Rural,Hombre,25,10.0,34.0,586.99,0,Secundaria,6.376709940951288,Joven
P01106,Tungurahua,Sierra,Rural,Mujer,29,7.0,33.0,232.38,0,Secundaria,5.452668026377961,Joven
P01107,Guayas,Costa,Rural,Mujer,31,10.0,46.0,448.75,0,Secundaria,6.108691872830643,Adulto
P01108,Pichincha,Sierra,Rural,Mujer,42,14.0,34.0,1273.76,0,Superior,7.150513204579922,Adulto
P01109,El Oro,Costa,Urbana,Mujer,44,18.0,48.0,784.4,1,Posgrado,6.666193142143909,Adulto
P01110,Guayas,Costa,Urbana,Mujer,19,6.0,36.0,506.87,0,Primaria,6.230225509317268,Joven
P01111,Chimborazo,Sierra,Urbana,Hombre,36,9.0,50.0,1071.82,1,Secundaria,6.978045974597571,Adulto
P01112,Chimborazo,Sierra,Urbana,Mujer,18,14.0,45.0,205.13,0,Superior,5.328507037711094,Joven
P01113,Azuay,Sierra,Urbana,Hombre,56,9.0,35.0,238.44,0,Secundaria,5.478302863544443,Mayor
P01114,Imbabura,Sierra,Urbana,Hombre,61,15.0,39.0,420.61,0,Superior,6.044080716110943,Mayor
P01115,Loja,Sierra,Rural,Hombre,45,10.0,57.0,390.98,0,Secundaria,5.971210818080714,Mayor
P01117,Pichincha,Sierra,Urbana,Hombre,31,12.0,48.0,1538.38,1,Secundaria,7.339135016940985,Adulto
P01118,Guayas,Costa,Rural,Hombre,21,16.0,42.0,867.47,0,Superior,6.766733042770225,Joven
P01119,Manabí,Costa,Rural,Hombre,58,14.0,46.0,604.32,1,Superior,6.405757243818826,Mayor
P01120,Imbabura,Sierra,Urbana,Hombre,25,12.0,39.0,399.19,0,Secundaria,5.991939434331194,Joven
P01121,Imbabura,Sierra,Rural,Hombre,42,11.0,39.0,307.93,0,Secundaria,5.733114714017486,Adulto
P01122,Pichincha,Sierra,Rural,Hombre,34,6.0,44.0,504.13,1,Primaria,6.224815821889613,Adulto
P01123,Sucumbíos,Amazonía,Urbana,Mujer,62,10.0,51.0,461.6,0,Secundaria,6.136862749797339,Mayor
P01124,Guayas,Costa,Urbana,Mujer,29,13.0,39.0,478.67,0,Superior,6.173098367465439,Joven
P01125,Guayas,Costa,Urbana,Hombre,28,13.0,47.0,668.54,1,Superior,6.506590909425665,Joven
P01126,Pichincha,Sierra,Rural,Hombre,26,5.0,37.0,209.72,0,Primaria,5.350530237994971,Joven
P01127,Azuay,Sierra,Rural,Hombre,61,8.0,23.0,401.74,0,Secundaria,5.998291192450259,Mayor
P01128,Sucumbíos,Amazonía,Urbana,Mujer,26,10.0,29.0,606.46,0,Secundaria,6.409286329425518,Joven
P01129,Tungurahua,Sierra,Urbana,Hombre,42,11.0,37.0,352.81,0,Secundaria,5.868760045882496,Adulto
P01130,Azuay,Sierra,Rural,Hombre,44,6.0,49.0,312.36,0,Primaria,5.747352689357576,Adulto
P01131,Esmeraldas,Costa,Urbana,Mujer,54,18.0,47.0,1055.95,1,Posgrado,6.963142681061695,Mayor
P01133,Manabí,Costa,Rural,Mujer,19,12.0,41.0,427.54,0,Secundaria,6.06038408257258,Joven
P01134,Los Ríos,Costa,Urbana,Hombre,46,17.0,49.0,1563.57,0,Posgrado,7.355366304837317,Mayor
P01135,Morona Santiago,Amazonía,Rural,Hombre,20,18.0,33.0,462.47,0,Posgrado,6.138741657992068,Joven
P01137,Manabí,Costa,Urbana,Mujer,19,10.0,39.0,643.01,0,Secundaria,6.467714253934107,Joven
P01138,Imbabura,Sierra,Urbana,Mujer,25,14.0,24.0,446.43,0,Superior,6.1035201008983035,Joven
P01139,Manabí,Costa,Rural,Mujer,29,14.0,51.0,701.78,1,Superior,6.5550438983098385,Joven
P01140,Guayas,Costa,Urbana,Hombre,59,12.0,54.0,734.87,1,Secundaria,6.601053472693101,Mayor
P01141,Guayas,Costa,Urbana,Mujer,56,13.0,46.0,419.06,0,Superior,6.040397558217161,Mayor
P01142,Chimborazo,Sierra,Urbana,Hombre,42,13.0,51.0,410.01,1,Superior,6.018617545100486,Adulto
P01143,Chimborazo,Sierra,Rural,Hombre,48,8.0,51.0,416.4,0,Secundaria,6.0340449946431,Mayor
P01144,Pichincha,Sierra,Urbana,Mujer,64,19.0,51.0,1129.39,1,Posgrado,7.030317984905144,Mayor
P01145,Loja,Sierra,Urbana,Mujer,28,12.0,43.0,389.4,0,Secundaria,5.967171854538938,Joven
P01146,Imbabura,Sierra,Rural,Mujer,24,15.0,42.0,952.13,1,Superior,6.859751305683656,Joven
P01147,Azuay,Sierra,Urbana,Mujer,21,15.0,22.0,427.63,0,Superior,6.060594075923562,Joven
P01148,Guayas,Costa,Urbana,Hombre,48,13.0,49.0,859.04,1,Superior,6.756978899793828,Mayor
P01149,Guayas,Costa,Urbana,Hombre,43,7.0,36.0,176.69,0,Secundaria,5.1800404589569835,Adulto
P01150,Imbabura,Sierra,Urbana,Hombre,50,12.0,25.0,505.34,0,Secundaria,6.22720838039793,Mayor
P01151,Azuay,Sierra,Rural,Hombre,24,5.0,36.0,239.27,0,Primaria,5.4817632910037,Joven
P01152,Tungurahua,Sierra,Urbana,Hombre,58,13.0,45.0,588.65,1,Superior,6.379529140535979,Mayor
P01153,Imbabura,Sierra,Urbana,Hombre,65,17.0,44.0,904.51,1,Posgrado,6.808498320884796,Mayor
P01154,Morona Santiago,Amazonía,Urbana,Hombre,38,16.0,39.0,1376.27,0,Superior,7.2278585579391645,Adulto
P01156,Pichincha,Sierra,Rural,Mujer,33,17.0,18.0,1314.74,0,Posgrado,7.182154523976999,Adulto
P01157,Guayas,Costa,Rural,Hombre,23,2.0,56.0,270.98,1,Primaria,5.6057285341808125,Joven
P01158,Manabí,Costa,Urbana,Mujer,53,11.0,12.0,268.15,0,Secundaria,5.5952688450069665,Mayor
P01160,Azuay,Sierra,Rural,Mujer,31,14.0,55.0,629.62,1,Superior,6.446703462434222,Adulto
P01162,Pichincha,Sierra,Urbana,Hombre,37,15.0,34.0,1014.97,0,Superior,6.923599100143425,Adulto
P01163,Pichincha,Sierra,Urbana,Mujer,61,12.0,43.0,243.09,0,Secundaria,5.4975370097428735,Mayor
P01165,Pichincha,Sierra,Urbana,Mujer,55,15.0,51.0,870.12,1,Superior,6.769779740037806,Mayor
P01166,Orellana,Amazonía,Urbana,Hombre,47,12.0,37.0,382.67,0,Secundaria,5.949782808113339,Mayor
P01167,Guayas,Costa,Urbana,Hombre,58,9.0,44.0,770.75,1,Secundaria,6.648660663382269,Mayor
P01168,Orellana,Amazonía,Rural,Mujer,55,10.0,43.0,546.57,1,Secundaria,6.305490307399324,Mayor
P01169,Pichincha,Sierra,Rural,Mujer,27,14.0,27.0,309.36,0,Superior,5.737732914025749,Joven
P01170,El Oro,Costa,Urbana,Hombre,46,8.0,30.0,381.84,0,Secundaria,5.947617147327706,Mayor
P01171,Manabí,Costa,Urbana,Hombre,44,10.0,41.0,643.19,1,Secundaria,6.467993713647151,Adulto
P01172,El Oro,Costa,Rural,Mujer,29,10.0,27.0,653.62,0,Secundaria,6.484054914609818,Joven
P01173,Esmeraldas,Costa,Urbana,Mujer,51,21.0,43.0,1261.39,1,Posgrado,7.140762028640717,Mayor
P01174,Guayas,Costa,Urbana,Hombre,54,5.0,25.0,279.14,0,Primaria,5.6352894782109,Mayor
P01175,Tungurahua,Sierra,Urbana,Mujer,23,15.0,36.0,603.75,0,Superior,6.404815149490137,Joven
P01176,Guayas,Costa,Rural,Mujer,56,11.0,28.0,662.04,0,Secundaria,6.496835320191009,Mayor
P01177,Los Ríos,Costa,Rural,Hombre,31,16.0,18.0,962.8,0,Superior,6.870883804206232,Adulto
P01178,Manabí,Costa,Urbana,Mujer,43,16.0,53.0,979.26,0,Superior,6.88781784259962,Adulto
P01179,Pichincha,Sierra,Urbana,Mujer,21,13.0,24.0,1228.11,0,Superior,7.114045609222335,Joven
P01180,Guayas,Costa,Urbana,Hombre,52,13.0,29.0,629.17,0,Superior,6.445989624254812,Mayor
P01181,Pichincha,Sierra,Rural,Mujer,25,11.0,42.0,367.13,0,Secundaria,5.908436136656566,Joven
P01182,Loja,Sierra,Urbana,Mujer,47,10.0,53.0,717.93,1,Secundaria,6.5777639955406135,Mayor
P01183,Guayas,Costa,Rural,Mujer,48,13.0,33.0,394.3,0,Superior,5.9796449703026395,Mayor
P01184,Manabí,Costa,Urbana,Mujer,49,14.0,52.0,1595.26,0,Superior,7.375418672009976,Mayor
P01185,El Oro,Costa,Urbana,Hombre,27,7.0,28.0,244.92,0,Secundaria,5.505006279790286,Joven
P01186,Guayas,Costa,Urbana,Mujer,41,11.0,49.0,746.77,1,Secundaria,6.617095444059754,Adulto
P01187,Morona Santiago,Amazonía,Rural,Hombre,30,16.0,48.0,426.8,0,Superior,6.0586557966483054,Adulto
P01188,Loja,Sierra,Urbana,Hombre,60,14.0,33.0,1223.21,0,Superior,7.110051016983508,Mayor
P01189,Tungurahua,Sierra,Urbana,Hombre,30,15.0,43.0,931.05,1,Superior,6.837386461315255,Adulto
P01190,Pichincha,Sierra,Urbana,Hombre,19,16.0,32.0,1125.38,0,Superior,7.026764229564326,Joven
P01191,Guayas,Costa,Urbana,Mujer,61,13.0,30.0,470.92,0,Superior,6.15680947969482,Mayor
P01193,Imbabura,Sierra,Rural,Hombre,62,9.0,40.0,427.09,0,Secundaria,6.05933345384981,Mayor
P01194,Pichincha,Sierra,Urbana,Mujer,58,14.0,42.0,365.95,0,Superior,5.905225598991072,Mayor
P01195,Pichincha,Sierra,Rural,Hombre,18,11.0,21.0,375.19,0,Secundaria,5.9300943349081034,Joven
P01196,Los Ríos,Costa,Rural,Mujer,22,12.0,35.0,629.8,0,Secundaria,6.446988855088883,Joven
P01197,Guayas,Costa,Rural,Mujer,41,14.0,41.0,627.95,1,Superior,6.444051762284881,Adulto
P01198,Guayas,Costa,Urbana,Hombre,28,14.0,64.0,379.44,0,Superior,5.941328477614185,Joven
P01199,Pichincha,Sierra,Rural,Mujer,46,15.0,49.0,941.62,1,Superior,6.8486632321724485,Mayor
P01200,Pichincha,Sierra,Rural,Mujer,28,6.0,42.0,234.59,0,Primaria,5.462093006054893,Joven
P01201,Guayas,Costa,Urbana,Hombre,32,19.0,39.0,1260.14,0,Posgrado,7.139771352799944,Adulto
P01202,Azuay,Sierra,Urbana,Hombre,24,13.0,29.0,730.05,0,Superior,6.594481856863447,Joven
P01203,Morona Santiago,Amazonía,Rural,Mujer,18,11.0,28.0,644.51,0,Secundaria,6.47004070203347,Joven
P01205,Guayas,Costa,Rural,Hombre,54,14.0,50.0,417.86,0,Superior,6.037536735210365,Mayor
P01207,Pichincha,Sierra,Urbana,Mujer,54,13.0,37.0,1012.66,0,Superior,6.921322822203675,Mayor
P01208,Loja,Sierra,Urbana,Hombre,59,12.0,54.0,729.31,1,Secundaria,6.593469101535192,Mayor
P01209,Guayas,Costa,Rural,Hombre,32,16.0,41.0,918.54,1,Superior,6.823873545001404,Adulto
P01210,Tungurahua,Sierra,Rural,Hombre,26,9.0,37.0,561.76,0,Secundaria,6.332853249509013,Joven
P01211,Orellana,Amazonía,Rural,Mujer,36,10.0,51.0,428.77,0,Secundaria,6.0632501818653495,Adulto
P01212,Morona Santiago,Amazonía,Rural,Mujer,41,5.0,40.0,169.99,0,Primaria,5.141605075260502,Adulto
P01213,Manabí,Costa,Urbana,Mujer,35,12.0,36.0,725.52,0,Secundaria,6.588266011881243,Adulto
P01214,Pichincha,Sierra,Urbana,Hombre,22,17.0,57.0,796.61,1,Posgrado,6.681619756181872,Joven
P01215,Pichincha,Sierra,Rural,Hombre,19,9.0,36.0,734.91,0,Secundaria,6.601107828643053,Joven
P01216,Guayas,Costa,Urbana,Hombre,39,14.0,52.0,851.28,1,Superior,6.747915111337166,Adulto
P01218,Guayas,Costa,Rural,Hombre,36,10.0,45.0,517.72,1,Secundaria,6.251364238547311,Adulto
P01219,Chimborazo,Sierra,Urbana,Mujer,30,13.0,34.0,1002.81,0,Superior,6.911558039315064,Adulto
P01220,Guayas,Costa,Urbana,Mujer,36,8.0,32.0,293.8,0,Secundaria,5.686297160315181,Adulto
P01221,Guayas,Costa,Urbana,Mujer,37,13.0,25.0,527.03,0,Superior,6.2691531002739875,Adulto
P01223,Los Ríos,Costa,Urbana,Hombre,52,11.0,36.0,434.73,0,Secundaria,6.077022785469567,Mayor
P01224,Guayas,Costa,Urbana,Mujer,22,11.0,34.0,340.22,1,Secundaria,5.832527430546763,Joven
P01225,Manabí,Costa,Urbana,Hombre,41,5.0,43.0,385.21,0,Primaria,5.956381262978711,Adulto
P01226,Manabí,Costa,Urbana,Hombre,54,5.0,43.0,408.23,0,Primaria,6.014277345173139,Mayor
P01227,Loja,Sierra,Rural,Hombre,50,8.0,34.0,856.62,0,Secundaria,6.7541611109401325,Mayor
P01228,Pichincha,Sierra,Rural,Hombre,53,12.0,40.0,794.23,1,Secundaria,6.678631380988892,Mayor
P01229,Loja,Sierra,Urbana,Mujer,50,9.0,47.0,399.63,0,Secundaria,5.993038308096273,Mayor
P01230,Pichincha,Sierra,Urbana,Mujer,29,9.0,65.0,437.73,0,Secundaria,6.083884189695508,Joven
P01231,Manabí,Costa,Urbana,Mujer,50,13.0,36.0,820.06,0,Superior,6.710596188389893,Mayor
P01232,Orellana,Amazonía,Rural,Mujer,29,16.0,43.0,790.65,1,Superior,6.674119374947443,Joven
P01233,Pichincha,Sierra,Rural,Mujer,55,8.0,42.0,196.29,0,Secundaria,5.284674727506878,Mayor
P01234,Los Ríos,Costa,Urbana,Hombre,44,8.0,51.0,299.07,0,Secundaria,5.704015780771546,Adulto
P01235,Guayas,Costa,Rural,Mujer,42,11.0,57.0,377.48,0,Secundaria,5.936163231322893,Adulto
P01236,Guayas,Costa,Urbana,Mujer,64,10.0,35.0,589.4,0,Secundaria,6.380800273286263,Mayor
P01237,Manabí,Costa,Urbana,Mujer,27,16.0,27.0,504.49,0,Superior,6.225528255871183,Joven
P01238,Pichincha,Sierra,Urbana,Hombre,18,15.0,52.0,354.39,0,Superior,5.873215778014616,Joven
P01239,Azuay,Sierra,Urbana,Mujer,32,11.0,57.0,567.8,1,Secundaria,6.343528878489031,Adulto
P01240,Manabí,Costa,Rural,Hombre,33,15.0,43.0,450.95,0,Superior,6.11357155424442,Adulto
P01241,Los Ríos,Costa,Rural,Hombre,58,17.0,36.0,889.15,0,Posgrado,6.791389987850872,Mayor
P01242,Los Ríos,Costa,Rural,Mujer,35,12.0,28.0,363.36,0,Secundaria,5.898142389876609,Adulto
P01243,Chimborazo,Sierra,Rural,Mujer,27,4.0,36.0,183.25,0,Primaria,5.216293531069446,Joven
P01244,Azuay,Sierra,Rural,Mujer,54,5.0,37.0,289.08,0,Primaria,5.670156747006541,Mayor
P01245,Sucumbíos,Amazonía,Urbana,Mujer,54,14.0,29.0,461.03,0,Superior,6.1356298240384834,Mayor
P01246,Chimborazo,Sierra,Urbana,Hombre,23,19.0,33.0,1115.86,0,Posgrado,7.018276455493343,Joven
P01247,Azuay,Sierra,Urbana,Hombre,33,12.0,26.0,651.93,0,Secundaria,6.481469925980592,Adulto
P01248,Pichincha,Sierra,Rural,Mujer,37,9.0,27.0,635.53,0,Secundaria,6.456031549644014,Adulto
P01249,Guayas,Costa,Urbana,Hombre,55,16.0,36.0,851.74,1,Superior,6.748454694463652,Mayor
P01252,Pichincha,Sierra,Urbana,Hombre,21,15.0,45.0,354.0,0,Superior,5.872117789475416,Joven
P01253,Chimborazo,Sierra,Rural,Hombre,59,10.0,52.0,373.85,0,Secundaria,5.926525945949071,Mayor
P01255,Pichincha,Sierra,Urbana,Mujer,27,12.0,48.0,466.05,0,Secundaria,6.146436318318858,Joven
P01257,Manabí,Costa,Urbana,Hombre,22,19.0,46.0,940.86,1,Posgrado,6.8478566435737855,Joven
P01258,Guayas,Costa,Urbana,Mujer,57,8.0,28.0,604.57,0,Secundaria,6.406170163247596,Mayor
P01259,Manabí,Costa,Rural,Mujer,57,6.0,52.0,315.78,0,Primaria,5.7582075266342745,Mayor
P01260,Manabí,Costa,Urbana,Mujer,18,16.0,44.0,1361.49,1,Superior,7.217069187060924,Joven
P01261,Morona Santiago,Amazonía,Rural,Hombre,60,10.0,30.0,516.75,0,Secundaria,6.249492500275694,Mayor
P01262,Imbabura,Sierra,Urbana,Mujer,51,9.0,31.0,413.2,0,Secundaria,6.026348948961484,Mayor
P01263,Guayas,Costa,Rural,Hombre,45,17.0,48.0,549.87,1,Posgrado,6.311498846651706,Mayor
P01264,Guayas,Costa,Rural,Mujer,18,6.0,47.0,178.87,0,Primaria,5.1922343677398795,Joven
P01265,Pichincha,Sierra,Rural,Mujer,54,12.0,44.0,175.06,0,Secundaria,5.17082484603276,Mayor
P01266,Guayas,Costa,Rural,Hombre,31,12.0,28.0,636.43,0,Secundaria,6.45744446708212,Adulto
P01267,Los Ríos,Costa,Urbana,Mujer,60,17.0,44.0,815.06,1,Posgrado,6.704487881672717,Mayor
P01268,Guayas,Costa,Rural,Mujer,49,8.0,64.0,197.87,0,Secundaria,5.29265134492141,Mayor
P01269,Los Ríos,Costa,Urbana,Mujer,28,12.0,48.0,581.56,1,Secundaria,6.367432184427123,Joven
P01270,Guayas,Costa,Rural,Mujer,21,11.0,59.0,301.88,0,Secundaria,5.7133366874610125,Joven
P01271,El Oro,Costa,Rural,Mujer,19,5.0,30.0,211.69,0,Primaria,5.359835706526454,Joven
P01272,Pichincha,Sierra,Rural,Mujer,45,10.0,16.0,163.4,0,Secundaria,5.10230248262208,Mayor
P01273,Pichincha,Sierra,Urbana,Mujer,40,12.0,26.0,341.87,0,Secundaria,5.837351366577616,Adulto
P01274,Guayas,Costa,Urbana,Mujer,18,17.0,53.0,862.68,1,Posgrado,6.76120232982964,Joven
P01275,Sucumbíos,Amazonía,Rural,Mujer,39,13.0,59.0,303.9,0,Superior,5.719983853994209,Adulto
P01276,Imbabura,Sierra,Urbana,Hombre,64,12.0,33.0,561.0,0,Secundaria,6.331501849893691,Mayor
P01277,Guayas,Costa,Rural,Mujer,37,9.0,40.0,212.34,0,Secundaria,5.362887137197337,Adulto
P01278,Guayas,Costa,Urbana,Mujer,59,12.0,44.0,1436.78,1,Secundaria,7.270855536312532,Mayor
P01279,Pichincha,Sierra,Urbana,Hombre,58,8.0,39.0,567.58,0,Secundaria,6.343142024486422,Mayor
P01280,Tungurahua,Sierra,Urbana,Hombre,20,11.0,44.0,407.58,1,Secundaria,6.012687733559507,Joven
P01281,Orellana,Amazonía,Urbana,Hombre,18,17.0,44.0,620.74,1,Posgrado,6.4325219989192695,Joven
P01282,Tungurahua,Sierra,Urbana,Mujer,27,14.0,42.0,596.52,1,Superior,6.392787756048811,Joven
P01284,Guayas,Costa,Urbana,Hombre,51,9.0,52.0,1524.28,1,Secundaria,7.329933278745268,Mayor
P01285,Los Ríos,Costa,Urbana,Hombre,35,15.0,52.0,271.97,0,Superior,5.609361899036709,Adulto
P01286,Azuay,Sierra,Rural,Mujer,47,10.0,36.0,345.83,0,Secundaria,5.84883474635534,Mayor
P01287,Imbabura,Sierra,Rural,Hombre,28,9.0,46.0,412.63,0,Secundaria,6.024971854412897,Joven
P01289,Imbabura,Sierra,Urbana,Hombre,54,12.0,44.0,1116.33,1,Secundaria,7.018697189635858,Mayor
P01290,Guayas,Costa,Rural,Mujer,23,8.0,41.0,497.67,1,Secundaria,6.21194455433595,Joven
P01291,Guayas,Costa,Rural,Hombre,44,17.0,51.0,770.66,1,Posgrado,6.64854403850605,Adulto
P01292,Guayas,Costa,Rural,Hombre,44,9.0,40.0,302.46,0,Secundaria,5.715249806097095,Adulto
P01294,Guayas,Costa,Rural,Mujer,65,2.0,55.0,189.35,0,Primaria,5.248864482828506,Mayor
P01296,Tungurahua,Sierra,Urbana,Hombre,21,11.0,44.0,555.36,1,Secundaria,6.32141556673893,Joven
P01297,Guayas,Costa,Rural,Hombre,38,4.0,30.0,227.51,0,Primaria,5.4315799730528065,Adulto
P01298,Los Ríos,Costa,Urbana,Hombre,31,9.0,42.0,562.94,1,Secundaria,6.334947862860266,Adulto
P01299,Tungurahua,Sierra,Rural,Hombre,37,9.0,54.0,699.18,1,Secundaria,6.5513374448449895,Adulto
P01300,Orellana,Amazonía,Rural,Hombre,25,11.0,53.0,581.71,1,Secundaria,6.367689635491389,Joven
P01301,Chimborazo,Sierra,Urbana,Hombre,61,12.0,47.0,479.57,1,Secundaria,6.174972899381502,Mayor
P01302,Orellana,Amazonía,Urbana,Hombre,41,11.0,31.0,223.73,0,Secundaria,5.414899681627901,Adulto
P01303,Sucumbíos,Amazonía,Rural,Mujer,54,10.0,66.0,595.33,1,Secundaria,6.390794205110063,Mayor
P01304,Sucumbíos,Amazonía,Urbana,Hombre,31,19.0,45.0,633.72,1,Posgrado,6.45318395676602,Adulto
P01306,Orellana,Amazonía,Rural,Hombre,49,6.0,30.0,385.28,0,Primaria,5.9565624950987175,Mayor
P01307,Guayas,Costa,Rural,Mujer,36,5.0,40.0,297.82,0,Primaria,5.699841385422939,Adulto
P01308,Pichincha,Sierra,Urbana,Hombre,63,15.0,45.0,584.8,1,Superior,6.372978434393633,Mayor
P01309,Orellana,Amazonía,Rural,Mujer,55,9.0,31.0,804.75,0,Secundaria,6.6917735206955475,Mayor
P01310,Guayas,Costa,Urbana,Mujer,54,13.0,44.0,526.54,1,Superior,6.2682246918592055,Mayor
P01311,Chimborazo,Sierra,Urbana,Hombre,61,12.0,34.0,360.5,0,Secundaria,5.890262041598819,Mayor
P01312,Galápagos,Insular,Urbana,Hombre,19,13.0,62.0,1476.09,1,Superior,7.297829215001296,Joven
P01313,El Oro,Costa,Urbana,Mujer,38,15.0,33.0,971.29,0,Superior,6.8796541138712275,Adulto
P01314,Guayas,Costa,Urbana,Mujer,31,17.0,46.0,733.82,1,Posgrado,6.599625571261251,Adulto
P01315,Tungurahua,Sierra,Urbana,Hombre,45,17.0,55.0,893.71,1,Posgrado,6.796499643421904,Mayor
P01316,Esmeraldas,Costa,Rural,Hombre,31,12.0,35.0,603.44,0,Secundaria,6.40430240954556,Adulto
P01317,Pichincha,Sierra,Urbana,Mujer,42,13.0,33.0,340.09,0,Superior,5.832146372078991,Adulto
P01318,Chimborazo,Sierra,Rural,Hombre,52,14.0,36.0,1592.99,0,Superior,7.37399558580476,Mayor
P01319,Imbabura,Sierra,Urbana,Mujer,47,13.0,54.0,961.1,1,Superior,6.869118395367219,Mayor
P01320,Sucumbíos,Amazonía,Rural,Hombre,27,12.0,40.0,1022.21,0,Secundaria,6.930700023477234,Joven
P01321,Guayas,Costa,Urbana,Hombre,60,10.0,46.0,434.7,0,Secundaria,6.076953933123397,Mayor
P01322,Sucumbíos,Amazonía,Rural,Hombre,39,10.0,56.0,681.18,1,Secundaria,6.525293552638936,Adulto
P01323,Pichincha,Sierra,Rural,Hombre,45,10.0,45.0,608.94,1,Secundaria,6.413360591673893,Mayor
P01324,Loja,Sierra,Urbana,Mujer,23,22.0,34.0,1048.01,0,Posgrado,6.955602141239325,Joven
P01325,Orellana,Amazonía,Rural,Hombre,31,8.0,24.0,246.11,0,Secundaria,5.509833581621267,Adulto
P01326,Manabí,Costa,Urbana,Mujer,20,10.0,39.0,532.99,0,Secundaria,6.28037711219309,Joven
P01327,Pichincha,Sierra,Rural,Mujer,52,2.0,45.0,211.06,0,Primaria,5.356869253497652,Mayor
P01328,Morona Santiago,Amazonía,Rural,Hombre,39,11.0,48.0,389.93,0,Secundaria,5.968528515824924,Adulto
P01329,Manabí,Costa,Rural,Hombre,25,9.0,24.0,349.77,0,Secundaria,5.860130738026946,Joven
P01330,Guayas,Costa,Urbana,Hombre,41,15.0,29.0,702.85,0,Superior,6.556565265273974,Adulto
P01331,Sucumbíos,Amazonía,Rural,Hombre,33,10.0,40.0,801.71,1,Secundaria,6.687993503014336,Adulto
P01332,Esmeraldas,Costa,Urbana,Mujer,30,16.0,60.0,860.85,1,Superior,6.7590812416004,Adulto
P01333,Orellana,Amazonía,Urbana,Hombre,65,5.0,36.0,776.77,1,Primaria,6.656430850651231,Mayor
P01334,Tungurahua,Sierra,Rural,Mujer,22,11.0,53.0,384.7,0,Secundaria,5.955059865214182,Joven
P01335,Guayas,Costa,Urbana,Hombre,39,16.0,57.0,558.89,1,Superior,6.327740335863147,Adulto
P01337,Manabí,Costa,Urbana,Mujer,43,14.0,55.0,593.23,1,Superior,6.38726644980519,Adulto
P01338,Manabí,Costa,Rural,Mujer,26,11.0,25.0,190.92,0,Secundaria,5.257078618531439,Joven
P01340,Guayas,Costa,Urbana,Mujer,39,11.0,35.0,636.04,0,Secundaria,6.456832447949189,Adulto
P01341,Guayas,Costa,Rural,Mujer,44,10.0,42.0,302.02,0,Secundaria,5.713798809931689,Adulto
P01342,Pichincha,Sierra,Urbana,Mujer,20,5.0,46.0,364.58,0,Primaria,5.901485133488458,Joven
P01343,Guayas,Costa,Urbana,Hombre,56,9.0,65.0,1320.49,1,Secundaria,7.1865151668571805,Mayor
P01344,Azuay,Sierra,Rural,Hombre,46,13.0,65.0,999.5,1,Superior,6.908255154023788,Mayor
P01345,Imbabura,Sierra,Rural,Hombre,54,7.0,45.0,611.07,1,Secundaria,6.416846655056505,Mayor
P01346,Manabí,Costa,Urbana,Mujer,58,20.0,47.0,1109.25,1,Posgrado,7.012340494172212,Mayor
P01347,Azuay,Sierra,Rural,Mujer,27,11.0,47.0,1243.82,1,Secundaria,7.1267462201331035,Joven
P01348,Pichincha,Sierra,Urbana,Hombre,34,11.0,51.0,537.61,1,Secundaria,6.28899174685943,Adulto
P01349,Guayas,Costa,Urbana,Hombre,28,16.0,42.0,888.18,1,Superior,6.790299689709334,Joven
P01350,Guayas,Costa,Urbana,Hombre,31,10.0,37.0,875.56,0,Secundaria,6.7760051560971375,Adulto
P01351,Pichincha,Sierra,Urbana,Hombre,63,11.0,34.0,1214.85,0,Secundaria,7.103198699654068,Mayor
P01352,Guayas,Costa,Rural,Hombre,41,11.0,40.0,350.43,0,Secundaria,5.862010544903483,Adulto
P01353,Guayas,Costa,Rural,Hombre,54,7.0,31.0,667.04,0,Secundaria,6.504348051983417,Mayor
P01354,Guayas,Costa,Urbana,Mujer,46,9.0,25.0,953.45,0,Secundaria,6.861135258346911,Mayor
P01355,Guayas,Costa,Urbana,Hombre,46,13.0,34.0,373.98,0,Superior,5.926872691214805,Mayor
P01356,Los Ríos,Costa,Rural,Mujer,20,14.0,49.0,294.8,0,Superior,5.689683550276699,Joven
P01357,Guayas,Costa,Rural,Mujer,31,8.0,50.0,126.35,0,Secundaria,4.8469392014254655,Adulto
P01359,Los Ríos,Costa,Urbana,Mujer,24,11.0,33.0,396.14,0,Secundaria,5.984288863358886,Joven
P01361,Imbabura,Sierra,Rural,Mujer,29,12.0,46.0,371.67,1,Secundaria,5.920693309550761,Joven
P01362,Manabí,Costa,Rural,Mujer,54,9.0,23.0,514.67,0,Secundaria,6.245467026008175,Mayor
P01363,Pichincha,Sierra,Rural,Hombre,50,14.0,55.0,637.56,1,Superior,6.459215641300424,Mayor
P01364,Chimborazo,Sierra,Urbana,Mujer,33,15.0,43.0,654.65,1,Superior,6.485627109977433,Adulto
P01365,El Oro,Costa,Rural,Hombre,57,5.0,59.0,594.41,1,Primaria,6.389250243872277,Mayor
P01367,Pichincha,Sierra,Urbana,Mujer,37,13.0,42.0,563.12,1,Superior,6.33526699482404,Adulto
P01368,Pichincha,Sierra,Rural,Hombre,60,4.0,47.0,376.75,1,Primaria,5.934232601152849,Mayor
P01369,Sucumbíos,Amazonía,Urbana,Mujer,25,7.0,37.0,232.74,0,Secundaria,5.454209386505011,Joven
P01371,Orellana,Amazonía,Urbana,Hombre,21,14.0,41.0,509.37,1,Superior,6.2351359528736525,Joven
P01372,Loja,Sierra,Urbana,Hombre,64,15.0,41.0,741.23,1,Superior,6.609659168181484,Mayor
P01374,El Oro,Costa,Rural,Mujer,39,12.0,52.0,552.7,1,Secundaria,6.316623023828922,Adulto
P01375,Guayas,Costa,Rural,Mujer,42,10.0,39.0,578.04,0,Secundaria,6.361371559815432,Adulto
P01376,Esmeraldas,Costa,Rural,Hombre,40,12.0,26.0,970.86,0,Secundaria,6.879211761164891,Adulto
P01377,Tungurahua,Sierra,Urbana,Mujer,25,12.0,38.0,159.22,0,Secundaria,5.076547870786971,Joven
P01378,Loja,Sierra,Rural,Mujer,30,10.0,34.0,517.27,0,Secundaria,6.25049634198467,Adulto
P01379,Guayas,Costa,Rural,Hombre,33,11.0,27.0,1052.59,0,Secundaria,6.959958659115996,Adulto
P01380,Pichincha,Sierra,Rural,Hombre,39,13.0,43.0,864.22,1,Superior,6.762983809854266,Adulto
P01381,Guayas,Costa,Urbana,Mujer,65,10.0,31.0,727.13,0,Secundaria,6.590479603683278,Mayor
P01382,Imbabura,Sierra,Urbana,Mujer,65,4.0,31.0,417.12,0,Primaria,6.035768472664507,Mayor
P01383,Sucumbíos,Amazonía,Urbana,Hombre,27,14.0,39.0,467.1,0,Superior,6.148681948306025,Joven
P01384,Guayas,Costa,Urbana,Hombre,41,15.0,25.0,1005.82,0,Superior,6.91455212798241,Adulto
P01385,Azuay,Sierra,Urbana,Mujer,18,11.0,47.0,509.7,0,Secundaria,6.2357823336535985,Joven
P01386,Chimborazo,Sierra,Urbana,Hombre,35,9.0,50.0,600.96,1,Secundaria,6.400190997918518,Adulto
P01387,Guayas,Costa,Rural,Hombre,62,11.0,40.0,309.15,0,Secundaria,5.737056051419127,Mayor
P01388,Imbabura,Sierra,Rural,Hombre,63,4.0,54.0,489.78,0,Primaria,6.19599596221021,Mayor
P01389,Chimborazo,Sierra,Urbana,Hombre,20,14.0,44.0,1502.28,1,Superior,7.315404666480897,Joven
P01390,El Oro,Costa,Urbana,Hombre,45,19.0,37.0,1025.97,0,Posgrado,6.934367998206866,Mayor
P01391,Pichincha,Sierra,Urbana,Hombre,59,9.0,37.0,788.49,0,Secundaria,6.67138716737102,Mayor
P01392,Tungurahua,Sierra,Rural,Mujer,33,8.0,64.0,406.96,0,Secundaria,6.011169130382317,Adulto
P01393,Pichincha,Sierra,Rural,Mujer,36,10.0,30.0,335.25,0,Secundaria,5.817854930916049,Adulto
P01394,Guayas,Costa,Urbana,Hombre,61,11.0,23.0,154.06,0,Secundaria,5.043812138790813,Mayor
P01395,Chimborazo,Sierra,Urbana,Mujer,24,8.0,34.0,272.48,0,Secundaria,5.611228493045593,Joven
P01396,Imbabura,Sierra,Urbana,Hombre,39,6.0,49.0,578.48,1,Primaria,6.362131149673451,Adulto
P01397,Guayas,Costa,Rural,Hombre,51,9.0,36.0,510.85,0,Secundaria,6.23803161336578,Mayor
P01398,Imbabura,Sierra,Rural,Hombre,28,15.0,39.0,734.11,0,Superior,6.600020147878862,Joven
P01399,Manabí,Costa,Urbana,Hombre,47,18.0,29.0,752.62,0,Posgrado,6.624888262188125,Mayor
P01400,Los Ríos,Costa,Urbana,Mujer,18,14.0,31.0,456.34,0,Superior,6.125427096770949,Joven
P01401,Tungurahua,Sierra,Urbana,Hombre,22,5.0,41.0,426.06,0,Primaria,6.056924518579768,Joven
P01402,Esmeraldas,Costa,Rural,Mujer,20,2.0,17.0,433.71,0,Primaria,6.0746791421009805,Joven
P01403,Loja,Sierra,Urbana,Mujer,19,14.0,19.0,403.44,0,Superior,6.002503394223198,Joven
P01404,Pichincha,Sierra,Urbana,Mujer,18,9.0,47.0,269.56,0,Secundaria,5.600493885150271,Joven
P01405,Azuay,Sierra,Rural,Mujer,54,9.0,47.0,314.9,0,Secundaria,5.7554257078080395,Mayor
P01406,Pichincha,Sierra,Urbana,Hombre,28,14.0,42.0,679.29,1,Superior,6.522519177845653,Joven
P01407,Guayas,Costa,Urbana,Mujer,46,16.0,64.0,1016.39,1,Superior,6.924995803364539,Mayor
P01408,Guayas,Costa,Urbana,Mujer,26,10.0,42.0,344.72,0,Secundaria,5.8456291988844375,Joven
P01410,Guayas,Costa,Urbana,Mujer,29,6.0,50.0,159.29,0,Primaria,5.07698467463779,Joven
P01411,Guayas,Costa,Rural,Hombre,35,11.0,24.0,284.64,0,Secundaria,5.654732276680909,Adulto
P01412,Esmeraldas,Costa,Rural,Mujer,41,11.0,38.0,543.78,0,Secundaria,6.3003820434419175,Adulto
P01413,Pichincha,Sierra,Urbana,Hombre,48,12.0,39.0,1087.68,0,Secundaria,6.99272123218473,Mayor
P01414,Azuay,Sierra,Urbana,Hombre,50,14.0,44.0,347.0,0,Superior,5.8522024797744745,Mayor
P01416,Pichincha,Sierra,Urbana,Hombre,29,13.0,43.0,617.84,1,Superior,6.427846757850868,Joven
P01417,Azuay,Sierra,Urbana,Mujer,20,10.0,39.0,522.78,0,Secundaria,6.261071748832231,Joven
P01418,Guayas,Costa,Rural,Hombre,20,6.0,49.0,130.23,0,Primaria,4.876951508908196,Joven
P01419,Chimborazo,Sierra,Urbana,Mujer,50,7.0,44.0,183.76,0,Secundaria,5.2190576855624045,Mayor
P01420,Pichincha,Sierra,Rural,Hombre,37,12.0,44.0,421.04,0,Secundaria,6.045100096273892,Adulto
P01421,Pichincha,Sierra,Urbana,Mujer,32,12.0,72.0,462.53,0,Secundaria,6.138871107830436,Adulto
P01422,Azuay,Sierra,Rural,Hombre,26,9.0,60.0,1542.27,1,Secundaria,7.341658820853079,Joven
P01423,Imbabura,Sierra,Urbana,Hombre,39,8.0,45.0,396.23,0,Secundaria,5.984515458019775,Adulto
P01424,Chimborazo,Sierra,Urbana,Mujer,21,14.0,51.0,432.96,0,Superior,6.07295236395425,Joven
P01425,Manabí,Costa,Rural,Mujer,34,13.0,41.0,433.85,0,Superior,6.075001144035774,Adulto
P01426,Morona Santiago,Amazonía,Urbana,Hombre,29,14.0,46.0,893.35,1,Superior,6.796097197439255,Joven
P01428,Orellana,Amazonía,Rural,Hombre,56,10.0,55.0,607.18,1,Secundaria,6.410470890782813,Mayor
P01429,Esmeraldas,Costa,Rural,Hombre,59,8.0,52.0,535.32,1,Secundaria,6.284730997853663,Mayor
P01430,Chimborazo,Sierra,Urbana,Hombre,32,12.0,28.0,520.54,0,Secundaria,6.256785973321061,Adulto
P01431,Pichincha,Sierra,Urbana,Mujer,34,16.0,24.0,420.45,0,Superior,6.0437011464434915,Adulto
P01432,Chimborazo,Sierra,Urbana,Mujer,20,12.0,37.0,608.93,0,Secundaria,6.413344196484241,Joven
P01433,Tungurahua,Sierra,Rural,Hombre,20,0.0,49.0,167.11,0,Primaria,5.124618527044968,Joven
P01434,Pichincha,Sierra,Urbana,Mujer,34,14.0,38.0,1414.21,0,Superior,7.255033208959672,Adulto
P01435,Pichincha,Sierra,Urbana,Mujer,22,12.0,39.0,1028.65,0,Secundaria,6.936974217651358,Joven
P01436,Pichincha,Sierra,Urbana,Mujer,63,13.0,37.0,653.04,0,Superior,6.483168511666386,Mayor
P01437,Azuay,Sierra,Urbana,Hombre,37,17.0,47.0,1486.63,1,Posgrado,7.304939528559052,Adulto
P01438,Pichincha,Sierra,Urbana,Hombre,62,12.0,48.0,485.89,1,Secundaria,6.188038224879573,Mayor
P01440,Pichincha,Sierra,Urbana,Hombre,57,8.0,51.0,1475.64,1,Secundaria,7.297524515517266,Mayor
P01441,Pichincha,Sierra,Rural,Hombre,45,13.0,23.0,460.68,0,Superior,6.134872010402711,Mayor
P01442,Pichincha,Sierra,Rural,Hombre,64,17.0,56.0,763.66,1,Posgrado,6.639431290587385,Mayor
P01443,Pichincha,Sierra,Urbana,Hombre,62,13.0,41.0,725.5,1,Superior,6.588238483010338,Mayor
P01444,Sucumbíos,Amazonía,Urbana,Mujer,57,6.0,27.0,88.5,0,Primaria,4.4942386252808095,Mayor
P01445,Tungurahua,Sierra,Rural,Mujer,49,13.0,56.0,420.76,0,Superior,6.044436431874088,Mayor
P01446,El Oro,Costa,Urbana,Hombre,52,10.0,52.0,458.2,0,Secundaria,6.129485845005356,Mayor
P01447,Morona Santiago,Amazonía,Urbana,Mujer,45,13.0,42.0,535.74,1,Superior,6.2855138059379225,Mayor
P01448,Manabí,Costa,Urbana,Mujer,64,6.0,49.0,586.56,1,Primaria,6.375978368463214,Mayor
P01449,Orellana,Amazonía,Rural,Mujer,59,10.0,54.0,260.8,0,Secundaria,5.5675808534758,Mayor
P01450,Tungurahua,Sierra,Rural,Mujer,56,5.0,58.0,166.16,0,Primaria,5.118951437579715,Mayor
P01452,Imbabura,Sierra,Urbana,Mujer,23,7.0,38.0,507.99,0,Secundaria,6.232428369992108,Joven
P01453,Guayas,Costa,Rural,Hombre,19,11.0,32.0,698.93,0,Secundaria,6.550980330043071,Joven
P01454,Pichincha,Sierra,Urbana,Mujer,18,14.0,38.0,421.25,0,Superior,6.04559755568791,Joven
P01455,Pichincha,Sierra,Rural,Hombre,63,9.0,42.0,662.1,1,Secundaria,6.496925808374822,Mayor
P01456,Sucumbíos,Amazonía,Rural,Mujer,34,10.0,72.0,144.03,0,Secundaria,4.976940617572159,Adulto
P01457,Guayas,Costa,Rural,Mujer,38,11.0,30.0,192.34,0,Secundaria,5.2644502970364595,Adulto
P01458,Esmeraldas,Costa,Rural,Mujer,24,12.0,52.0,442.79,1,Secundaria,6.095351477572255,Joven
P01459,Guayas,Costa,Rural,Hombre,35,15.0,31.0,1212.0,0,Superior,7.10085190894405,Adulto
P01460,Pichincha,Sierra,Rural,Hombre,48,13.0,28.0,478.73,0,Superior,6.173223445639461,Mayor
P01461,Manabí,Costa,Urbana,Mujer,60,10.0,42.0,593.06,1,Secundaria,6.3869803243624785,Mayor
P01462,Pichincha,Sierra,Rural,Mujer,47,10.0,44.0,475.55,1,Secundaria,6.166572649383635,Mayor
P01463,Loja,Sierra,Urbana,Hombre,29,16.0,44.0,1467.45,1,Superior,7.291962701710362,Joven
P01464,Guayas,Costa,Rural,Mujer,64,6.0,48.0,690.7,1,Primaria,6.5391523356065395,Mayor
P01465,Los Ríos,Costa,Urbana,Mujer,20,11.0,52.0,417.75,0,Secundaria,6.037274083139276,Joven
P01466,Pichincha,Sierra,Urbana,Hombre,37,14.0,20.0,593.78,0,Superior,6.388191589272861,Adulto
P01467,Pichincha,Sierra,Urbana,Mujer,47,18.0,59.0,665.56,1,Posgrado,6.502130158072607,Mayor
P01468,Pichincha,Sierra,Urbana,Hombre,19,14.0,60.0,1221.62,1,Superior,7.1087513760409005,Joven
P01469,Orellana,Amazonía,Urbana,Hombre,34,6.0,45.0,387.9,0,Primaria,5.963322241161702,Adulto
P01470,Guayas,Costa,Rural,Mujer,48,6.0,53.0,171.15,0,Primaria,5.148366189784533,Mayor
P01471,Manabí,Costa,Urbana,Mujer,41,15.0,46.0,430.11,0,Superior,6.066363277958191,Adulto
P01472,Guayas,Costa,Urbana,Mujer,41,8.0,34.0,524.82,0,Secundaria,6.264958948848913,Adulto
P01473,Guayas,Costa,Urbana,Mujer,25,12.0,43.0,1461.12,1,Secundaria,7.287642716284764,Joven
P01475,El Oro,Costa,Rural,Hombre,38,10.0,54.0,405.12,0,Secundaria,6.006648682433022,Adulto
P01476,Azuay,Sierra,Rural,Hombre,25,4.0,45.0,258.26,0,Primaria,5.5578314191718965,Joven
P01477,Orellana,Amazonía,Urbana,Hombre,50,15.0,31.0,719.82,0,Superior,6.580389452857024,Mayor
P01478,Esmeraldas,Costa,Urbana,Mujer,27,10.0,39.0,445.08,0,Secundaria,6.100498308132105,Joven
P01479,Los Ríos,Costa,Urbana,Hombre,45,12.0,40.0,660.05,1,Secundaria,6.493829479956106,Mayor
P01480,Pichincha,Sierra,Urbana,Hombre,22,20.0,40.0,648.01,1,Posgrado,6.475448124905876,Joven
P01481,Azuay,Sierra,Urbana,Mujer,30,18.0,36.0,919.34,0,Posgrado,6.824743166988073,Adulto
P01482,Pichincha,Sierra,Urbana,Hombre,46,10.0,40.0,266.75,0,Secundaria,5.590053709327858,Mayor
P01484,Guayas,Costa,Rural,Mujer,41,14.0,27.0,297.35,0,Superior,5.698267293968091,Adulto
P01485,Guayas,Costa,Rural,Hombre,46,10.0,36.0,341.29,0,Secundaria,5.835658330969755,Mayor
P01486,Guayas,Costa,Urbana,Mujer,18,9.0,39.0,387.67,0,Secundaria,5.962730654534883,Joven
P01488,Orellana,Amazonía,Rural,Mujer,57,13.0,50.0,354.8,0,Superior,5.874368775231734,Mayor
P01489,Manabí,Costa,Urbana,Mujer,50,15.0,36.0,729.39,0,Superior,6.593578638058886,Mayor
P01490,Azuay,Sierra,Rural,Hombre,62,10.0,49.0,1359.1,1,Secundaria,7.215313505438708,Mayor
P01491,Los Ríos,Costa,Urbana,Hombre,62,14.0,56.0,581.36,1,Superior,6.367088813205125,Mayor
P01492,Azuay,Sierra,Urbana,Hombre,39,17.0,55.0,1020.57,1,Posgrado,6.929095938586287,Adulto
P01493,Esmeraldas,Costa,Urbana,Mujer,45,2.0,32.0,317.4,0,Primaria,5.763308453970228,Mayor
P01494,Los Ríos,Costa,Rural,Hombre,63,12.0,53.0,555.42,1,Secundaria,6.3215234047663165,Mayor
P01495,Pichincha,Sierra,Urbana,Mujer,42,13.0,43.0,696.38,1,Superior,6.547330455883672,Adulto
P01496,Azuay,Sierra,Rural,Mujer,36,3.0,58.0,164.22,0,Primaria,5.10727791913436,Adulto
P01498,Guayas,Costa,Urbana,Hombre,23,15.0,40.0,604.66,1,Superior,6.406318772512832,Joven
P01499,Guayas,Costa,Urbana,Mujer,23,14.0,32.0,511.14,0,Superior,6.238598025162288,Joven
P01500,Los Ríos,Costa,Rural,Hombre,34,10.0,52.0,501.85,1,Secundaria,6.220291914890489,Adulto
P01503,Azuay,Sierra,Urbana,Mujer,46,12.0,38.0,447.48,0,Secundaria,6.105864087416478,Mayor
P01504,Esmeraldas,Costa,Urbana,Hombre,26,7.0,49.0,201.27,0,Secundaria,5.309603438565004,Joven
P01505,Los Ríos,Costa,Urbana,Mujer,24,16.0,61.0,882.09,1,Superior,6.783427120664747,Joven
P01506,Pichincha,Sierra,Urbana,Mujer,22,14.0,27.0,468.17,0,Superior,6.150965176116234,Joven
P01507,Los Ríos,Costa,Urbana,Mujer,54,7.0,73.0,660.35,1,Secundaria,6.494283200472056,Mayor
P01508,Pichincha,Sierra,Rural,Hombre,40,13.0,43.0,765.72,1,Superior,6.642121676046975,Adulto
P01509,Tungurahua,Sierra,Rural,Mujer,64,9.0,45.0,305.42,0,Secundaria,5.724956709887608,Mayor
P01510,Pichincha,Sierra,Rural,Hombre,30,4.0,54.0,327.51,0,Primaria,5.794567278861639,Adulto
P01511,Pichincha,Sierra,Urbana,Mujer,27,11.0,62.0,1197.14,1,Secundaria,7.088525633283355,Joven
P01512,Orellana,Amazonía,Urbana,Hombre,22,14.0,28.0,571.86,0,Superior,6.350641358764036,Joven
P01513,Chimborazo,Sierra,Urbana,Mujer,22,14.0,34.0,469.23,0,Superior,6.153221936707843,Joven
P01514,Azuay,Sierra,Urbana,Mujer,22,20.0,36.0,625.1,0,Posgrado,6.439510102751265,Joven
P01515,Guayas,Costa,Urbana,Hombre,62,12.0,41.0,899.8,1,Secundaria,6.803283257385426,Mayor
P01516,Guayas,Costa,Urbana,Mujer,35,8.0,55.0,236.32,0,Secundaria,5.469409441390442,Adulto
P01517,Guayas,Costa,Urbana,Hombre,30,8.0,69.0,1006.28,1,Secundaria,6.915008907693445,Adulto
P01518,Guayas,Costa,Rural,Mujer,37,8.0,37.0,169.47,0,Secundaria,5.138559328162834,Adulto
P01519,Pichincha,Sierra,Urbana,Mujer,26,13.0,42.0,435.87,0,Superior,6.079635668001265,Joven
P01520,Guayas,Costa,Rural,Hombre,35,4.0,39.0,259.9,0,Primaria,5.564137192142683,Adulto
P01521,Pichincha,Sierra,Urbana,Mujer,44,14.0,38.0,1230.82,0,Superior,7.116248029523147,Adulto
P01522,Pichincha,Sierra,Urbana,Hombre,52,10.0,28.0,883.43,0,Secundaria,6.784943369710555,Mayor
P01523,Chimborazo,Sierra,Urbana,Hombre,18,12.0,31.0,615.36,0,Secundaria,6.423831208413652,Joven
P01524,Tungurahua,Sierra,Urbana,Mujer,47,11.0,36.0,400.68,0,Secundaria,5.99565575172645,Mayor
P01525,Los Ríos,Costa,Urbana,Mujer,30,9.0,16.0,412.06,0,Secundaria,6.0235928608595035,Adulto
P01526,Imbabura,Sierra,Urbana,Mujer,51,9.0,54.0,634.23,1,Secundaria,6.453987138036805,Mayor
P01527,Guayas,Costa,Urbana,Hombre,32,13.0,41.0,521.85,1,Superior,6.259294616044598,Adulto
P01528,Tungurahua,Sierra,Rural,Hombre,57,8.0,39.0,404.8,0,Secundaria,6.005860427391714,Mayor
P01529,Chimborazo,Sierra,Rural,Mujer,65,12.0,44.0,788.92,1,Secundaria,6.671931674510553,Mayor
P01530,Sucumbíos,Amazonía,Urbana,Hombre,61,13.0,34.0,640.81,1,Superior,6.464292309732308,Mayor
P01531,Guayas,Costa,Rural,Mujer,41,12.0,61.0,311.72,0,Secundaria,5.7453082214846996,Adulto
P01532,Chimborazo,Sierra,Urbana,Mujer,40,7.0,40.0,337.21,0,Secundaria,5.823667004330126,Adulto
P01533,Loja,Sierra,Urbana,Hombre,39,8.0,42.0,419.7,1,Secundaria,6.041919990596475,Adulto
P01534,Guayas,Costa,Rural,Mujer,38,12.0,65.0,680.62,1,Secundaria,6.524472317807621,Adulto
P01535,Manabí,Costa,Urbana,Hombre,21,10.0,12.0,864.14,0,Secundaria,6.7628913435466105,Joven
P01537,Guayas,Costa,Urbana,Mujer,60,11.0,36.0,580.52,0,Secundaria,6.36564536517638,Mayor
P01538,Azuay,Sierra,Rural,Mujer,47,8.0,28.0,466.22,0,Secundaria,6.14680023881695,Mayor
P01539,El Oro,Costa,Urbana,Mujer,21,9.0,34.0,224.32,0,Secundaria,5.417521614026513,Joven
P01540,Pichincha,Sierra,Urbana,Mujer,37,14.0,46.0,1193.24,1,Superior,7.08526527877887,Adulto
P01541,Guayas,Costa,Urbana,Mujer,33,9.0,43.0,457.72,0,Secundaria,6.12844000213506,Adulto
P01542,Guayas,Costa,Rural,Mujer,63,4.0,30.0,484.96,0,Primaria,6.186126315986542,Mayor
P01543,Guayas,Costa,Urbana,Mujer,18,7.0,41.0,363.62,0,Secundaria,5.898855715375319,Joven
P01546,El Oro,Costa,Urbana,Mujer,42,13.0,44.0,906.82,1,Superior,6.811046121064104,Adulto
P01547,Esmeraldas,Costa,Rural,Mujer,37,5.0,40.0,370.39,0,Primaria,5.917252723408029,Adulto
P01548,Sucumbíos,Amazonía,Rural,Mujer,34,7.0,37.0,193.57,0,Secundaria,5.270791995483284,Adulto
P01550,Guayas,Costa,Rural,Hombre,53,12.0,40.0,794.66,1,Secundaria,6.679171958917562,Mayor
P01552,Guayas,Costa,Rural,Mujer,55,10.0,23.0,516.66,0,Secundaria,6.249318656097587,Mayor
P01553,Guayas,Costa,Rural,Hombre,26,10.0,44.0,220.98,0,Secundaria,5.402587287723834,Joven
P01554,Imbabura,Sierra,Urbana,Mujer,30,14.0,56.0,737.3,1,Superior,6.60435024606512,Adulto
P01555,Azuay,Sierra,Urbana,Hombre,41,14.0,50.0,573.36,1,Superior,6.3532563774261765,Adulto
P01556,Pichincha,Sierra,Urbana,Hombre,59,7.0,66.0,637.62,1,Secundaria,6.459309598299506,Mayor
P01557,Guayas,Costa,Rural,Mujer,64,11.0,67.0,550.69,1,Secundaria,6.3129862943211075,Mayor
P01558,Guayas,Costa,Rural,Mujer,58,13.0,39.0,262.63,0,Superior,5.574546604953836,Mayor
P01559,Los Ríos,Costa,Urbana,Hombre,53,16.0,40.0,980.68,1,Superior,6.889265389668292,Mayor
P01560,Pichincha,Sierra,Rural,Mujer,65,14.0,44.0,963.52,1,Superior,6.871630568263504,Mayor
P01561,Pichincha,Sierra,Urbana,Mujer,19,13.0,54.0,773.61,1,Superior,6.652359676886295,Joven
P01562,El Oro,Costa,Rural,Mujer,19,15.0,45.0,411.07,0,Superior,6.021193237830283,Joven
P01563,Pichincha,Sierra,Urbana,Hombre,27,9.0,61.0,514.39,1,Secundaria,6.2449238956241375,Joven
P01564,Imbabura,Sierra,Urbana,Hombre,35,9.0,45.0,483.28,1,Secundaria,6.182663251839539,Adulto
P01565,Pichincha,Sierra,Urbana,Hombre,52,16.0,39.0,1034.87,0,Superior,6.942996932320343,Mayor
P01566,El Oro,Costa,Rural,Mujer,19,12.0,25.0,300.42,0,Secundaria,5.7085046409915305,Joven
P01567,Guayas,Costa,Rural,Hombre,25,11.0,23.0,395.45,0,Secundaria,5.982549929718408,Joven
P01568,Pichincha,Sierra,Rural,Hombre,55,12.0,54.0,376.67,0,Secundaria,5.934020798446277,Mayor
P01569,Imbabura,Sierra,Rural,Mujer,35,10.0,32.0,109.97,1,Secundaria,4.709259894512472,Adulto
P01570,Pichincha,Sierra,Urbana,Hombre,43,16.0,28.0,665.42,0,Superior,6.501920102407084,Adulto
P01571,Loja,Sierra,Urbana,Hombre,26,9.0,50.0,207.26,0,Secundaria,5.3387872991017495,Joven
P01572,Sucumbíos,Amazonía,Rural,Hombre,39,9.0,41.0,577.17,1,Secundaria,6.35986794307532,Adulto
P01573,Guayas,Costa,Rural,Hombre,48,6.0,59.0,261.74,0,Primaria,5.571164950041362,Mayor
P01574,Azuay,Sierra,Urbana,Hombre,26,17.0,21.0,553.06,0,Posgrado,6.317272984132008,Joven
P01575,Imbabura,Sierra,Urbana,Mujer,57,13.0,32.0,501.87,0,Superior,6.220331687391787,Mayor
P01576,Guayas,Costa,Urbana,Hombre,39,14.0,51.0,467.73,0,Superior,6.150026909707706,Adulto
P01577,El Oro,Costa,Rural,Hombre,56,11.0,45.0,755.1,1,Secundaria,6.628173642564224,Mayor
P01578,Pichincha,Sierra,Urbana,Hombre,28,14.0,49.0,550.62,1,Superior,6.312859403419921,Joven
P01579,Guayas,Costa,Urbana,Mujer,31,13.0,40.0,1547.54,1,Superior,7.3450678305294215,Adulto
P01580,Guayas,Costa,Rural,Hombre,19,10.0,38.0,331.4,0,Secundaria,5.806339062981293,Joven
P01581,Tungurahua,Sierra,Urbana,Hombre,32,12.0,29.0,678.91,0,Secundaria,6.521960436469552,Adulto
P01582,El Oro,Costa,Urbana,Mujer,26,14.0,56.0,483.03,1,Superior,6.18214688826681,Joven
P01583,Imbabura,Sierra,Urbana,Mujer,46,20.0,50.0,551.78,1,Posgrado,6.314960092348896,Mayor
P01584,Chimborazo,Sierra,Rural,Mujer,53,13.0,51.0,212.59,0,Superior,5.364058289510713,Mayor
P01585,Orellana,Amazonía,Rural,Hombre,25,8.0,37.0,567.22,0,Secundaria,6.342508667674258,Joven
P01586,Pichincha,Sierra,Urbana,Mujer,31,10.0,34.0,1041.55,0,Secundaria,6.949424914153529,Adulto
P01587,El Oro,Costa,Urbana,Hombre,21,11.0,41.0,551.59,1,Secundaria,6.314616316053408,Joven
P01589,Guayas,Costa,Urbana,Mujer,57,13.0,55.0,920.91,1,Superior,6.826447604909185,Mayor
P01590,Esmeraldas,Costa,Urbana,Hombre,61,7.0,38.0,355.59,0,Secundaria,5.876586662411048,Mayor
P01592,Azuay,Sierra,Rural,Hombre,38,4.0,35.0,173.1,0,Primaria,5.159629846774143,Adulto
P01593,Pichincha,Sierra,Rural,Hombre,44,17.0,49.0,744.78,1,Posgrado,6.614430650544167,Adulto
P01594,Loja,Sierra,Urbana,Mujer,51,11.0,38.0,650.77,0,Secundaria,6.479691738955752,Mayor
P01595,Chimborazo,Sierra,Urbana,Hombre,24,10.0,41.0,414.83,0,Secundaria,6.030276522893371,Joven
P01596,Tungurahua,Sierra,Rural,Mujer,55,4.0,31.0,280.58,0,Primaria,5.640416599034381,Mayor
P01597,Loja,Sierra,Urbana,Hombre,29,17.0,48.0,1260.31,1,Posgrado,7.139906142389634,Joven
P01598,Pichincha,Sierra,Urbana,Mujer,52,20.0,47.0,530.92,1,Posgrado,6.276493102094199,Mayor
P01599,Guayas,Costa,Rural,Mujer,32,9.0,44.0,274.67,0,Secundaria,5.6192044981809035,Adulto
P01600,Azuay,Sierra,Urbana,Mujer,32,13.0,55.0,321.24,0,Superior,5.775296609530198,Adulto
P01601,Los Ríos,Costa,Urbana,Mujer,61,14.0,29.0,984.28,0,Superior,6.892925864736135,Mayor
P01602,Pichincha,Sierra,Urbana,Mujer,46,9.0,32.0,304.62,0,Secundaria,5.7223425001771115,Mayor
P01604,Orellana,Amazonía,Rural,Hombre,31,17.0,53.0,562.19,1,Posgrado,6.33361704900438,Adulto
P01605,Pichincha,Sierra,Urbana,Hombre,52,13.0,27.0,823.61,0,Superior,6.714910547291191,Mayor
P01606,Loja,Sierra,Urbana,Mujer,61,15.0,24.0,1379.96,0,Superior,7.230534188471347,Mayor
P01607,Guayas,Costa,Urbana,Hombre,48,9.0,43.0,395.4,0,Secundaria,5.982423802455833,Mayor
P01608,Chimborazo,Sierra,Urbana,Hombre,30,6.0,53.0,1112.57,1,Primaria,7.015326349562104,Adulto
P01609,Pichincha,Sierra,Urbana,Mujer,25,8.0,35.0,1046.54,0,Secundaria,6.954199837224738,Joven
P01610,Loja,Sierra,Urbana,Hombre,46,15.0,48.0,686.85,1,Superior,6.533570790907005,Mayor
P01611,Orellana,Amazonía,Rural,Hombre,58,17.0,42.0,880.19,1,Posgrado,6.7812732667021995,Mayor
P01612,Imbabura,Sierra,Urbana,Mujer,51,14.0,25.0,463.39,0,Superior,6.140724716430826,Mayor
P01613,Guayas,Costa,Urbana,Mujer,23,9.0,46.0,334.83,0,Secundaria,5.816605079545157,Joven
P01614,Morona Santiago,Amazonía,Rural,Hombre,29,8.0,44.0,187.41,0,Secundaria,5.238620439289909,Joven
P01615,Los Ríos,Costa,Rural,Mujer,58,11.0,30.0,485.55,0,Secundaria,6.187339671267998,Mayor
P01617,Guayas,Costa,Rural,Mujer,29,9.0,26.0,465.26,1,Secundaria,6.144743418449206,Joven
P01618,Loja,Sierra,Rural,Mujer,23,11.0,47.0,269.74,0,Secundaria,5.6011589507576405,Joven
P01619,Sucumbíos,Amazonía,Urbana,Mujer,62,14.0,42.0,823.61,1,Superior,6.714910547291191,Mayor
P01620,El Oro,Costa,Urbana,Hombre,57,8.0,30.0,306.43,0,Secundaria,5.728247419055714,Mayor
P01621,Guayas,Costa,Urbana,Mujer,34,15.0,36.0,395.12,0,Superior,5.981717195653102,Adulto
P01622,Morona Santiago,Amazonía,Rural,Hombre,27,8.0,40.0,389.42,0,Secundaria,5.9672230827349475,Joven
P01623,Pichincha,Sierra,Urbana,Mujer,28,13.0,55.0,666.75,1,Superior,6.50391385199007,Joven
P01624,Guayas,Costa,Rural,Hombre,28,9.0,29.0,351.46,0,Secundaria,5.864937140636223,Joven
P01625,Morona Santiago,Amazonía,Rural,Mujer,45,12.0,51.0,453.69,0,Secundaria,6.1196158680665835,Mayor
P01626,El Oro,Costa,Urbana,Mujer,45,8.0,30.0,580.25,0,Secundaria,6.3651809569015665,Mayor
P01628,Manabí,Costa,Urbana,Hombre,54,10.0,29.0,539.5,0,Secundaria,6.292494637079263,Mayor
P01629,Galápagos,Insular,Urbana,Mujer,39,12.0,36.0,371.0,0,Secundaria,5.918893854273146,Adulto
P01630,Sucumbíos,Amazonía,Rural,Hombre,34,6.0,35.0,323.17,0,Primaria,5.781268069547974,Adulto
P01631,Guayas,Costa,Urbana,Hombre,24,17.0,36.0,817.4,1,Posgrado,6.707351214637416,Joven
P01632,Guayas,Costa,Urbana,Hombre,32,15.0,46.0,338.2,0,Superior,5.826589903917748,Adulto
P01634,Guayas,Costa,Urbana,Mujer,40,13.0,35.0,1055.19,0,Superior,6.9624233723242055,Adulto
P01636,Guayas,Costa,Rural,Mujer,33,12.0,49.0,257.27,0,Secundaria,5.5540055493379725,Adulto
P01637,Los Ríos,Costa,Urbana,Hombre,34,10.0,46.0,356.44,0,Secundaria,5.878967515880836,Adulto
P01638,Manabí,Costa,Urbana,Mujer,37,11.0,41.0,738.51,1,Secundaria,6.605987804709864,Adulto
P01639,Guayas,Costa,Rural,Hombre,38,3.0,52.0,236.96,0,Primaria,5.472102592319705,Adulto
P01640,Esmeraldas,Costa,Urbana,Hombre,62,11.0,57.0,710.34,1,Secundaria,6.5671505152208995,Mayor
P01641,Guayas,Costa,Urbana,Mujer,47,15.0,30.0,273.71,0,Superior,5.615715995787751,Mayor
P01642,Pichincha,Sierra,Urbana,Hombre,26,17.0,35.0,887.96,0,Posgrado,6.790052240125925,Joven
P01643,El Oro,Costa,Urbana,Hombre,41,7.0,42.0,645.78,0,Secundaria,6.47200620576538,Adulto
P01644,Pichincha,Sierra,Urbana,Mujer,63,18.0,48.0,796.09,1,Posgrado,6.680967595877827,Mayor
P01645,Pichincha,Sierra,Urbana,Hombre,49,9.0,41.0,672.81,1,Secundaria,6.512948172061492,Mayor
P01646,Los Ríos,Costa,Urbana,Hombre,49,11.0,58.0,434.58,0,Secundaria,6.076678476322463,Mayor
P01647,Guayas,Costa,Rural,Mujer,19,8.0,51.0,151.27,0,Secundaria,5.025655260852641,Joven
P01648,El Oro,Costa,Rural,Hombre,21,12.0,49.0,789.98,1,Secundaria,6.673272682997934,Joven
P01649,Azuay,Sierra,Urbana,Hombre,39,21.0,42.0,1099.22,1,Posgrado,7.003265438789128,Adulto
P01652,Morona Santiago,Amazonía,Urbana,Mujer,43,12.0,58.0,1241.32,1,Secundaria,7.124735878260934,Adulto
P01653,Imbabura,Sierra,Urbana,Mujer,58,16.0,44.0,671.71,1,Superior,6.511314330388589,Mayor
P01654,Galápagos,Insular,Urbana,Hombre,31,11.0,41.0,745.21,1,Secundaria,6.615007061930175,Adulto
P01655,Pichincha,Sierra,Urbana,Hombre,64,6.0,46.0,660.54,1,Primaria,6.494570450358753,Mayor
P01656,Guayas,Costa,Rural,Mujer,24,11.0,43.0,271.85,0,Secundaria,5.608922193632241,Joven
P01657,Pichincha,Sierra,Urbana,Mujer,62,13.0,35.0,348.92,0,Superior,5.857704556928458,Mayor
P01658,Morona Santiago,Amazonía,Urbana,Hombre,65,1.0,51.0,261.76,0,Primaria,5.571241068024272,Mayor
P01659,Guayas,Costa,Urbana,Mujer,28,13.0,46.0,1095.03,1,Superior,6.999449839396121,Joven
P01660,Guayas,Costa,Rural,Mujer,34,11.0,54.0,508.04,1,Secundaria,6.232526598924537,Adulto
P01661,Manabí,Costa,Urbana,Mujer,41,4.0,40.0,453.72,0,Primaria,6.119681844908736,Adulto
P01662,Chimborazo,Sierra,Urbana,Mujer,57,12.0,27.0,555.99,0,Secundaria,6.322547286444757,Mayor
P01663,Manabí,Costa,Rural,Mujer,45,8.0,49.0,144.97,0,Secundaria,4.983401121142487,Mayor
P01664,Pichincha,Sierra,Urbana,Mujer,21,16.0,26.0,548.93,0,Superior,6.309790997399383,Joven
P01665,Guayas,Costa,Rural,Mujer,27,2.0,25.0,132.25,0,Primaria,4.892227063045954,Joven
P01667,Azuay,Sierra,Urbana,Hombre,39,12.0,36.0,747.07,0,Secundaria,6.617496556483573,Adulto
P01668,Guayas,Costa,Urbana,Hombre,55,16.0,41.0,1041.59,1,Superior,6.949463280881908,Mayor
P01669,Guayas,Costa,Urbana,Mujer,35,15.0,46.0,510.93,1,Superior,6.238187896942647,Adulto
P01670,Guayas,Costa,Rural,Hombre,31,5.0,28.0,626.84,0,Primaria,6.442285356936944,Adulto
P01671,Pichincha,Sierra,Urbana,Hombre,64,5.0,32.0,531.12,0,Primaria,6.276869027815705,Mayor
P01673,Esmeraldas,Costa,Rural,Mujer,62,11.0,38.0,425.9,0,Secundaria,6.056549793763916,Mayor
P01674,Pichincha,Sierra,Rural,Hombre,58,2.0,50.0,660.85,1,Primaria,6.49503894415978,Mayor
P01675,Los Ríos,Costa,Rural,Mujer,45,12.0,54.0,474.33,1,Secundaria,6.164009299658822,Mayor
P01677,Guayas,Costa,Urbana,Mujer,57,12.0,45.0,1219.13,0,Secundaria,7.106712689427518,Mayor
P01678,Manabí,Costa,Rural,Mujer,42,17.0,44.0,522.69,1,Posgrado,6.2608999062014705,Adulto
P01679,Pichincha,Sierra,Urbana,Mujer,34,12.0,48.0,354.91,0,Secundaria,5.874677889901687,Adulto
P01680,Guayas,Costa,Rural,Hombre,51,20.0,33.0,781.63,0,Posgrado,6.662660042800856,Mayor
P01681,Los Ríos,Costa,Rural,Hombre,37,10.0,47.0,588.04,1,Secundaria,6.3784940930604614,Adulto
P01682,Guayas,Costa,Urbana,Hombre,47,6.0,62.0,132.39,0,Primaria,4.893277168152952,Mayor
P01683,Morona Santiago,Amazonía,Urbana,Mujer,18,10.0,49.0,538.49,1,Secundaria,6.290624248845215,Joven
P01684,Guayas,Costa,Urbana,Hombre,54,5.0,41.0,504.14,1,Primaria,6.224835618577628,Mayor
P01685,Guayas,Costa,Rural,Mujer,35,7.0,42.0,578.03,1,Secundaria,6.361354289702226,Adulto
P01686,Manabí,Costa,Rural,Hombre,53,18.0,46.0,784.49,1,Posgrado,6.66630772686989,Mayor
P01687,Los Ríos,Costa,Urbana,Mujer,25,6.0,47.0,295.06,0,Primaria,5.6905621364853465,Joven
P01688,Los Ríos,Costa,Rural,Hombre,55,10.0,48.0,489.07,1,Secundaria,6.19454823804442,Mayor
P01689,Guayas,Costa,Urbana,Hombre,37,11.0,27.0,858.23,0,Secundaria,6.756036639346161,Adulto
P01690,Pichincha,Sierra,Rural,Hombre,19,13.0,54.0,509.82,1,Superior,6.236017277659691,Joven
P01691,Guayas,Costa,Urbana,Hombre,63,10.0,33.0,350.43,0,Secundaria,5.862010544903483,Mayor
P01692,Guayas,Costa,Urbana,Mujer,39,13.0,78.0,353.83,0,Superior,5.8716388015395715,Adulto
P01693,Pichincha,Sierra,Rural,Mujer,22,12.0,41.0,455.27,0,Secundaria,6.123084739552387,Joven
P01694,Pichincha,Sierra,Rural,Hombre,54,7.0,47.0,341.0,0,Secundaria,5.834810737062605,Mayor
P01695,Loja,Sierra,Urbana,Hombre,40,14.0,50.0,513.01,0,Superior,6.242242720518832,Adulto
P01696,Guayas,Costa,Urbana,Hombre,23,9.0,34.0,1081.31,0,Secundaria,6.986852924840787,Joven
P01697,Sucumbíos,Amazonía,Rural,Hombre,28,10.0,35.0,531.97,0,Secundaria,6.278465137403538,Joven
P01699,Pichincha,Sierra,Urbana,Hombre,54,17.0,28.0,541.49,0,Posgrado,6.296169652064998,Mayor
P01702,Guayas,Costa,Urbana,Mujer,46,10.0,42.0,449.26,0,Secundaria,6.109825193692828,Mayor
P01703,Guayas,Costa,Urbana,Mujer,47,13.0,38.0,944.53,0,Superior,6.851745616838937,Mayor
P01704,Pichincha,Sierra,Rural,Hombre,56,12.0,54.0,476.79,1,Secundaria,6.169171305413585,Mayor
P01705,Sucumbíos,Amazonía,Rural,Hombre,31,5.0,56.0,414.0,0,Primaria,6.028278520230698,Adulto
P01706,Guayas,Costa,Urbana,Hombre,60,9.0,50.0,435.82,0,Secundaria,6.079521210928265,Mayor
P01707,El Oro,Costa,Urbana,Mujer,63,12.0,29.0,491.48,0,Secundaria,6.199453850650515,Mayor
P01708,Guayas,Costa,Rural,Hombre,41,11.0,54.0,380.38,0,Secundaria,5.9437962534064805,Adulto
P01709,Manabí,Costa,Rural,Mujer,50,12.0,22.0,326.88,0,Secundaria,5.79264768778483,Mayor
P01710,Esmeraldas,Costa,Urbana,Hombre,26,13.0,24.0,515.52,0,Superior,6.247114009978451,Joven
P01711,Pichincha,Sierra,Rural,Hombre,29,9.0,45.0,317.53,0,Secundaria,5.763716662099238,Joven
P01712,Guayas,Costa,Urbana,Mujer,25,11.0,25.0,437.86,0,Secundaria,6.084180455607724,Joven
P01713,Manabí,Costa,Urbana,Hombre,54,14.0,41.0,1185.78,1,Superior,7.078999036235572,Mayor
P01714,Pichincha,Sierra,Urbana,Mujer,26,9.0,41.0,678.31,1,Secundaria,6.521077577125264,Joven
P01715,El Oro,Costa,Rural,Hombre,49,10.0,50.0,356.55,0,Secundaria,5.879275212494405,Mayor
P01717,Los Ríos,Costa,Rural,Mujer,18,6.0,44.0,263.77,0,Primaria,5.578861524593351,Joven
P01718,Manabí,Costa,Rural,Hombre,27,8.0,54.0,398.89,0,Secundaria,5.9911895092885485,Joven
P01719,Guayas,Costa,Urbana,Hombre,63,22.0,39.0,852.67,0,Posgrado,6.749544702248509,Mayor
P01720,Pichincha,Sierra,Rural,Hombre,57,15.0,50.0,921.9,1,Superior,6.827520886271531,Mayor
P01721,Chimborazo,Sierra,Rural,Hombre,51,13.0,28.0,813.82,0,Superior,6.70296722995224,Mayor
P01722,Loja,Sierra,Urbana,Hombre,43,18.0,39.0,779.32,0,Posgrado,6.659704091961743,Adulto
P01723,Los Ríos,Costa,Rural,Hombre,46,9.0,62.0,432.35,0,Secundaria,6.071545715580354,Mayor
P01724,Azuay,Sierra,Urbana,Mujer,29,18.0,49.0,677.02,1,Posgrado,6.519176786030396,Joven
P01725,Pichincha,Sierra,Urbana,Mujer,25,12.0,57.0,549.49,1,Secundaria,6.310808790693475,Joven
P01726,Manabí,Costa,Urbana,Hombre,34,15.0,46.0,661.04,1,Superior,6.49532597707234,Adulto
P01727,Manabí,Costa,Urbana,Hombre,41,11.0,40.0,604.54,1,Secundaria,6.406120621917732,Adulto
P01728,Pichincha,Sierra,Urbana,Hombre,32,8.0,41.0,338.8,0,Secundaria,5.828357209237832,Adulto
P01729,Guayas,Costa,Rural,Hombre,19,10.0,34.0,383.05,0,Secundaria,5.950772752444691,Joven
P01730,Tungurahua,Sierra,Urbana,Mujer,40,15.0,18.0,499.48,0,Superior,6.215567637916892,Adulto
P01731,Pichincha,Sierra,Urbana,Hombre,36,11.0,42.0,885.19,1,Secundaria,6.7869313745672155,Adulto
P01732,Guayas,Costa,Rural,Mujer,46,12.0,38.0,459.72,0,Secundaria,6.132790483198417,Mayor
P01733,Guayas,Costa,Rural,Mujer,33,0.0,38.0,308.13,0,Primaria,5.733761900397387,Adulto
P01735,Guayas,Costa,Urbana,Hombre,56,12.0,53.0,432.78,0,Secundaria,6.072537493134461,Mayor
P01736,Tungurahua,Sierra,Urbana,Hombre,44,7.0,49.0,389.42,0,Secundaria,5.9672230827349475,Adulto
P01737,Guayas,Costa,Rural,Hombre,39,14.0,28.0,800.85,0,Superior,6.686921557954818,Adulto
P01738,Guayas,Costa,Rural,Hombre,27,12.0,46.0,732.25,1,Secundaria,6.59748670785756,Joven
P01739,Pichincha,Sierra,Urbana,Mujer,61,14.0,24.0,977.63,0,Superior,6.886153634424376,Mayor
P01740,Guayas,Costa,Rural,Mujer,37,7.0,23.0,500.14,0,Secundaria,6.216885503166232,Adulto
P01742,Loja,Sierra,Urbana,Hombre,27,11.0,50.0,378.13,0,Secundaria,5.937879154184227,Joven
P01743,Imbabura,Sierra,Rural,Hombre,62,10.0,35.0,1074.47,0,Secundaria,6.98051305431595,Mayor
P01744,Los Ríos,Costa,Rural,Hombre,64,13.0,40.0,734.77,1,Superior,6.600917569890576,Mayor
P01745,Pichincha,Sierra,Urbana,Hombre,19,12.0,46.0,661.58,1,Secundaria,6.496141305287095,Joven
P01746,Los Ríos,Costa,Urbana,Mujer,58,15.0,50.0,487.33,1,Superior,6.190991406821195,Mayor
P01747,Los Ríos,Costa,Urbana,Mujer,55,17.0,56.0,1330.05,1,Posgrado,7.193723383429582,Mayor
P01748,Tungurahua,Sierra,Urbana,Hombre,53,11.0,35.0,868.01,0,Secundaria,6.7673546326790435,Mayor
P01749,Sucumbíos,Amazonía,Urbana,Mujer,28,7.0,46.0,383.54,0,Secundaria,5.952047814744191,Joven
P01750,Pichincha,Sierra,Urbana,Hombre,53,11.0,32.0,410.94,0,Secundaria,6.020877707676331,Mayor
P01751,Pichincha,Sierra,Urbana,Hombre,23,13.0,36.0,1281.37,1,Superior,7.156465207384777,Joven
P01752,Sucumbíos,Amazonía,Rural,Hombre,59,13.0,44.0,449.78,0,Superior,6.110979415609124,Mayor
P01753,Guayas,Costa,Urbana,Hombre,38,12.0,41.0,844.15,1,Secundaria,6.739514126396187,Adulto
P01754,Orellana,Amazonía,Urbana,Mujer,56,14.0,32.0,1110.83,0,Superior,7.0137625854257,Mayor
P01755,Azuay,Sierra,Urbana,Mujer,30,16.0,36.0,575.23,0,Superior,6.3565068865502,Adulto
P01756,Guayas,Costa,Urbana,Mujer,24,20.0,62.0,924.56,1,Posgrado,6.830398959733908,Joven
P01757,Los Ríos,Costa,Urbana,Mujer,49,17.0,47.0,1234.43,1,Posgrado,7.119174366599788,Mayor
P01758,Azuay,Sierra,Urbana,Hombre,56,13.0,55.0,1555.74,1,Superior,7.350349170092938,Mayor
P01760,Guayas,Costa,Urbana,Mujer,63,13.0,51.0,383.86,0,Superior,5.952879631792413,Mayor
P01761,Guayas,Costa,Urbana,Mujer,32,8.0,27.0,526.34,0,Secundaria,6.267845501804609,Adulto
P01762,Sucumbíos,Amazonía,Rural,Hombre,52,8.0,32.0,458.59,0,Secundaria,6.130334787687412,Mayor
P01763,Esmeraldas,Costa,Urbana,Hombre,46,17.0,42.0,456.0,0,Posgrado,6.124683390894205,Mayor
P01764,Pichincha,Sierra,Urbana,Mujer,39,12.0,55.0,385.27,0,Secundaria,5.956536606806695,Adulto
P01765,Guayas,Costa,Urbana,Mujer,24,11.0,51.0,476.53,1,Secundaria,6.168626985172368,Joven
P01766,Los Ríos,Costa,Urbana,Hombre,38,12.0,45.0,849.13,1,Secundaria,6.745389278966523,Adulto
P01767,Pichincha,Sierra,Rural,Hombre,52,10.0,54.0,1450.14,1,Secundaria,7.280104733412425,Mayor
P01768,Pichincha,Sierra,Rural,Hombre,39,5.0,45.0,510.71,1,Primaria,6.237758058320892,Adulto
P01770,Orellana,Amazonía,Rural,Mujer,23,10.0,39.0,306.72,0,Secundaria,5.729190278590734,Joven
P01771,Azuay,Sierra,Urbana,Mujer,56,10.0,29.0,643.28,0,Secundaria,6.4681334142224785,Mayor
P01772,Pichincha,Sierra,Urbana,Hombre,46,9.0,26.0,975.76,0,Secundaria,6.884240971917069,Mayor
P01773,Guayas,Costa,Urbana,Mujer,37,13.0,28.0,486.59,0,Superior,6.189474888783194,Adulto
P01774,Pichincha,Sierra,Urbana,Hombre,62,12.0,35.0,543.01,0,Secundaria,6.298967629039931,Mayor
P01776,Guayas,Costa,Urbana,Mujer,36,20.0,47.0,838.03,1,Posgrado,6.732246462681342,Adulto
P01777,El Oro,Costa,Rural,Hombre,61,13.0,24.0,286.82,0,Superior,5.662335284742028,Mayor
P01778,Morona Santiago,Amazonía,Rural,Mujer,55,1.0,36.0,90.71,0,Primaria,4.518631424570852,Mayor
P01779,El Oro,Costa,Rural,Hombre,19,10.0,34.0,683.09,0,Secundaria,6.528089487914168,Joven
P01780,Guayas,Costa,Rural,Hombre,56,7.0,26.0,203.24,0,Secundaria,5.319295772933229,Mayor
P01781,Pichincha,Sierra,Urbana,Hombre,40,9.0,31.0,388.85,0,Secundaria,5.965762049755609,Adulto
P01782,Guayas,Costa,Urbana,Hombre,60,11.0,39.0,521.32,0,Secundaria,6.258280426878378,Mayor
P01783,Azuay,Sierra,Urbana,Hombre,56,13.0,35.0,529.52,0,Superior,6.273857657626152,Mayor
P01784,Guayas,Costa,Urbana,Hombre,35,10.0,58.0,319.72,1,Secundaria,5.770568468334251,Adulto
P01785,Pichincha,Sierra,Urbana,Mujer,42,17.0,53.0,1277.38,1,Posgrado,7.153348930333938,Adulto
P01786,Los Ríos,Costa,Urbana,Mujer,40,13.0,44.0,704.02,1,Superior,6.5582261712042085,Adulto
P01787,Manabí,Costa,Urbana,Hombre,35,19.0,54.0,1532.76,1,Posgrado,7.335477515971267,Adulto
P01788,Loja,Sierra,Urbana,Mujer,49,15.0,34.0,1203.96,0,Superior,7.094201650353042,Mayor
P01789,Guayas,Costa,Urbana,Mujer,37,6.0,41.0,524.96,1,Primaria,6.265225164218718,Adulto
P01790,Guayas,Costa,Rural,Hombre,21,11.0,51.0,331.21,0,Secundaria,5.805767299074111,Joven
P01791,El Oro,Costa,Rural,Mujer,54,9.0,42.0,583.22,1,Secundaria,6.37027762421872,Mayor
P01792,Guayas,Costa,Rural,Mujer,55,8.0,56.0,327.29,1,Secundaria,5.793897364098461,Mayor
P01793,Guayas,Costa,Urbana,Mujer,44,11.0,49.0,1416.47,1,Secundaria,7.256628871356782,Adulto
P01794,Esmeraldas,Costa,Urbana,Hombre,27,14.0,23.0,430.25,0,Superior,6.06668796834557,Joven
P01795,Morona Santiago,Amazonía,Urbana,Mujer,18,10.0,47.0,379.31,0,Secundaria,5.940986709618745,Joven
P01796,Los Ríos,Costa,Urbana,Hombre,45,5.0,33.0,197.13,0,Primaria,5.2889233809061675,Mayor
P01797,Chimborazo,Sierra,Urbana,Mujer,35,8.0,34.0,424.52,0,Secundaria,6.053311950434062,Adulto
P01798,El Oro,Costa,Urbana,Mujer,26,12.0,45.0,911.45,1,Secundaria,6.816133289434824,Joven
P01800,Esmeraldas,Costa,Rural,Hombre,36,13.0,67.0,367.58,0,Superior,5.909657784403891,Adulto
P01801,Loja,Sierra,Rural,Mujer,25,13.0,37.0,528.79,0,Superior,6.272480701612646,Joven
P01802,Pichincha,Sierra,Urbana,Mujer,60,11.0,37.0,694.66,0,Secundaria,6.544861035229488,Mayor
P01803,Morona Santiago,Amazonía,Rural,Hombre,35,11.0,29.0,404.92,0,Secundaria,6.006156095850971,Adulto
P01804,Orellana,Amazonía,Urbana,Hombre,53,9.0,29.0,653.88,0,Secundaria,6.484452012744093,Mayor
P01805,Guayas,Costa,Urbana,Hombre,26,11.0,38.0,429.57,0,Secundaria,6.06510991227559,Joven
P01806,Azuay,Sierra,Urbana,Hombre,22,17.0,48.0,492.79,1,Posgrado,6.202110325592211,Joven
P01807,Guayas,Costa,Urbana,Hombre,58,9.0,38.0,412.56,0,Secundaria,6.0248026067184925,Mayor
P01809,Guayas,Costa,Urbana,Mujer,54,13.0,44.0,536.6,1,Superior,6.28711478920894,Mayor
P01810,Pichincha,Sierra,Rural,Hombre,27,9.0,52.0,796.71,1,Secundaria,6.681745122879627,Joven
P01811,Orellana,Amazonía,Urbana,Mujer,44,8.0,34.0,513.07,0,Secundaria,6.242359442953017,Adulto
P01813,Morona Santiago,Amazonía,Urbana,Mujer,46,12.0,33.0,318.15,0,Secundaria,5.765661211702066,Mayor
P01814,Imbabura,Sierra,Rural,Mujer,54,10.0,50.0,572.13,1,Secundaria,6.3511125670730015,Mayor
P01815,Guayas,Costa,Urbana,Hombre,63,14.0,45.0,1068.34,1,Superior,6.974796914712827,Mayor
P01816,Los Ríos,Costa,Rural,Mujer,23,11.0,19.0,643.76,0,Secundaria,6.46887815452873,Joven
P01817,Guayas,Costa,Urbana,Hombre,25,17.0,37.0,1025.06,0,Posgrado,6.9334815035530175,Joven
P01819,Guayas,Costa,Rural,Mujer,44,12.0,50.0,395.84,0,Secundaria,5.983533176781702,Adulto
P01820,Guayas,Costa,Urbana,Mujer,64,9.0,31.0,478.06,0,Secundaria,6.1718258505267505,Mayor
P01821,Imbabura,Sierra,Urbana,Mujer,40,9.0,48.0,710.37,1,Secundaria,6.567192688256872,Adulto
P01822,Guayas,Costa,Urbana,Hombre,40,13.0,42.0,821.68,1,Superior,6.712567303681259,Adulto
P01823,Azuay,Sierra,Urbana,Mujer,57,14.0,45.0,1029.63,1,Superior,6.937925544727201,Mayor
P01824,Guayas,Costa,Rural,Hombre,24,15.0,30.0,339.8,0,Superior,5.83129579495516,Joven
P01825,Pichincha,Sierra,Rural,Mujer,18,0.0,36.0,173.81,0,Primaria,5.163699669823092,Joven
P01826,Manabí,Costa,Urbana,Mujer,26,7.0,40.0,360.02,0,Secundaria,5.888933358460315,Joven
P01827,Manabí,Costa,Rural,Hombre,42,15.0,46.0,894.64,1,Superior,6.797538546523138,Adulto
P01828,Guayas,Costa,Urbana,Hombre,24,12.0,58.0,456.51,0,Secundaria,6.1257987424001925,Joven
P01830,Pichincha,Sierra,Urbana,Hombre,45,10.0,48.0,855.43,1,Secundaria,6.752772586461624,Mayor
P01831,Guayas,Costa,Urbana,Mujer,60,15.0,37.0,482.54,0,Superior,6.181134041564475,Mayor
P01834,Pichincha,Sierra,Urbana,Hombre,35,8.0,49.0,793.88,1,Secundaria,6.678191159865005,Adulto
P01835,Pichincha,Sierra,Rural,Mujer,25,8.0,37.0,500.15,0,Secundaria,6.216905457470875,Joven
P01836,Azuay,Sierra,Urbana,Mujer,43,15.0,29.0,464.65,0,Superior,6.143434278967667,Adulto
P01837,Azuay,Sierra,Urbana,Mujer,42,14.0,41.0,621.02,1,Superior,6.432972246563076,Adulto
P01838,Azuay,Sierra,Urbana,Hombre,23,16.0,36.0,562.0,0,Superior,6.333279628139691,Joven
P01839,Manabí,Costa,Rural,Hombre,55,9.0,40.0,875.93,1,Secundaria,6.776427171626729,Mayor
P01840,Guayas,Costa,Rural,Mujer,55,9.0,48.0,473.81,1,Secundaria,6.1629147240133015,Mayor
P01841,Guayas,Costa,Rural,Mujer,37,10.0,29.0,478.09,0,Secundaria,6.17188847120203,Adulto
P01842,Guayas,Costa,Urbana,Mujer,37,12.0,32.0,713.3,0,Secundaria,6.571303042160927,Adulto
P01843,El Oro,Costa,Urbana,Hombre,48,10.0,35.0,467.45,0,Secundaria,6.149429372397197,Mayor
P01844,Pichincha,Sierra,Urbana,Mujer,55,11.0,55.0,617.31,1,Secundaria,6.426989949812354,Mayor
P01845,Imbabura,Sierra,Urbana,Hombre,24,13.0,38.0,719.71,0,Superior,6.58023683723305,Joven
P01846,Los Ríos,Costa,Urbana,Hombre,64,10.0,39.0,523.52,0,Secundaria,6.262483558663224,Mayor
P01847,Guayas,Costa,Urbana,Mujer,48,17.0,41.0,669.54,1,Posgrado,6.508083357914735,Mayor
P01849,Imbabura,Sierra,Rural,Hombre,44,6.0,37.0,215.72,0,Primaria,5.37860619777684,Adulto
P01850,El Oro,Costa,Urbana,Hombre,25,9.0,59.0,372.16,0,Secundaria,5.9220072820927605,Joven
P01851,Loja,Sierra,Urbana,Mujer,34,20.0,45.0,1045.96,1,Posgrado,6.953646005747225,Adulto
P01852,Pichincha,Sierra,Urbana,Mujer,56,7.0,36.0,196.2,0,Secundaria,5.284218442168535,Mayor
P01853,Manabí,Costa,Urbana,Mujer,27,14.0,40.0,743.53,1,Superior,6.612753146812557,Joven
P01854,Guayas,Costa,Urbana,Hombre,34,15.0,38.0,1126.35,0,Superior,7.027625024832521,Adulto
P01855,Pichincha,Sierra,Urbana,Hombre,19,14.0,33.0,409.01,0,Superior,6.016181549644819,Joven
P01857,Manabí,Costa,Urbana,Mujer,64,5.0,34.0,431.81,0,Primaria,6.070298832625791,Mayor
P01858,Los Ríos,Costa,Urbana,Mujer,37,9.0,38.0,236.75,0,Secundaria,5.4712197014254995,Adulto
P01859,Guayas,Costa,Rural,Mujer,30,7.0,60.0,1222.4,1,Secundaria,7.109389146808464,Adulto
P01860,Guayas,Costa,Urbana,Hombre,28,16.0,56.0,1186.77,1,Superior,7.079832878485567,Joven
P01861,Guayas,Costa,Rural,Hombre,51,10.0,44.0,670.46,1,Secundaria,6.50945444605799,Mayor
P01862,Azuay,Sierra,Urbana,Mujer,51,9.0,45.0,1139.14,1,Secundaria,7.03890634086592,Mayor
P01863,Azuay,Sierra,Urbana,Hombre,53,9.0,37.0,1008.78,0,Secundaria,6.917487764326517,Mayor
P01864,Pichincha,Sierra,Urbana,Hombre,20,14.0,51.0,1048.78,1,Superior,6.956335897388866,Joven
P01865,Orellana,Amazonía,Rural,Hombre,29,10.0,51.0,636.65,0,Secundaria,6.4577895434729085,Joven
P01866,Esmeraldas,Costa,Urbana,Hombre,32,14.0,44.0,1182.04,1,Superior,7.075842675748267,Adulto
P01867,Esmeraldas,Costa,Urbana,Mujer,61,18.0,32.0,685.91,0,Posgrado,6.532203279273715,Mayor
P01868,Azuay,Sierra,Urbana,Mujer,56,9.0,45.0,559.55,1,Secundaria,6.328918444599602,Mayor
P01869,Guayas,Costa,Rural,Mujer,48,9.0,48.0,308.52,0,Secundaria,5.735022710392258,Mayor
P01870,Loja,Sierra,Rural,Mujer,43,11.0,22.0,350.62,0,Secundaria,5.862551047014644,Adulto
P01871,Morona Santiago,Amazonía,Urbana,Hombre,33,11.0,37.0,627.24,0,Secundaria,6.442922259066619,Adulto
P01872,Loja,Sierra,Urbana,Mujer,44,10.0,39.0,236.89,0,Secundaria,5.471808381957175,Adulto
P01873,Pichincha,Sierra,Urbana,Mujer,18,9.0,45.0,446.29,0,Secundaria,6.103207153828511,Joven
P01874,Los Ríos,Costa,Urbana,Mujer,50,9.0,29.0,550.39,0,Secundaria,6.312442362770546,Mayor
P01875,Azuay,Sierra,Rural,Mujer,31,10.0,25.0,396.11,0,Secundaria,5.984213320393789,Adulto
P01876,Pichincha,Sierra,Rural,Mujer,27,6.0,47.0,151.39,0,Primaria,5.026443024301769,Joven
P01877,Guayas,Costa,Urbana,Mujer,35,4.0,50.0,339.31,0,Primaria,5.829856966911132,Adulto
P01879,Azuay,Sierra,Urbana,Mujer,62,11.0,42.0,1108.51,1,Secundaria,7.011673755400981,Mayor
P01881,Azuay,Sierra,Urbana,Mujer,19,17.0,63.0,443.2,0,Posgrado,6.096274911460327,Joven
P01883,El Oro,Costa,Rural,Hombre,38,7.0,43.0,192.65,0,Secundaria,5.266052405960761,Adulto
P01884,Guayas,Costa,Urbana,Mujer,35,15.0,67.0,901.59,1,Superior,6.805268408226719,Adulto
P01885,Pichincha,Sierra,Urbana,Hombre,39,10.0,33.0,410.87,0,Secundaria,6.020707765577623,Adulto
P01887,El Oro,Costa,Rural,Mujer,33,14.0,47.0,330.76,0,Superior,5.804411815938126,Adulto
P01889,Pichincha,Sierra,Urbana,Hombre,55,10.0,49.0,703.35,1,Secundaria,6.557275391706316,Mayor
P01890,Los Ríos,Costa,Urbana,Hombre,19,6.0,39.0,219.97,0,Primaria,5.398026945697014,Joven
P01891,Imbabura,Sierra,Urbana,Hombre,23,8.0,43.0,853.51,1,Secundaria,6.750528205237315,Joven
P01892,Pichincha,Sierra,Rural,Mujer,46,13.0,31.0,331.82,0,Superior,5.807601803295198,Mayor
P01893,Los Ríos,Costa,Rural,Mujer,56,7.0,27.0,477.88,0,Secundaria,6.171450044104389,Mayor
P01894,Guayas,Costa,Rural,Hombre,20,12.0,41.0,260.34,0,Secundaria,5.565822241561,Joven
P01895,Los Ríos,Costa,Urbana,Hombre,30,15.0,35.0,341.7,0,Superior,5.836855428880563,Adulto
P01896,Esmeraldas,Costa,Urbana,Hombre,20,10.0,29.0,378.32,1,Secundaria,5.938380176015527,Joven
P01897,Pichincha,Sierra,Rural,Mujer,19,14.0,38.0,715.02,0,Superior,6.573708099531421,Joven
P01898,Azuay,Sierra,Urbana,Hombre,64,12.0,38.0,541.18,0,Secundaria,6.2955980496265775,Mayor
P01900,Orellana,Amazonía,Urbana,Mujer,59,10.0,53.0,343.11,0,Secundaria,5.840961373700547,Mayor
P01901,Tungurahua,Sierra,Rural,Hombre,54,9.0,37.0,639.57,0,Secundaria,6.4623584049826,Mayor
P01902,Tungurahua,Sierra,Rural,Hombre,62,9.0,38.0,904.47,0,Secundaria,6.808454145907705,Mayor
P01903,Orellana,Amazonía,Rural,Hombre,63,10.0,31.0,562.03,0,Secundaria,6.333332912688072,Mayor
P01904,Pichincha,Sierra,Rural,Mujer,58,7.0,30.0,189.89,0,Secundaria,5.2516973459128105,Mayor
P01905,El Oro,Costa,Urbana,Mujer,45,14.0,44.0,607.23,1,Superior,6.410553099906428,Mayor
P01906,Imbabura,Sierra,Urbana,Mujer,46,15.0,41.0,759.84,1,Superior,6.634423086084641,Mayor
P01907,Guayas,Costa,Urbana,Mujer,34,16.0,44.0,437.65,0,Superior,6.083701828574393,Adulto
P01908,Manabí,Costa,Urbana,Hombre,27,15.0,50.0,308.79,0,Superior,5.735894648572188,Joven
P01909,Azuay,Sierra,Urbana,Hombre,40,12.0,52.0,704.85,1,Secundaria,6.559402750330209,Adulto
P01910,Pichincha,Sierra,Urbana,Hombre,46,9.0,40.0,510.87,1,Secundaria,6.238070686549858,Mayor
P01911,Guayas,Costa,Urbana,Mujer,56,15.0,49.0,697.75,1,Superior,6.549293024469309,Mayor
P01912,Pichincha,Sierra,Urbana,Mujer,58,11.0,29.0,996.09,0,Secundaria,6.904841036700111,Mayor
P01913,Imbabura,Sierra,Urbana,Mujer,27,9.0,61.0,829.03,1,Secundaria,6.7214618447157575,Joven
P01914,Chimborazo,Sierra,Urbana,Mujer,63,11.0,47.0,1237.07,1,Secundaria,7.121308994457042,Mayor
P01915,Pichincha,Sierra,Urbana,Hombre,28,13.0,23.0,944.3,0,Superior,6.851502337431339,Joven
P01916,Chimborazo,Sierra,Urbana,Hombre,36,16.0,39.0,498.95,0,Superior,6.214508093421858,Adulto
P01918,Pichincha,Sierra,Rural,Hombre,19,11.0,39.0,430.89,0,Secundaria,6.068170926190852,Joven
P01919,Guayas,Costa,Urbana,Mujer,21,10.0,28.0,677.33,0,Secundaria,6.519633895191598,Joven
P01920,Azuay,Sierra,Rural,Mujer,50,12.0,47.0,766.96,1,Secundaria,6.643737648457955,Mayor
P01921,Esmeraldas,Costa,Rural,Mujer,64,8.0,37.0,325.93,0,Secundaria,5.789746080703296,Mayor
P01922,Manabí,Costa,Urbana,Mujer,45,15.0,39.0,926.68,0,Superior,6.83268684573329,Mayor
P01923,Pichincha,Sierra,Urbana,Mujer,19,13.0,39.0,360.62,1,Superior,5.890593936723008,Joven
P01924,Guayas,Costa,Urbana,Hombre,19,12.0,38.0,723.6,0,Secundaria,6.585619778460977,Joven
P01925,Loja,Sierra,Urbana,Hombre,29,12.0,28.0,1133.99,1,Secundaria,7.034379119304003,Joven
P01926,Azuay,Sierra,Urbana,Mujer,35,6.0,60.0,586.78,1,Primaria,6.376352728227316,Adulto
P01928,Pichincha,Sierra,Rural,Hombre,57,11.0,39.0,425.43,0,Secundaria,6.0554482268495295,Mayor
P01929,Manabí,Costa,Urbana,Hombre,23,15.0,56.0,961.59,1,Superior,6.8696275682839865,Joven
P01930,Guayas,Costa,Rural,Hombre,64,6.0,26.0,300.28,0,Primaria,5.708040064908842,Mayor
P01932,Guayas,Costa,Rural,Hombre,47,10.0,44.0,453.45,0,Secundaria,6.119087896564779,Mayor
P01933,El Oro,Costa,Urbana,Hombre,46,13.0,40.0,794.29,1,Superior,6.678706828012543,Mayor
P01934,Manabí,Costa,Urbana,Mujer,39,21.0,46.0,1169.11,1,Posgrado,7.064853040466489,Adulto
P01935,Guayas,Costa,Urbana,Hombre,21,21.0,48.0,829.38,1,Posgrado,6.721883427343161,Joven
P01936,Azuay,Sierra,Urbana,Mujer,51,14.0,51.0,576.87,1,Superior,6.359348929880735,Mayor
P01937,Guayas,Costa,Rural,Mujer,31,10.0,37.0,426.41,0,Secundaria,6.05774373989725,Adulto
P01939,Los Ríos,Costa,Urbana,Mujer,42,17.0,59.0,1461.51,1,Posgrado,7.287909416689473,Adulto
P01941,Azuay,Sierra,Rural,Hombre,53,8.0,44.0,233.51,0,Secundaria,5.457498230900349,Mayor
P01943,Guayas,Costa,Rural,Hombre,30,6.0,61.0,363.01,0,Primaria,5.89718133978685,Adulto
P01944,Loja,Sierra,Rural,Hombre,18,11.0,42.0,347.64,0,Secundaria,5.85403987119631,Joven
P01945,Guayas,Costa,Rural,Hombre,42,11.0,35.0,1026.17,0,Secundaria,6.934562726901728,Adulto
P01946,Imbabura,Sierra,Urbana,Hombre,58,14.0,39.0,662.38,0,Superior,6.497347978334654,Mayor
P01947,Pichincha,Sierra,Urbana,Hombre,33,18.0,23.0,875.02,0,Posgrado,6.7753889217259955,Adulto
P01948,Pichincha,Sierra,Urbana,Hombre,50,13.0,54.0,1250.65,1,Superior,7.132217959862245,Mayor
P01949,Esmeraldas,Costa,Urbana,Mujer,40,16.0,47.0,844.72,1,Superior,6.7401883355566685,Adulto
P01950,Tungurahua,Sierra,Urbana,Mujer,46,9.0,29.0,313.89,0,Secundaria,5.752223371489691,Mayor
P01951,Pichincha,Sierra,Urbana,Mujer,57,10.0,30.0,389.55,0,Secundaria,5.967556002056306,Mayor
P01952,Sucumbíos,Amazonía,Urbana,Mujer,42,4.0,38.0,592.27,1,Primaria,6.3856496073477,Adulto
P01953,Esmeraldas,Costa,Rural,Mujer,20,12.0,43.0,205.58,0,Secundaria,5.330687746578487,Joven
P01955,Guayas,Costa,Urbana,Mujer,44,16.0,33.0,582.58,0,Superior,6.369181546013421,Adulto
P01956,Guayas,Costa,Rural,Hombre,19,12.0,42.0,1104.64,1,Secundaria,7.008179631809018,Joven
P01957,Guayas,Costa,Urbana,Mujer,60,20.0,44.0,1500.91,1,Posgrado,7.314492910422274,Mayor
P01958,Imbabura,Sierra,Rural,Mujer,65,10.0,53.0,1070.4,1,Secundaria,6.97672148344686,Mayor
P01960,Loja,Sierra,Urbana,Hombre,50,14.0,41.0,538.86,1,Superior,6.291309846685569,Mayor
P01961,Morona Santiago,Amazonía,Urbana,Mujer,21,12.0,51.0,301.04,0,Secundaria,5.710559458935225,Joven
P01962,Loja,Sierra,Urbana,Mujer,19,17.0,20.0,558.15,0,Posgrado,6.326417773474197,Joven
P01964,Guayas,Costa,Urbana,Hombre,25,10.0,44.0,620.92,1,Secundaria,6.432811467103913,Joven
P01965,Pichincha,Sierra,Urbana,Mujer,46,13.0,29.0,435.71,0,Superior,6.079269359244679,Mayor
P01967,Guayas,Costa,Urbana,Mujer,25,14.0,45.0,692.61,1,Superior,6.541909842894119,Joven
P01968,Guayas,Costa,Urbana,Hombre,22,20.0,44.0,1576.51,1,Posgrado,7.363602933539491,Joven
P01969,Pichincha,Sierra,Rural,Hombre,23,9.0,27.0,1309.7,0,Secundaria,7.1783166246255,Joven
P01970,Tungurahua,Sierra,Urbana,Mujer,38,14.0,39.0,942.35,0,Superior,6.849437369657622,Adulto
P01971,Imbabura,Sierra,Urbana,Mujer,65,18.0,40.0,801.02,1,Posgrado,6.687133545211436,Mayor
P01972,Manabí,Costa,Urbana,Hombre,54,11.0,31.0,301.04,1,Secundaria,5.710559458935225,Mayor
P01973,Pichincha,Sierra,Rural,Hombre,49,10.0,29.0,578.76,1,Secundaria,6.362614224801026,Mayor
P01974,Imbabura,Sierra,Rural,Hombre,34,12.0,60.0,313.58,0,Secundaria,5.751238415812496,Adulto
P01975,Sucumbíos,Amazonía,Rural,Hombre,32,9.0,44.0,295.44,0,Secundaria,5.691844837083158,Adulto
P01976,Sucumbíos,Amazonía,Rural,Hombre,25,3.0,52.0,238.91,0,Primaria,5.480263853011908,Joven
P01977,Morona Santiago,Amazonía,Rural,Hombre,60,12.0,47.0,453.48,0,Secundaria,6.1191539082488715,Mayor
P01978,Chimborazo,Sierra,Rural,Mujer,18,7.0,60.0,494.11,1,Secundaria,6.204779960103212,Joven
P01979,Imbabura,Sierra,Rural,Hombre,63,15.0,31.0,743.42,0,Superior,6.612605391682835,Mayor
P01980,Pichincha,Sierra,Rural,Mujer,29,5.0,27.0,221.23,0,Primaria,5.4037128815933775,Joven
P01981,Galápagos,Insular,Urbana,Hombre,26,7.0,43.0,212.53,0,Secundaria,5.363777338019823,Joven
P01983,Guayas,Costa,Urbana,Mujer,41,9.0,26.0,225.86,0,Secundaria,5.424333087130896,Adulto
P01984,Orellana,Amazonía,Rural,Mujer,28,7.0,14.0,335.98,0,Secundaria,5.820023581410239,Joven
P01985,Galápagos,Insular,Urbana,Hombre,43,10.0,47.0,1162.36,1,Secundaria,7.059067648901746,Adulto
P01986,Guayas,Costa,Urbana,Hombre,63,5.0,41.0,400.21,0,Primaria,5.994484981001479,Mayor
P01987,Orellana,Amazonía,Urbana,Mujer,37,7.0,45.0,649.66,1,Secundaria,6.477987232350799,Adulto
P01988,Pichincha,Sierra,Urbana,Hombre,37,17.0,26.0,1354.23,0,Posgrado,7.211726460606727,Adulto
P01989,Guayas,Costa,Urbana,Mujer,56,16.0,54.0,1275.56,1,Superior,7.151924239102172,Mayor
P01990,Pichincha,Sierra,Urbana,Hombre,47,15.0,52.0,788.68,1,Superior,6.671627800109633,Mayor
P01991,Imbabura,Sierra,Urbana,Mujer,52,10.0,49.0,1187.2,0,Secundaria,7.080194835921641,Mayor
P01992,Pichincha,Sierra,Urbana,Hombre,34,9.0,47.0,625.12,1,Secundaria,6.439542046020022,Adulto
P01993,Manabí,Costa,Rural,Mujer,40,14.0,50.0,480.86,1,Superior,6.177653615428426,Adulto
P01995,Guayas,Costa,Rural,Hombre,45,13.0,29.0,188.27,0,Superior,5.243174567050827,Mayor
P01996,Loja,Sierra,Urbana,Hombre,28,8.0,22.0,273.72,0,Secundaria,5.615752397149166,Joven
P01997,Tungurahua,Sierra,Urbana,Mujer,27,16.0,46.0,614.37,1,Superior,6.4222237129184006,Joven
P01998,Guayas,Costa,Urbana,Mujer,58,9.0,47.0,578.37,1,Secundaria,6.3619413062936685,Mayor
P01999,Guayas,Costa,Urbana,Mujer,56,15.0,55.0,922.92,1,Superior,6.828625487806832,Mayor
P02000,Esmeraldas,Costa,Rural,Hombre,55,11.0,41.0,346.41,0,Secundaria,5.8505056386546626,Mayor
P02001,Tungurahua,Sierra,Urbana,Mujer,25,5.0,26.0,361.72,0,Primaria,5.893631186759219,Joven
P02002,Morona Santiago,Amazonía,Rural,Mujer,43,17.0,52.0,991.21,1,Posgrado,6.899934778429342,Adulto
P02003,Pichincha,Sierra,Urbana,Hombre,58,8.0,34.0,298.85,0,Secundaria,5.703282349614518,Mayor
P02004,Morona Santiago,Amazonía,Rural,Mujer,59,10.0,50.0,454.18,0,Secundaria,6.120692945115768,Mayor
P02005,Orellana,Amazonía,Rural,Hombre,26,8.0,42.0,238.14,0,Secundaria,5.477049154491434,Joven
P02006,Sucumbíos,Amazonía,Rural,Mujer,53,10.0,27.0,282.73,0,Secundaria,5.64802308172996,Mayor
P02007,Guayas,Costa,Urbana,Mujer,60,11.0,36.0,296.39,0,Secundaria,5.695044408712916,Mayor
P02009,Azuay,Sierra,Urbana,Hombre,29,18.0,44.0,483.6,1,Posgrado,6.183323808382426,Joven
P02010,Los Ríos,Costa,Urbana,Mujer,42,14.0,41.0,1048.87,0,Superior,6.956421625962728,Adulto
P02011,Guayas,Costa,Rural,Hombre,33,14.0,55.0,291.05,0,Superior,5.676925020486318,Adulto
P02012,Los Ríos,Costa,Urbana,Mujer,37,10.0,45.0,533.76,1,Secundaria,6.281818048114922,Adulto
P02014,Guayas,Costa,Urbana,Mujer,54,14.0,33.0,1219.88,0,Superior,7.1073271891826195,Mayor
P02015,Guayas,Costa,Urbana,Mujer,32,17.0,55.0,870.02,1,Posgrado,6.769664938701392,Adulto
P02016,Pichincha,Sierra,Rural,Mujer,27,8.0,38.0,239.64,0,Secundaria,5.483302040761475,Joven
P02019,Imbabura,Sierra,Urbana,Mujer,41,8.0,42.0,157.12,0,Secundaria,5.063354238428484,Adulto
P02020,Esmeraldas,Costa,Rural,Hombre,24,11.0,45.0,1109.68,1,Secundaria,7.012727719348487,Joven
P02021,Sucumbíos,Amazonía,Rural,Hombre,48,2.0,32.0,248.2,0,Primaria,5.518255786913298,Mayor
P02022,Guayas,Costa,Urbana,Hombre,49,11.0,51.0,350.69,0,Secundaria,5.8627501057518465,Mayor
P02023,Loja,Sierra,Urbana,Mujer,61,16.0,29.0,388.16,0,Superior,5.963990570107227,Mayor
P02026,Pichincha,Sierra,Rural,Hombre,39,10.0,43.0,669.29,1,Secundaria,6.507710454559505,Adulto
P02027,Pichincha,Sierra,Rural,Hombre,48,10.0,30.0,267.02,0,Secundaria,5.591061604592082,Mayor
P02028,Esmeraldas,Costa,Urbana,Hombre,48,14.0,53.0,416.59,0,Superior,6.034500089921557,Mayor
P02029,Loja,Sierra,Urbana,Hombre,37,14.0,29.0,1066.45,0,Superior,6.973027905598333,Adulto
P02030,Guayas,Costa,Urbana,Hombre,40,13.0,43.0,291.65,0,Superior,5.67897735573723,Adulto
P02032,Guayas,Costa,Rural,Hombre,58,9.0,47.0,403.42,0,Secundaria,6.002453941907584,Mayor
P02033,Manabí,Costa,Urbana,Mujer,31,12.0,33.0,523.25,0,Secundaria,6.261968669782029,Adulto
P02035,Pichincha,Sierra,Rural,Hombre,53,11.0,39.0,667.62,0,Secundaria,6.505215886790176,Mayor
P02036,Guayas,Costa,Rural,Hombre,35,15.0,54.0,560.33,1,Superior,6.330308967874251,Adulto
P02037,Guayas,Costa,Rural,Hombre,39,12.0,27.0,400.31,0,Secundaria,5.994734195975605,Adulto
P02038,Tungurahua,Sierra,Rural,Hombre,57,14.0,48.0,390.64,0,Superior,5.97034305048587,Mayor
P02039,Guayas,Costa,Urbana,Mujer,25,13.0,52.0,1098.48,1,Superior,7.0025926197429715,Joven
P02040,El Oro,Costa,Rural,Mujer,58,5.0,35.0,360.82,0,Primaria,5.891146850593115,Mayor
P02041,Loja,Sierra,Rural,Mujer,37,13.0,56.0,1254.96,1,Superior,7.135655499387255,Adulto
P02042,Guayas,Costa,Rural,Mujer,39,13.0,29.0,191.82,0,Superior,5.261757111236235,Adulto
P02044,Pichincha,Sierra,Rural,Hombre,37,8.0,41.0,244.29,0,Secundaria,5.502441184024992,Adulto
P02045,Manabí,Costa,Urbana,Mujer,40,17.0,31.0,408.08,1,Posgrado,6.013910735937812,Adulto
P02046,Manabí,Costa,Rural,Hombre,28,15.0,50.0,656.38,1,Superior,6.488262237889329,Joven
P02047,Imbabura,Sierra,Urbana,Mujer,65,14.0,46.0,700.33,1,Superior,6.552978532326485,Mayor
P02048,Manabí,Costa,Rural,Mujer,65,8.0,44.0,447.7,0,Secundaria,6.106354512981937,Mayor
P02049,Chimborazo,Sierra,Rural,Hombre,51,8.0,35.0,507.89,0,Secundaria,6.232231883175741,Mayor
P02050,Esmeraldas,Costa,Urbana,Hombre,53,9.0,33.0,1068.14,0,Secundaria,6.974609865967379,Mayor
P02051,Pichincha,Sierra,Urbana,Mujer,51,9.0,36.0,592.99,0,Secundaria,6.3868624842041,Mayor
P02052,El Oro,Costa,Urbana,Mujer,28,12.0,52.0,1210.48,1,Secundaria,7.0995980316597285,Joven
P02053,Imbabura,Sierra,Rural,Mujer,50,10.0,35.0,558.71,0,Secundaria,6.3274187924520175,Mayor
P02054,Azuay,Sierra,Rural,Mujer,34,8.0,23.0,278.85,0,Secundaria,5.634253745337369,Adulto
P02055,Guayas,Costa,Urbana,Hombre,60,12.0,57.0,1191.22,1,Secundaria,7.083572394353889,Mayor
P02056,Pichincha,Sierra,Rural,Hombre,47,7.0,48.0,175.83,0,Secundaria,5.175188819066886,Mayor
P02057,Loja,Sierra,Rural,Hombre,37,6.0,55.0,190.39,0,Primaria,5.254313231049982,Adulto
P02058,Pichincha,Sierra,Urbana,Hombre,65,12.0,56.0,275.66,0,Secundaria,5.62278931544667,Mayor
P02059,Manabí,Costa,Rural,Mujer,64,9.0,18.0,178.49,1,Secundaria,5.19011949607005,Mayor
P02061,Loja,Sierra,Urbana,Mujer,48,10.0,43.0,784.03,1,Secundaria,6.665721933612684,Mayor
P02062,Pichincha,Sierra,Urbana,Hombre,36,11.0,36.0,518.86,0,Secundaria,6.253559544557132,Adulto
P02063,Esmeraldas,Costa,Urbana,Hombre,61,15.0,29.0,844.68,0,Superior,6.740141037460408,Mayor
P02064,Tungurahua,Sierra,Urbana,Mujer,43,8.0,29.0,418.94,0,Secundaria,6.040111843929504,Adulto
P02065,Los Ríos,Costa,Rural,Hombre,22,13.0,18.0,825.49,0,Superior,6.717187817974332,Joven
P02066,Guayas,Costa,Urbana,Hombre,49,12.0,48.0,580.82,1,Secundaria,6.3661611215445095,Mayor
P02067,Orellana,Amazonía,Rural,Hombre,56,15.0,54.0,882.9,1,Superior,6.784343934066902,Mayor
P02068,Tungurahua,Sierra,Rural,Hombre,59,14.0,53.0,593.63,0,Superior,6.387939363378013,Mayor
P02069,Guayas,Costa,Rural,Hombre,34,11.0,35.0,371.8,0,Secundaria,5.921042082811436,Adulto
P02070,Guayas,Costa,Rural,Hombre,30,11.0,45.0,355.14,1,Secundaria,5.875323911973168,Adulto
P02071,Pichincha,Sierra,Urbana,Mujer,27,9.0,53.0,954.25,0,Secundaria,6.861973086327009,Joven
P02072,Pichincha,Sierra,Rural,Mujer,28,17.0,38.0,240.34,0,Posgrado,5.486206727645455,Joven
P02073,Pichincha,Sierra,Urbana,Hombre,65,16.0,36.0,1072.42,0,Superior,6.97860509195223,Mayor
P02074,Pichincha,Sierra,Urbana,Mujer,52,8.0,45.0,1140.66,1,Secundaria,7.040238622595108,Mayor
P02075,Chimborazo,Sierra,Rural,Hombre,60,13.0,44.0,623.08,1,Superior,6.436278565280058,Mayor
P02076,El Oro,Costa,Rural,Mujer,57,8.0,27.0,1082.67,0,Secundaria,6.9881087076076875,Mayor
P02077,Azuay,Sierra,Urbana,Mujer,51,19.0,35.0,921.57,0,Posgrado,6.827163253794691,Mayor
P02078,Manabí,Costa,Urbana,Hombre,39,7.0,43.0,334.13,0,Secundaria,5.814518516250867,Adulto
P02079,Orellana,Amazonía,Rural,Hombre,62,10.0,52.0,193.34,0,Secundaria,5.269609202411293,Mayor
P02080,Guayas,Costa,Urbana,Hombre,58,10.0,22.0,443.52,0,Secundaria,6.096995048317446,Mayor
P02081,Guayas,Costa,Urbana,Hombre,40,14.0,35.0,1119.03,0,Superior,7.021110749644695,Adulto
P02082,Pichincha,Sierra,Urbana,Mujer,34,9.0,31.0,1586.82,0,Secundaria,7.3701172852565255,Adulto
P02083,Pichincha,Sierra,Urbana,Hombre,38,18.0,32.0,843.11,0,Posgrado,6.738282817857066,Adulto
P02084,Pichincha,Sierra,Urbana,Hombre,40,11.0,32.0,398.02,0,Secundaria,5.989011540946915,Adulto
P02085,Manabí,Costa,Urbana,Mujer,52,14.0,47.0,827.4,0,Superior,6.7194961295214295,Mayor
P02086,Manabí,Costa,Urbana,Hombre,43,19.0,44.0,1329.92,1,Posgrado,7.193625711404651,Adulto
P02087,Manabí,Costa,Urbana,Hombre,39,16.0,51.0,892.64,1,Superior,6.795303009510555,Adulto
P02089,Pichincha,Sierra,Urbana,Hombre,45,13.0,40.0,974.78,1,Superior,6.883237151168411,Mayor
P02090,Manabí,Costa,Urbana,Hombre,26,12.0,46.0,109.95,0,Secundaria,4.709079649378603,Joven
P02091,Orellana,Amazonía,Rural,Mujer,20,13.0,35.0,755.0,0,Superior,6.628041376179533,Joven
P02092,El Oro,Costa,Urbana,Hombre,58,19.0,51.0,1525.79,1,Posgrado,7.330922771203307,Mayor
P02093,Los Ríos,Costa,Urbana,Hombre,25,16.0,30.0,743.18,0,Superior,6.612282941055293,Joven
P02094,Manabí,Costa,Urbana,Mujer,45,11.0,32.0,393.66,1,Secundaria,5.9780246347412795,Mayor
P02095,Pichincha,Sierra,Rural,Hombre,36,8.0,31.0,267.46,0,Secundaria,5.5927019270594895,Adulto
P02097,Guayas,Costa,Urbana,Hombre,23,6.0,45.0,635.51,1,Primaria,6.456000128793135,Joven
P02098,Pichincha,Sierra,Urbana,Mujer,19,8.0,47.0,176.99,0,Secundaria,5.181727368938661,Joven
P02099,Manabí,Costa,Urbana,Hombre,25,17.0,33.0,1339.18,0,Posgrado,7.20055921228192,Joven
P02100,Pichincha,Sierra,Urbana,Hombre,45,12.0,53.0,765.22,1,Secundaria,6.641469334771085,Mayor
P02101,Guayas,Costa,Urbana,Mujer,48,12.0,41.0,315.95,0,Secundaria,5.758744032730175,Mayor
P02102,Manabí,Costa,Urbana,Hombre,45,15.0,44.0,1182.54,1,Superior,7.076265226439509,Mayor
P02103,Pichincha,Sierra,Urbana,Mujer,28,7.0,45.0,230.49,0,Secundaria,5.444536676049014,Joven
P02105,Guayas,Costa,Urbana,Mujer,62,10.0,46.0,1234.71,1,Secundaria,7.119400982656505,Mayor
P02106,Manabí,Costa,Urbana,Mujer,47,11.0,28.0,915.26,0,Secundaria,6.820300167193145,Mayor
P02107,Tungurahua,Sierra,Rural,Mujer,46,8.0,47.0,339.03,0,Secundaria,5.82903384901182,Mayor
P02108,Guayas,Costa,Urbana,Mujer,18,9.0,42.0,223.06,0,Secundaria,5.411913873130577,Joven
P02109,Sucumbíos,Amazonía,Rural,Hombre,47,17.0,61.0,591.53,0,Posgrado,6.384401504638876,Mayor
P02110,Los Ríos,Costa,Urbana,Hombre,53,18.0,50.0,496.87,1,Posgrado,6.210338998769984,Mayor
P02111,Tungurahua,Sierra,Rural,Mujer,23,6.0,54.0,304.43,0,Primaria,5.721720619787214,Joven
P02112,Manabí,Costa,Urbana,Hombre,38,14.0,38.0,440.25,0,Superior,6.089611608247506,Adulto
P02113,Los Ríos,Costa,Rural,Mujer,51,16.0,35.0,488.34,0,Superior,6.193057544391747,Mayor
P02114,Pichincha,Sierra,Urbana,Mujer,49,11.0,56.0,791.48,1,Secundaria,6.675167268839927,Mayor
P02115,Chimborazo,Sierra,Urbana,Mujer,57,7.0,32.0,227.41,0,Secundaria,5.431142259660542,Mayor
P02116,Guayas,Costa,Urbana,Mujer,37,12.0,49.0,288.48,0,Secundaria,5.668086209997927,Adulto
P02117,Pichincha,Sierra,Urbana,Hombre,28,9.0,30.0,796.56,0,Secundaria,6.681557066938699,Joven
P02118,Guayas,Costa,Rural,Hombre,23,5.0,45.0,181.35,0,Primaria,5.205927917254689,Joven
P02119,Guayas,Costa,Rural,Mujer,61,11.0,40.0,610.59,1,Secundaria,6.416062123365316,Mayor
P02120,Galápagos,Insular,Rural,Hombre,30,10.0,53.0,583.16,1,Secundaria,6.370174917907327,Adulto
P02121,Guayas,Costa,Rural,Mujer,39,4.0,58.0,212.2,0,Primaria,5.362230692291689,Adulto
P02122,Guayas,Costa,Urbana,Hombre,33,11.0,29.0,327.74,0,Secundaria,5.795267164778379,Adulto
P02123,Esmeraldas,Costa,Urbana,Mujer,65,8.0,33.0,537.39,1,Secundaria,6.2885832046067645,Mayor
P02124,Los Ríos,Costa,Urbana,Mujer,61,12.0,51.0,1019.22,1,Secundaria,6.927773569295886,Mayor
P02125,Azuay,Sierra,Rural,Hombre,64,7.0,48.0,371.75,0,Secundaria,5.920907953644848,Mayor
P02126,Chimborazo,Sierra,Urbana,Hombre,63,16.0,58.0,732.74,1,Superior,6.598154742429333,Mayor
P02127,Pichincha,Sierra,Rural,Mujer,63,12.0,59.0,833.95,1,Secundaria,6.7273718428184415,Mayor
P02128,Loja,Sierra,Urbana,Hombre,48,15.0,32.0,793.35,0,Superior,6.677524170166032,Mayor
P02129,Pichincha,Sierra,Urbana,Hombre,65,11.0,39.0,492.74,1,Secundaria,6.2020090628456765,Mayor
P02130,Pichincha,Sierra,Urbana,Hombre,30,16.0,33.0,1291.74,0,Superior,7.164519275798723,Adulto
P02131,Morona Santiago,Amazonía,Urbana,Hombre,58,19.0,36.0,1056.35,0,Posgrado,6.963521056887994,Mayor
P02132,Morona Santiago,Amazonía,Urbana,Hombre,45,17.0,38.0,1173.57,1,Posgrado,7.068657402152683,Mayor
P02133,El Oro,Costa,Urbana,Mujer,52,17.0,48.0,915.04,1,Posgrado,6.820060031842976,Mayor
P02134,Azuay,Sierra,Rural,Hombre,29,9.0,46.0,712.57,1,Secundaria,6.570280540023335,Joven
P02135,Chimborazo,Sierra,Rural,Hombre,26,11.0,30.0,444.52,0,Secundaria,6.099242139281413,Joven
P02136,Guayas,Costa,Rural,Hombre,60,15.0,58.0,933.02,1,Superior,6.839497851275813,Mayor
P02137,Manabí,Costa,Rural,Hombre,25,8.0,32.0,317.66,0,Secundaria,5.764124703662363,Joven
P02138,Pichincha,Sierra,Urbana,Mujer,27,11.0,34.0,1154.42,0,Secundaria,7.052219193219852,Joven
P02139,Manabí,Costa,Rural,Mujer,56,6.0,40.0,345.36,0,Primaria,5.847478696579601,Mayor
P02140,Pichincha,Sierra,Urbana,Hombre,34,17.0,45.0,908.13,1,Posgrado,6.812488098253339,Adulto
P02141,Guayas,Costa,Rural,Hombre,34,19.0,40.0,1149.66,1,Posgrado,7.048090969775667,Adulto
P02142,Guayas,Costa,Rural,Hombre,24,8.0,44.0,164.62,0,Secundaria,5.109696007605554,Joven
P02143,Loja,Sierra,Rural,Hombre,33,12.0,45.0,572.31,1,Secundaria,6.3514265826367975,Adulto
P02144,Tungurahua,Sierra,Urbana,Mujer,23,17.0,51.0,1171.78,1,Posgrado,7.067132277780977,Joven
P02145,Esmeraldas,Costa,Urbana,Hombre,39,15.0,29.0,1021.22,0,Superior,6.9297320117855055,Adulto
P02146,Chimborazo,Sierra,Rural,Hombre,65,11.0,48.0,874.37,1,Secundaria,6.774646654121585,Mayor
P02147,Pichincha,Sierra,Rural,Hombre,28,14.0,38.0,1271.05,0,Superior,7.148385051303622,Joven
P02148,Morona Santiago,Amazonía,Rural,Hombre,28,10.0,40.0,232.21,0,Secundaria,5.451939335203601,Joven
P02149,Esmeraldas,Costa,Urbana,Mujer,28,11.0,36.0,667.14,0,Secundaria,6.504497732415973,Joven
P02150,Guayas,Costa,Urbana,Hombre,40,8.0,23.0,1532.34,0,Secundaria,7.335203641625712,Adulto
P02151,Manabí,Costa,Urbana,Hombre,19,12.0,39.0,529.32,0,Secundaria,6.273480597933136,Joven
P02152,Pichincha,Sierra,Urbana,Mujer,48,9.0,50.0,366.67,0,Secundaria,5.907185796727433,Mayor
P02153,Guayas,Costa,Rural,Mujer,50,11.0,52.0,595.02,1,Secundaria,6.390274223549304,Mayor
P02155,Manabí,Costa,Urbana,Hombre,37,17.0,34.0,295.05,0,Posgrado,5.690528358977785,Adulto
P02156,Pichincha,Sierra,Urbana,Mujer,22,7.0,38.0,557.1,0,Secundaria,6.324538157794388,Joven
P02157,Morona Santiago,Amazonía,Urbana,Mujer,23,14.0,24.0,219.47,0,Superior,5.39576163120889,Joven
P02158,Sucumbíos,Amazonía,Urbana,Hombre,55,19.0,41.0,802.65,1,Posgrado,6.68916385101515,Mayor
P02159,Guayas,Costa,Rural,Mujer,54,15.0,43.0,591.72,1,Superior,6.384722112108402,Mayor
P02160,Esmeraldas,Costa,Rural,Hombre,23,8.0,51.0,209.28,0,Secundaria,5.348439975951248,Joven
P02161,Manabí,Costa,Rural,Hombre,35,9.0,40.0,532.3,1,Secundaria,6.279084117606557,Adulto
P02162,Guayas,Costa,Urbana,Mujer,56,12.0,50.0,326.16,0,Secundaria,5.790449347866773,Mayor
P02163,Manabí,Costa,Urbana,Mujer,52,14.0,54.0,437.41,0,Superior,6.083154545592635,Mayor
P02164,Pichincha,Sierra,Urbana,Hombre,18,12.0,50.0,989.5,1,Secundaria,6.898209866138606,Joven
P02165,El Oro,Costa,Rural,Hombre,25,12.0,46.0,1093.29,1,Secundaria,6.997861030120741,Joven
P02167,Pichincha,Sierra,Urbana,Mujer,18,8.0,24.0,414.3,0,Secundaria,6.029001150636708,Joven
P02168,Pichincha,Sierra,Urbana,Hombre,49,16.0,25.0,957.17,0,Superior,6.865025215255074,Mayor
P02169,Guayas,Costa,Urbana,Mujer,43,8.0,19.0,478.77,0,Secundaria,6.173306822398237,Adulto
P02170,Pichincha,Sierra,Urbana,Hombre,63,11.0,43.0,749.98,1,Secundaria,6.621379020251064,Mayor
P02171,Pichincha,Sierra,Urbana,Mujer,40,11.0,38.0,630.48,0,Secundaria,6.448066270663526,Adulto
P02173,Guayas,Costa,Urbana,Hombre,65,12.0,52.0,1411.0,1,Secundaria,7.252762418053187,Mayor
P02174,Loja,Sierra,Urbana,Hombre,60,11.0,44.0,364.03,0,Secundaria,5.899979541985754,Mayor
P02175,Guayas,Costa,Urbana,Hombre,29,15.0,27.0,403.25,0,Superior,6.002033498457216,Joven
P02176,Azuay,Sierra,Urbana,Mujer,47,12.0,46.0,219.83,0,Secundaria,5.397393174738724,Mayor
P02177,Loja,Sierra,Urbana,Hombre,44,9.0,20.0,863.85,0,Secundaria,6.762556081489932,Adulto
P02178,Sucumbíos,Amazonía,Rural,Hombre,44,9.0,33.0,387.55,0,Secundaria,5.962421861655251,Adulto
P02179,Azuay,Sierra,Urbana,Hombre,48,17.0,46.0,894.38,1,Posgrado,6.797248209171432,Mayor
P02180,Guayas,Costa,Urbana,Mujer,64,7.0,48.0,359.36,0,Secundaria,5.887103531783239,Mayor
P02181,Tungurahua,Sierra,Rural,Hombre,48,9.0,49.0,445.7,0,Secundaria,6.101887228358073,Mayor
P02182,Guayas,Costa,Urbana,Hombre,52,11.0,46.0,1007.26,1,Secundaria,6.915981351879348,Mayor
P02183,Guayas,Costa,Rural,Hombre,33,7.0,23.0,277.34,0,Secundaria,5.628843387991707,Adulto
P02186,Manabí,Costa,Rural,Hombre,53,13.0,24.0,775.92,0,Superior,6.655337384963932,Mayor
P02187,El Oro,Costa,Urbana,Hombre,22,12.0,43.0,446.18,0,Secundaria,6.102961198121657,Joven
P02188,Orellana,Amazonía,Rural,Mujer,43,7.0,35.0,290.95,1,Secundaria,5.6765825547295465,Adulto
P02189,Guayas,Costa,Urbana,Mujer,31,17.0,53.0,1055.39,1,Posgrado,6.962612714266852,Adulto
P02190,Loja,Sierra,Rural,Mujer,44,12.0,37.0,676.28,0,Secundaria,6.518084776772613,Adulto
P02191,El Oro,Costa,Urbana,Hombre,58,17.0,51.0,1401.97,1,Posgrado,7.2463466971226,Mayor
P02192,Orellana,Amazonía,Rural,Mujer,62,10.0,66.0,551.84,1,Secundaria,6.315068628735826,Mayor
P02193,Morona Santiago,Amazonía,Rural,Mujer,54,12.0,40.0,553.87,1,Secundaria,6.318733852075077,Mayor
P02194,Azuay,Sierra,Rural,Hombre,39,9.0,41.0,816.83,1,Secundaria,6.706654491043475,Adulto
P02195,Guayas,Costa,Urbana,Mujer,42,22.0,52.0,1163.22,1,Posgrado,7.05980661386891,Adulto
P02196,Esmeraldas,Costa,Rural,Hombre,52,8.0,28.0,310.38,1,Secundaria,5.741014031261528,Mayor
P02197,Pichincha,Sierra,Rural,Hombre,41,12.0,61.0,785.5,1,Secundaria,6.667592722498332,Adulto
P02198,Loja,Sierra,Urbana,Hombre,31,8.0,28.0,365.9,0,Secundaria,5.9050893313612365,Adulto
P02199,Esmeraldas,Costa,Urbana,Hombre,62,16.0,36.0,721.18,1,Superior,6.582274415300105,Mayor
P02200,Chimborazo,Sierra,Urbana,Mujer,26,15.0,45.0,650.52,1,Superior,6.4793080944820485,Joven
P02201,Pichincha,Sierra,Urbana,Hombre,63,9.0,33.0,490.06,0,Secundaria,6.196566319921427,Mayor
P02202,El Oro,Costa,Urbana,Hombre,39,14.0,48.0,931.5,1,Superior,6.837869151517971,Adulto
P02203,Guayas,Costa,Urbana,Hombre,35,11.0,51.0,764.48,1,Secundaria,6.640503088041864,Adulto
P02204,Pichincha,Sierra,Rural,Mujer,39,8.0,43.0,391.42,0,Secundaria,5.972332694791955,Adulto
P02205,Los Ríos,Costa,Urbana,Hombre,65,16.0,48.0,1149.22,1,Superior,7.047708507408778,Mayor
P02206,Guayas,Costa,Urbana,Hombre,18,11.0,41.0,562.46,1,Secundaria,6.334096346044578,Joven
P02207,Manabí,Costa,Rural,Mujer,65,15.0,47.0,695.6,1,Superior,6.546211357931901,Mayor
P02208,Guayas,Costa,Urbana,Mujer,54,13.0,26.0,494.31,0,Superior,6.20518382917435,Mayor
P02209,Guayas,Costa,Urbana,Hombre,21,15.0,51.0,610.95,1,Superior,6.416650579828348,Joven
P02210,Los Ríos,Costa,Urbana,Hombre,53,10.0,47.0,429.99,0,Secundaria,6.066084887978432,Mayor
P02211,Esmeraldas,Costa,Rural,Mujer,19,11.0,32.0,283.64,0,Secundaria,5.651225223917525,Joven
P02212,Pichincha,Sierra,Urbana,Hombre,31,18.0,20.0,1039.2,0,Posgrado,6.947168281338972,Adulto
P02213,Manabí,Costa,Urbana,Hombre,48,13.0,33.0,661.04,0,Superior,6.49532597707234,Mayor
P02214,Pichincha,Sierra,Rural,Hombre,50,6.0,48.0,366.57,0,Primaria,5.906913776705081,Mayor
P02215,Pichincha,Sierra,Rural,Hombre,61,11.0,25.0,426.03,0,Secundaria,6.056854268371915,Mayor
P02216,Pichincha,Sierra,Rural,Hombre,33,8.0,20.0,306.01,0,Secundaria,5.726880320346601,Adulto
P02217,Los Ríos,Costa,Urbana,Hombre,22,12.0,38.0,549.77,0,Secundaria,6.3113172991402235,Joven
P02218,Los Ríos,Costa,Urbana,Mujer,47,11.0,26.0,398.25,0,Secundaria,5.989587787095122,Mayor
P02219,Azuay,Sierra,Rural,Hombre,63,8.0,35.0,233.53,0,Secundaria,5.457583511473486,Mayor
P02220,Pichincha,Sierra,Rural,Hombre,34,10.0,37.0,273.98,0,Secundaria,5.616698367749088,Adulto
P02221,Pichincha,Sierra,Urbana,Hombre,34,11.0,37.0,375.5,0,Secundaria,5.930918047239948,Adulto
P02222,Pichincha,Sierra,Urbana,Mujer,65,15.0,33.0,1215.32,0,Superior,7.103585185800884,Mayor
P02223,Sucumbíos,Amazonía,Urbana,Hombre,20,10.0,43.0,808.36,1,Secundaria,6.696243811897635,Joven
P02224,Guayas,Costa,Urbana,Mujer,18,14.0,36.0,437.21,0,Superior,6.082698247530828,Joven
P02225,Pichincha,Sierra,Urbana,Hombre,20,11.0,29.0,237.85,0,Secundaria,5.475835739835971,Joven
P02226,Sucumbíos,Amazonía,Rural,Hombre,50,12.0,32.0,469.5,0,Secundaria,6.153795959025435,Mayor
P02227,Sucumbíos,Amazonía,Urbana,Mujer,51,15.0,47.0,425.35,0,Superior,6.055260605188058,Mayor
P02228,Guayas,Costa,Urbana,Hombre,35,16.0,49.0,480.21,1,Superior,6.176303765264477,Adulto
P02229,Guayas,Costa,Urbana,Mujer,46,18.0,38.0,362.05,0,Posgrado,5.894540565826256,Mayor
P02230,Guayas,Costa,Urbana,Mujer,37,11.0,52.0,761.32,1,Secundaria,6.636366415039933,Adulto
P02231,Manabí,Costa,Urbana,Mujer,19,7.0,47.0,283.44,0,Secundaria,5.650522335015317,Joven
P02232,Guayas,Costa,Urbana,Hombre,18,19.0,44.0,970.99,1,Posgrado,6.879345516341673,Joven
P02233,Guayas,Costa,Rural,Hombre,26,12.0,47.0,1165.17,1,Secundaria,7.061480153881629,Joven
P02234,Sucumbíos,Amazonía,Rural,Mujer,59,6.0,45.0,136.17,0,Primaria,4.921221032490315,Mayor
P02235,Pichincha,Sierra,Urbana,Mujer,19,12.0,46.0,390.39,0,Secundaria,5.969704505325418,Joven
P02236,Pichincha,Sierra,Urbana,Mujer,60,10.0,36.0,670.42,0,Secundaria,6.509394872603904,Mayor
P02237,Pichincha,Sierra,Rural,Hombre,59,15.0,59.0,1180.56,1,Superior,7.0745908782406435,Mayor
P02238,Pichincha,Sierra,Urbana,Mujer,62,12.0,19.0,800.01,0,Secundaria,6.685873431384937,Mayor
P02239,Pichincha,Sierra,Urbana,Hombre,44,16.0,39.0,509.18,0,Superior,6.234763604625756,Adulto
P02240,Sucumbíos,Amazonía,Rural,Hombre,39,12.0,37.0,1132.89,0,Secundaria,7.0334094778190535,Adulto
P02241,Orellana,Amazonía,Rural,Hombre,28,7.0,38.0,91.57,0,Secundaria,4.52796511507912,Joven
P02242,Morona Santiago,Amazonía,Rural,Mujer,55,10.0,38.0,397.7,0,Secundaria,5.988209254387309,Mayor
P02243,Guayas,Costa,Urbana,Hombre,19,18.0,47.0,1055.99,1,Posgrado,6.963180525087547,Joven
P02245,Sucumbíos,Amazonía,Urbana,Hombre,54,9.0,46.0,471.12,1,Secundaria,6.157233190560868,Mayor
P02247,Manabí,Costa,Urbana,Mujer,48,14.0,48.0,1126.99,1,Superior,7.028192566770481,Mayor
P02248,El Oro,Costa,Rural,Mujer,43,5.0,44.0,273.44,0,Primaria,5.61473265782269,Adulto
P02249,Pichincha,Sierra,Urbana,Hombre,50,17.0,46.0,1246.84,1,Posgrado,7.129169335582188,Mayor
P02250,Los Ríos,Costa,Rural,Hombre,52,7.0,42.0,314.64,0,Secundaria,5.7546023236528345,Mayor
P02251,El Oro,Costa,Urbana,Mujer,40,7.0,42.0,487.19,1,Secundaria,6.190704674340632,Adulto
P02252,Guayas,Costa,Urbana,Hombre,59,11.0,35.0,574.46,0,Secundaria,6.355169720967915,Mayor
P02253,Loja,Sierra,Urbana,Mujer,28,9.0,43.0,328.61,0,Secundaria,5.797910137380899,Joven
P02254,Azuay,Sierra,Urbana,Mujer,54,19.0,51.0,1583.68,1,Posgrado,7.368137773183818,Mayor
P02255,Pichincha,Sierra,Urbana,Hombre,32,14.0,59.0,734.13,1,Superior,6.600047354321349,Adulto
P02256,Guayas,Costa,Urbana,Hombre,45,12.0,37.0,252.87,0,Secundaria,5.5368223249749455,Mayor
P02257,Pichincha,Sierra,Urbana,Mujer,39,10.0,42.0,217.72,0,Secundaria,5.38779237297564,Adulto
P02258,Guayas,Costa,Rural,Mujer,61,8.0,39.0,247.28,0,Secundaria,5.514557141545452,Mayor
P02260,Pichincha,Sierra,Urbana,Mujer,24,12.0,52.0,863.54,1,Secundaria,6.762197573572898,Joven
P02261,Pichincha,Sierra,Urbana,Hombre,30,17.0,15.0,495.88,0,Posgrado,6.208348548251047,Adulto
P02262,Pichincha,Sierra,Urbana,Hombre,29,7.0,37.0,355.26,0,Secundaria,5.875660801364339,Joven
P02263,Loja,Sierra,Urbana,Hombre,35,11.0,44.0,1059.51,1,Secundaria,6.96650520347466,Adulto
P02264,Chimborazo,Sierra,Urbana,Hombre,20,8.0,45.0,370.13,0,Secundaria,5.91655240554285,Joven
P02266,Guayas,Costa,Urbana,Mujer,49,12.0,35.0,1204.93,0,Secundaria,7.095006332484819,Mayor
P02267,Chimborazo,Sierra,Urbana,Hombre,28,22.0,41.0,479.79,0,Posgrado,6.1754305843358175,Joven
P02268,Guayas,Costa,Urbana,Mujer,37,16.0,43.0,913.85,1,Superior,6.818760117410575,Adulto
P02269,El Oro,Costa,Urbana,Hombre,32,12.0,46.0,535.35,1,Secundaria,6.2847869330434385,Adulto
P02270,Loja,Sierra,Urbana,Hombre,28,19.0,37.0,1229.75,0,Posgrado,7.11537901863831,Joven
P02271,El Oro,Costa,Rural,Hombre,18,13.0,57.0,317.24,0,Superior,5.762805815105662,Joven
P02272,Morona Santiago,Amazonía,Urbana,Mujer,58,16.0,56.0,1234.31,1,Superior,7.119077229709549,Mayor
P02274,Pichincha,Sierra,Urbana,Mujer,37,20.0,24.0,1268.14,0,Posgrado,7.14609478471829,Adulto
P02275,Morona Santiago,Amazonía,Urbana,Mujer,46,6.0,43.0,475.19,1,Primaria,6.16581693425226,Mayor
P02276,Manabí,Costa,Urbana,Mujer,27,11.0,45.0,592.22,1,Secundaria,6.3855653251370965,Joven
P02277,Guayas,Costa,Urbana,Mujer,42,12.0,51.0,1148.97,1,Secundaria,7.047491134060503,Adulto
P02278,Orellana,Amazonía,Urbana,Mujer,45,13.0,29.0,423.91,0,Superior,6.051877381793223,Mayor
P02279,Sucumbíos,Amazonía,Urbana,Mujer,63,8.0,56.0,1047.27,1,Secundaria,6.95489646528694,Mayor
P02280,Chimborazo,Sierra,Rural,Mujer,30,2.0,39.0,117.75,0,Primaria,4.7770204429147505,Adulto
P02281,Pichincha,Sierra,Urbana,Hombre,65,16.0,39.0,711.75,0,Superior,6.569130727792781,Mayor
P02283,Esmeraldas,Costa,Urbana,Mujer,53,9.0,41.0,738.2,1,Secundaria,6.605568520327474,Mayor
P02284,Guayas,Costa,Urbana,Hombre,51,11.0,46.0,406.44,0,Secundaria,6.009893682576349,Mayor
P02285,Imbabura,Sierra,Urbana,Mujer,38,5.0,44.0,397.25,0,Primaria,5.987079948790158,Adulto
P02286,Esmeraldas,Costa,Urbana,Hombre,65,9.0,42.0,731.79,1,Secundaria,6.596859166978599,Mayor
P02287,Tungurahua,Sierra,Urbana,Hombre,40,11.0,41.0,850.02,1,Secundaria,6.746435630059844,Adulto
P02288,Guayas,Costa,Urbana,Hombre,37,12.0,40.0,294.77,0,Secundaria,5.689582125255059,Adulto
P02289,Imbabura,Sierra,Urbana,Mujer,47,10.0,30.0,294.03,0,Secundaria,5.687077046084497,Mayor
P02290,Orellana,Amazonía,Urbana,Mujer,25,14.0,32.0,486.41,0,Superior,6.189105658009769,Joven
P02291,Guayas,Costa,Rural,Hombre,23,13.0,48.0,675.11,1,Superior,6.516355784698684,Joven
P02292,Guayas,Costa,Urbana,Mujer,18,11.0,31.0,370.96,0,Secundaria,5.918786321609996,Joven
P02293,Tungurahua,Sierra,Urbana,Mujer,29,13.0,41.0,661.61,1,Superior,6.496186581813487,Joven
P02294,Guayas,Costa,Urbana,Hombre,54,6.0,51.0,413.3,0,Primaria,6.026590349083357,Mayor
P02295,Guayas,Costa,Urbana,Mujer,23,9.0,30.0,462.7,0,Secundaria,6.139237791397415,Joven
P02296,Guayas,Costa,Urbana,Mujer,65,16.0,27.0,397.58,0,Superior,5.987908230905205,Mayor
P02297,Esmeraldas,Costa,Rural,Hombre,50,6.0,37.0,398.47,0,Primaria,5.990138668519309,Mayor
P02298,Loja,Sierra,Urbana,Hombre,34,11.0,43.0,837.29,1,Secundaria,6.731364102668928,Adulto
P02299,Esmeraldas,Costa,Rural,Mujer,53,8.0,41.0,518.73,1,Secundaria,6.253309445959267,Mayor
P02300,Pichincha,Sierra,Urbana,Hombre,27,11.0,36.0,588.05,1,Secundaria,6.378511069692128,Joven
P02301,Pichincha,Sierra,Urbana,Mujer,42,12.0,26.0,469.8,0,Secundaria,6.154433375386121,Adulto
P02302,Sucumbíos,Amazonía,Urbana,Hombre,21,8.0,46.0,228.84,1,Secundaria,5.437383414671034,Joven
P02303,El Oro,Costa,Urbana,Hombre,48,15.0,43.0,1563.2,1,Superior,7.355129790167511,Mayor
P02304,Orellana,Amazonía,Rural,Hombre,37,14.0,35.0,763.28,0,Superior,6.638934214171274,Adulto
P02305,Guayas,Costa,Urbana,Hombre,31,11.0,34.0,372.21,0,Secundaria,5.922141263898231,Adulto
P02306,Guayas,Costa,Urbana,Mujer,36,13.0,67.0,995.51,1,Superior,6.9042591747254285,Adulto
P02307,Tungurahua,Sierra,Rural,Mujer,62,10.0,45.0,664.61,1,Secundaria,6.5007039134326,Mayor
P02308,Guayas,Costa,Urbana,Mujer,41,14.0,42.0,341.85,0,Superior,5.837293033730374,Adulto
P02309,Guayas,Costa,Rural,Hombre,38,9.0,35.0,271.46,0,Secundaria,5.607491814337915,Adulto
P02310,Guayas,Costa,Urbana,Mujer,30,20.0,67.0,975.24,1,Posgrado,6.883708457823584,Adulto
P02312,Manabí,Costa,Urbana,Hombre,51,10.0,30.0,1576.06,0,Secundaria,7.363317633163812,Mayor
P02313,Manabí,Costa,Urbana,Mujer,29,8.0,49.0,812.36,1,Secundaria,6.701173815966905,Joven
P02314,Azuay,Sierra,Rural,Hombre,27,15.0,32.0,801.62,0,Superior,6.68788137653555,Joven
P02315,Orellana,Amazonía,Rural,Mujer,18,8.0,38.0,227.59,0,Secundaria,5.431930005871957,Joven
P02316,Galápagos,Insular,Rural,Hombre,49,5.0,54.0,432.93,0,Primaria,6.072883230769142,Mayor
P02317,Manabí,Costa,Urbana,Hombre,46,17.0,48.0,718.83,1,Posgrado,6.579015073020373,Mayor
P02318,Manabí,Costa,Urbana,Hombre,21,8.0,37.0,332.62,0,Secundaria,5.81000262072591,Joven
P02319,Pichincha,Sierra,Urbana,Hombre,65,11.0,55.0,541.33,1,Secundaria,6.29587467225054,Mayor
P02320,Los Ríos,Costa,Urbana,Hombre,19,8.0,48.0,722.48,1,Secundaria,6.584072902289314,Joven
P02321,Imbabura,Sierra,Urbana,Mujer,42,12.0,32.0,1098.21,0,Secundaria,7.002347018952176,Adulto
P02322,Pichincha,Sierra,Urbana,Hombre,19,14.0,28.0,1108.28,0,Superior,7.011466435194181,Joven
P02324,Pichincha,Sierra,Rural,Hombre,38,7.0,54.0,540.56,1,Secundaria,6.29445386362691,Adulto
P02326,Manabí,Costa,Rural,Hombre,36,13.0,36.0,794.53,0,Superior,6.679008559197492,Adulto
P02327,Pichincha,Sierra,Urbana,Hombre,39,17.0,32.0,1277.9,0,Posgrado,7.153755612439275,Adulto
P02328,Orellana,Amazonía,Rural,Mujer,53,11.0,27.0,336.57,0,Secundaria,5.821772896214049,Mayor
P02329,Pichincha,Sierra,Rural,Hombre,64,3.0,44.0,384.14,0,Primaria,5.953606904551742,Mayor
P02330,Pichincha,Sierra,Urbana,Mujer,22,15.0,42.0,418.34,0,Superior,6.038682046717093,Joven
P02331,Los Ríos,Costa,Rural,Mujer,30,12.0,33.0,411.63,0,Secundaria,6.02255130764008,Adulto
P02332,Tungurahua,Sierra,Urbana,Mujer,61,13.0,39.0,572.88,0,Superior,6.352420315230189,Mayor
P02333,Esmeraldas,Costa,Urbana,Hombre,59,10.0,47.0,776.71,1,Secundaria,6.6563537040469285,Mayor
P02334,Sucumbíos,Amazonía,Rural,Mujer,41,8.0,39.0,435.28,1,Secundaria,6.078284239060542,Adulto
P02335,Morona Santiago,Amazonía,Urbana,Hombre,18,16.0,38.0,888.65,0,Superior,6.790828126952845,Joven
P02336,El Oro,Costa,Rural,Mujer,50,12.0,46.0,611.77,1,Secundaria,6.417989661614439,Mayor
P02337,Manabí,Costa,Urbana,Mujer,22,11.0,20.0,353.58,0,Secundaria,5.870933990470235,Joven
P02338,Pichincha,Sierra,Urbana,Mujer,22,8.0,43.0,87.18,0,Secundaria,4.479380179929792,Joven
P02339,Azuay,Sierra,Urbana,Mujer,36,16.0,40.0,1443.35,1,Superior,7.275414672354403,Adulto
P02340,Guayas,Costa,Urbana,Hombre,49,9.0,49.0,288.95,0,Secundaria,5.66970849432245,Mayor
P02341,Pichincha,Sierra,Urbana,Hombre,39,16.0,35.0,1323.42,0,Superior,7.188729906736961,Adulto
P02342,El Oro,Costa,Urbana,Mujer,36,11.0,35.0,568.08,0,Secundaria,6.344021021782966,Adulto
P02343,Pichincha,Sierra,Urbana,Mujer,39,11.0,25.0,592.07,0,Secundaria,6.385312435875956,Adulto
P02344,El Oro,Costa,Rural,Hombre,42,13.0,42.0,677.25,0,Superior,6.5195159515390415,Adulto
P02345,Morona Santiago,Amazonía,Urbana,Mujer,60,12.0,35.0,746.29,0,Secundaria,6.6164533293399534,Mayor
P02346,Guayas,Costa,Urbana,Mujer,39,11.0,38.0,821.7,0,Secundaria,6.712591614174885,Adulto
P02348,Pichincha,Sierra,Rural,Hombre,61,9.0,47.0,363.46,0,Secundaria,5.898416806057909,Mayor
P02349,Guayas,Costa,Urbana,Hombre,52,5.0,36.0,595.98,0,Primaria,6.391883611993916,Mayor
P02350,Pichincha,Sierra,Urbana,Mujer,29,15.0,34.0,378.85,0,Superior,5.939776437949231,Joven
P02351,Guayas,Costa,Rural,Mujer,57,11.0,46.0,959.57,1,Secundaria,6.867526858262093,Mayor
P02352,Pichincha,Sierra,Urbana,Hombre,55,9.0,56.0,1161.13,1,Secundaria,7.058009807229927,Mayor
P02353,Azuay,Sierra,Rural,Hombre,59,6.0,56.0,174.13,0,Primaria,5.165528555284573,Mayor
P02354,Los Ríos,Costa,Urbana,Hombre,25,8.0,25.0,737.23,0,Secundaria,6.604255429163259,Joven
P02355,Loja,Sierra,Urbana,Mujer,41,12.0,34.0,775.31,0,Secundaria,6.654551924946598,Adulto
P02356,Morona Santiago,Amazonía,Rural,Mujer,23,11.0,31.0,165.72,0,Secundaria,5.116315758565002,Joven
P02357,Sucumbíos,Amazonía,Rural,Mujer,30,15.0,33.0,299.25,0,Superior,5.704615460960093,Adulto
P02358,Imbabura,Sierra,Rural,Mujer,18,14.0,37.0,344.85,0,Superior,5.846005155046594,Joven
P02360,Manabí,Costa,Urbana,Hombre,36,10.0,49.0,347.8,0,Secundaria,5.8544986920348245,Adulto
P02361,Pichincha,Sierra,Urbana,Mujer,53,15.0,49.0,242.64,0,Superior,5.495691725968284,Mayor
P02362,Los Ríos,Costa,Urbana,Mujer,23,16.0,35.0,746.44,0,Superior,6.6166540344847,Joven
P02363,El Oro,Costa,Urbana,Hombre,57,10.0,51.0,217.14,0,Secundaria,5.385137058500597,Mayor
P02364,Orellana,Amazonía,Urbana,Hombre,61,13.0,34.0,436.14,0,Superior,6.080253509922041,Mayor
P02365,Pichincha,Sierra,Rural,Hombre,24,12.0,42.0,455.97,0,Secundaria,6.124617743225221,Joven
P02367,Pichincha,Sierra,Urbana,Hombre,62,4.0,36.0,308.32,0,Primaria,5.734376339740835,Mayor
P02368,Pichincha,Sierra,Urbana,Mujer,52,13.0,39.0,858.62,0,Superior,6.756490431133336,Mayor
P02369,El Oro,Costa,Rural,Hombre,21,4.0,32.0,94.11,0,Primaria,4.555034116494294,Joven
P02370,Guayas,Costa,Rural,Hombre,38,8.0,49.0,477.1,1,Secundaria,6.169819915632058,Adulto
P02372,Guayas,Costa,Rural,Mujer,29,8.0,47.0,255.85,0,Secundaria,5.548492256913277,Joven
P02374,Esmeraldas,Costa,Urbana,Mujer,63,11.0,54.0,784.85,1,Secundaria,6.6667659345223385,Mayor
P02375,Los Ríos,Costa,Urbana,Hombre,25,16.0,31.0,450.87,0,Superior,6.113394527844896,Joven
P02376,Guayas,Costa,Urbana,Mujer,26,12.0,20.0,369.09,0,Secundaria,5.913746219302672,Joven
P02377,Guayas,Costa,Urbana,Hombre,36,13.0,45.0,369.38,0,Superior,5.914529505633859,Adulto
P02378,Los Ríos,Costa,Rural,Mujer,63,8.0,18.0,425.08,0,Secundaria,6.0546271220656225,Mayor
P02379,Azuay,Sierra,Urbana,Mujer,65,18.0,42.0,729.75,1,Posgrado,6.5940714039913555,Mayor
P02380,Imbabura,Sierra,Urbana,Mujer,61,14.0,56.0,506.45,1,Superior,6.229398183894827,Mayor
P02381,Sucumbíos,Amazonía,Rural,Mujer,26,17.0,38.0,609.58,0,Posgrado,6.414409325096791,Joven
P02384,Los Ríos,Costa,Rural,Hombre,65,15.0,37.0,341.3,0,Superior,5.83568754553614,Mayor
P02385,Pichincha,Sierra,Urbana,Hombre,32,8.0,37.0,689.37,0,Secundaria,6.537227685754423,Adulto
P02386,Esmeraldas,Costa,Urbana,Hombre,48,11.0,39.0,1083.35,0,Secundaria,6.988736008114416,Mayor
P02388,Guayas,Costa,Urbana,Mujer,19,13.0,34.0,1047.78,0,Superior,6.9553828628550045,Joven
P02389,El Oro,Costa,Urbana,Mujer,63,12.0,42.0,927.08,1,Secundaria,6.8331179359671514,Mayor
P02390,Guayas,Costa,Rural,Hombre,30,6.0,43.0,301.74,0,Primaria,5.71287435133442,Adulto
P02391,Esmeraldas,Costa,Urbana,Mujer,36,14.0,52.0,745.81,1,Superior,6.615810802043904,Adulto
P02392,El Oro,Costa,Rural,Mujer,49,11.0,41.0,441.4,0,Secundaria,6.092214450208125,Mayor
P02393,Orellana,Amazonía,Rural,Mujer,55,13.0,36.0,275.87,1,Superior,5.623548081945595,Mayor
P02395,Imbabura,Sierra,Urbana,Hombre,62,10.0,40.0,471.17,1,Secundaria,6.157339090231619,Mayor
P02396,Pichincha,Sierra,Urbana,Mujer,45,13.0,46.0,648.84,1,Superior,6.476726178742698,Mayor
P02397,Pichincha,Sierra,Urbana,Hombre,63,17.0,34.0,1038.61,1,Posgrado,6.946600921805335,Mayor
P02398,Manabí,Costa,Rural,Hombre,31,15.0,20.0,704.69,0,Superior,6.55917604757905,Adulto
P02399,Sucumbíos,Amazonía,Urbana,Mujer,38,17.0,40.0,1030.87,1,Posgrado,6.9391279691145,Adulto
P02400,Azuay,Sierra,Urbana,Hombre,58,13.0,34.0,416.13,0,Superior,6.033397923814201,Mayor
P02401,Manabí,Costa,Urbana,Mujer,54,15.0,41.0,999.16,1,Superior,6.907915266183502,Mayor
P02402,Orellana,Amazonía,Urbana,Mujer,22,20.0,38.0,731.55,0,Posgrado,6.596531597947322,Joven
P02403,Guayas,Costa,Urbana,Hombre,37,15.0,47.0,772.96,1,Superior,6.651520192667728,Adulto
P02404,Esmeraldas,Costa,Urbana,Mujer,20,9.0,41.0,316.5,0,Secundaria,5.760477818332746,Joven
P02405,Los Ríos,Costa,Urbana,Hombre,50,14.0,28.0,548.33,0,Superior,6.308699353821732,Mayor
P02406,Tungurahua,Sierra,Urbana,Hombre,61,16.0,41.0,661.4,1,Superior,6.49586960307105,Mayor
P02407,Guayas,Costa,Urbana,Mujer,64,9.0,42.0,497.96,1,Secundaria,6.212525932217867,Mayor
P02408,Chimborazo,Sierra,Urbana,Hombre,64,17.0,38.0,647.46,0,Posgrado,6.474600321052309,Mayor
P02409,Morona Santiago,Amazonía,Rural,Mujer,36,12.0,18.0,491.58,0,Secundaria,6.199656883968979,Adulto
P02410,Guayas,Costa,Urbana,Mujer,44,9.0,31.0,263.5,0,Secundaria,5.577841251298354,Adulto
P02411,Guayas,Costa,Urbana,Hombre,24,12.0,36.0,918.71,0,Secundaria,6.824058402960337,Joven
P02412,Loja,Sierra,Urbana,Hombre,35,10.0,60.0,444.26,0,Secundaria,6.098658381210097,Adulto
P02413,Manabí,Costa,Urbana,Mujer,33,15.0,30.0,555.58,0,Superior,6.321810915999205,Adulto
P02414,Guayas,Costa,Rural,Mujer,22,20.0,41.0,323.03,0,Posgrado,5.780836104098492,Joven
P02415,Chimborazo,Sierra,Urbana,Hombre,53,12.0,31.0,547.97,1,Secundaria,6.3080437952077055,Mayor
P02416,Tungurahua,Sierra,Urbana,Mujer,31,17.0,33.0,1133.55,0,Posgrado,7.033991375527279,Adulto
P02417,Azuay,Sierra,Rural,Hombre,59,3.0,33.0,292.11,0,Primaria,5.680547965183287,Mayor
P02418,Guayas,Costa,Urbana,Mujer,55,10.0,27.0,479.75,0,Secundaria,6.175347384468889,Mayor
P02419,El Oro,Costa,Urbana,Hombre,52,14.0,55.0,828.94,1,Superior,6.72135340902103,Mayor
P02420,Guayas,Costa,Urbana,Mujer,49,15.0,57.0,375.7,0,Superior,5.931449114697996,Mayor
P02421,El Oro,Costa,Urbana,Hombre,27,13.0,49.0,1219.0,1,Superior,7.106606137727303,Joven
P02422,Pichincha,Sierra,Urbana,Hombre,64,13.0,38.0,617.85,0,Superior,6.427862916986031,Mayor
P02423,Guayas,Costa,Urbana,Hombre,50,12.0,52.0,656.6,1,Secundaria,6.48859684374197,Mayor
P02427,Imbabura,Sierra,Urbana,Mujer,18,15.0,49.0,876.17,1,Superior,6.776700816232507,Joven
P02428,Loja,Sierra,Urbana,Mujer,21,14.0,46.0,1266.22,1,Superior,7.144580803763897,Joven
P02429,Pichincha,Sierra,Urbana,Hombre,27,7.0,34.0,997.79,0,Secundaria,6.90654454634108,Joven
P02430,Esmeraldas,Costa,Urbana,Mujer,65,11.0,52.0,907.29,1,Secundaria,6.811563710869229,Mayor
P02432,Pichincha,Sierra,Urbana,Hombre,56,6.0,43.0,486.73,1,Primaria,6.18976197404949,Mayor
P02433,Pichincha,Sierra,Urbana,Hombre,37,18.0,44.0,714.11,1,Posgrado,6.572436377014748,Adulto
P02434,El Oro,Costa,Urbana,Hombre,28,13.0,62.0,675.59,1,Superior,6.517065476456127,Joven
P02435,Imbabura,Sierra,Rural,Hombre,56,10.0,29.0,291.39,0,Secundaria,5.678088527564397,Mayor
P02437,Sucumbíos,Amazonía,Rural,Mujer,30,9.0,36.0,292.5,0,Secundaria,5.681877639268151,Adulto
P02438,Guayas,Costa,Urbana,Hombre,20,11.0,41.0,261.47,0,Secundaria,5.570136789786283,Joven
P02439,Pichincha,Sierra,Rural,Mujer,31,12.0,35.0,251.14,1,Secundaria,5.529984488803123,Adulto
P02440,Guayas,Costa,Urbana,Mujer,64,16.0,42.0,431.3,0,Superior,6.069119791673586,Mayor
P02441,Pichincha,Sierra,Rural,Mujer,54,14.0,26.0,386.71,0,Superior,5.960257637483271,Mayor
P02442,Loja,Sierra,Rural,Hombre,23,13.0,44.0,756.03,0,Superior,6.629402882771087,Joven
P02443,Los Ríos,Costa,Rural,Mujer,19,9.0,36.0,204.67,0,Secundaria,5.326272942561368,Joven
P02445,Guayas,Costa,Urbana,Mujer,56,12.0,30.0,744.26,0,Secundaria,6.6137331507841575,Mayor
P02446,Azuay,Sierra,Rural,Mujer,39,11.0,50.0,507.87,1,Secundaria,6.232192581179195,Adulto
P02447,Tungurahua,Sierra,Urbana,Hombre,20,11.0,50.0,913.54,1,Secundaria,6.818421206622862,Joven
P02448,Pichincha,Sierra,Urbana,Hombre,53,8.0,68.0,174.76,0,Secundaria,5.169119428076355,Mayor
P02449,Manabí,Costa,Urbana,Mujer,52,13.0,33.0,455.06,0,Superior,6.1226243798060045,Mayor
P02450,Guayas,Costa,Urbana,Hombre,65,14.0,26.0,809.3,0,Superior,6.69740454946668,Mayor
P02451,Los Ríos,Costa,Urbana,Mujer,63,15.0,52.0,705.87,1,Superior,6.560846773458985,Mayor
P02452,Manabí,Costa,Urbana,Mujer,29,15.0,33.0,540.72,1,Superior,6.294749262787171,Joven
P02453,Azuay,Sierra,Urbana,Mujer,42,18.0,48.0,797.53,1,Posgrado,6.682772537393899,Adulto
P02454,Manabí,Costa,Rural,Mujer,29,11.0,51.0,682.0,0,Secundaria,6.52649485957079,Joven
P02455,Guayas,Costa,Rural,Mujer,43,11.0,24.0,795.2,0,Secundaria,6.679850410566217,Adulto
P02456,Esmeraldas,Costa,Rural,Mujer,42,9.0,58.0,1296.52,1,Secundaria,7.168210029179434,Adulto
P02457,Pichincha,Sierra,Urbana,Mujer,34,13.0,40.0,383.45,0,Superior,5.9518137414781895,Adulto
P02458,Guayas,Costa,Rural,Hombre,48,9.0,50.0,441.32,0,Secundaria,6.0920336020296775,Mayor
P02459,Guayas,Costa,Urbana,Hombre,65,2.0,65.0,1231.02,1,Primaria,7.116410377727933,Mayor
P02460,Pichincha,Sierra,Urbana,Hombre,52,12.0,64.0,1068.01,1,Secundaria,6.974488265518242,Mayor
P02462,Pichincha,Sierra,Rural,Hombre,63,7.0,49.0,466.4,0,Secundaria,6.147185422104758,Mayor
P02463,El Oro,Costa,Urbana,Hombre,31,11.0,38.0,1281.4,0,Secundaria,7.156488601295344,Adulto
P02464,Loja,Sierra,Urbana,Mujer,38,11.0,33.0,837.58,0,Secundaria,6.731709985179667,Adulto
P02465,Guayas,Costa,Rural,Hombre,25,16.0,45.0,1497.84,1,Superior,7.312446754580494,Joven
P02466,Guayas,Costa,Urbana,Hombre,34,12.0,45.0,442.49,0,Secundaria,6.094675253581109,Adulto
P02467,Azuay,Sierra,Rural,Mujer,52,10.0,50.0,567.89,1,Secundaria,6.343687093820427,Mayor
P02468,Guayas,Costa,Rural,Mujer,24,8.0,65.0,480.1,1,Secundaria,6.176075148705408,Joven
P02469,Guayas,Costa,Urbana,Hombre,46,11.0,31.0,569.27,0,Secundaria,6.346109932886172,Mayor
P02470,Tungurahua,Sierra,Urbana,Hombre,29,12.0,46.0,499.52,1,Secundaria,6.215647557996854,Joven
P02471,Guayas,Costa,Rural,Mujer,35,16.0,35.0,690.14,0,Superior,6.53834240816647,Adulto
P02472,Imbabura,Sierra,Urbana,Mujer,24,14.0,32.0,420.74,0,Superior,6.044389010415869,Joven
P02473,Guayas,Costa,Urbana,Hombre,50,8.0,55.0,255.17,0,Secundaria,5.545841286587624,Mayor
P02474,Esmeraldas,Costa,Urbana,Mujer,24,15.0,41.0,1037.37,1,Superior,6.945407454931559,Joven
P02475,Orellana,Amazonía,Rural,Mujer,44,11.0,49.0,243.99,0,Secundaria,5.501217393385187,Adulto
P02476,Loja,Sierra,Urbana,Mujer,51,13.0,50.0,1031.53,1,Superior,6.939767380103152,Mayor
P02478,El Oro,Costa,Urbana,Hombre,21,9.0,38.0,747.1,0,Secundaria,6.617536658878359,Joven
P02479,Los Ríos,Costa,Urbana,Hombre,28,12.0,37.0,333.71,0,Secundaria,5.813264485273198,Joven
P02480,Guayas,Costa,Urbana,Mujer,55,13.0,42.0,465.33,0,Superior,6.144893538008994,Mayor
P02481,Manabí,Costa,Urbana,Hombre,53,9.0,53.0,704.62,1,Secundaria,6.55907684896208,Mayor
P02482,Pichincha,Sierra,Urbana,Mujer,63,10.0,49.0,1143.61,1,Secundaria,7.042819246613406,Mayor
P02483,Azuay,Sierra,Urbana,Mujer,42,10.0,26.0,189.29,1,Secundaria,5.248549224313916,Adulto
P02484,Guayas,Costa,Urbana,Hombre,33,15.0,31.0,558.9,0,Superior,6.327758196354847,Adulto
P02485,Guayas,Costa,Rural,Mujer,20,7.0,39.0,210.02,0,Secundaria,5.351952915713946,Joven
P02486,Guayas,Costa,Urbana,Mujer,48,15.0,30.0,804.3,0,Superior,6.6912148788015,Mayor
P02487,Pichincha,Sierra,Rural,Mujer,50,8.0,52.0,249.88,0,Secundaria,5.524974737162043,Mayor
P02488,Pichincha,Sierra,Urbana,Hombre,18,11.0,54.0,241.9,0,Secundaria,5.492649836008127,Joven
P02489,Pichincha,Sierra,Urbana,Mujer,20,5.0,34.0,410.32,0,Primaria,6.01937150036099,Joven
P02491,Morona Santiago,Amazonía,Rural,Mujer,48,8.0,36.0,486.56,0,Secundaria,6.189413359787635,Mayor
P02492,Pichincha,Sierra,Urbana,Mujer,30,8.0,32.0,350.86,0,Secundaria,5.8632333692109,Adulto
P02494,Galápagos,Insular,Urbana,Mujer,41,9.0,36.0,982.74,0,Secundaria,6.891361634495703,Adulto
P02495,Guayas,Costa,Urbana,Mujer,22,10.0,43.0,469.67,0,Secundaria,6.154157211512974,Joven
P02496,Chimborazo,Sierra,Rural,Mujer,47,5.0,51.0,507.4,1,Primaria,6.231268539315299,Mayor
P02497,Guayas,Costa,Urbana,Hombre,27,8.0,44.0,90.87,0,Secundaria,4.520374534283375,Joven
P02498,Orellana,Amazonía,Rural,Hombre,45,9.0,28.0,228.03,0,Secundaria,5.433852999340729,Mayor
P02499,Azuay,Sierra,Rural,Mujer,24,0.0,45.0,234.55,0,Primaria,5.46192320514605,Joven
P02500,Tungurahua,Sierra,Rural,Mujer,22,3.0,44.0,152.17,0,Primaria,5.031548415676463,Joven
P02501,Guayas,Costa,Urbana,Mujer,39,13.0,46.0,793.39,1,Superior,6.677574524534914,Adulto
P02502,Guayas,Costa,Urbana,Hombre,31,11.0,46.0,612.75,1,Secundaria,6.41958767910873,Adulto
P02503,Pichincha,Sierra,Urbana,Hombre,44,16.0,44.0,1561.88,1,Superior,7.354285552042231,Adulto
P02504,Guayas,Costa,Urbana,Hombre,59,9.0,22.0,393.69,0,Secundaria,5.978100646649849,Mayor
P02506,Manabí,Costa,Urbana,Hombre,59,18.0,29.0,281.32,0,Posgrado,5.643041179367015,Mayor
P02507,Imbabura,Sierra,Urbana,Mujer,29,14.0,35.0,904.1,0,Superior,6.808045434833125,Joven
P02508,Guayas,Costa,Urbana,Hombre,53,17.0,43.0,714.31,1,Posgrado,6.572716015164806,Mayor
P02509,Pichincha,Sierra,Rural,Hombre,62,11.0,58.0,588.66,1,Secundaria,6.379546099605266,Mayor
P02510,El Oro,Costa,Urbana,Mujer,54,10.0,58.0,1293.84,1,Secundaria,7.1661424143768935,Mayor
P02511,Pichincha,Sierra,Rural,Hombre,46,8.0,31.0,241.48,0,Secundaria,5.4909192327495475,Mayor
P02514,Manabí,Costa,Urbana,Hombre,18,16.0,50.0,785.02,1,Superior,6.666982237398101,Joven
P02515,Pichincha,Sierra,Urbana,Mujer,55,16.0,50.0,1054.24,1,Superior,6.96152350819032,Mayor
P02516,Azuay,Sierra,Urbana,Mujer,59,16.0,46.0,807.84,1,Superior,6.695601122467529,Mayor
P02517,Pichincha,Sierra,Rural,Mujer,55,12.0,57.0,876.77,1,Secundaria,6.7773846003201434,Mayor
P02519,Guayas,Costa,Rural,Mujer,46,16.0,50.0,419.08,0,Superior,6.040445169329604,Mayor
P02520,Tungurahua,Sierra,Urbana,Mujer,62,16.0,33.0,1092.76,0,Superior,6.997376580487171,Mayor
P02521,Pichincha,Sierra,Urbana,Mujer,44,15.0,31.0,1280.0,0,Superior,7.155396301896734,Adulto
P02522,Guayas,Costa,Rural,Mujer,52,10.0,44.0,329.24,0,Secundaria,5.799819662853143,Mayor
P02523,Pichincha,Sierra,Rural,Hombre,22,11.0,42.0,1019.19,1,Secundaria,6.9277441634411785,Joven
P02524,Manabí,Costa,Urbana,Mujer,57,11.0,37.0,682.78,1,Secundaria,6.527636228459238,Mayor
P02525,Morona Santiago,Amazonía,Urbana,Hombre,36,12.0,36.0,315.25,0,Secundaria,5.75653304004173,Adulto
P02526,Guayas,Costa,Urbana,Mujer,25,10.0,50.0,1011.79,1,Secundaria,6.920464177723474,Joven
P02527,Imbabura,Sierra,Rural,Mujer,33,21.0,52.0,922.28,1,Posgrado,6.827932547112149,Adulto
P02528,Pichincha,Sierra,Rural,Mujer,56,12.0,44.0,592.4,1,Secundaria,6.385868707856721,Mayor
P02529,Guayas,Costa,Urbana,Mujer,50,7.0,33.0,204.67,0,Secundaria,5.326272942561368,Mayor
P02530,Pichincha,Sierra,Urbana,Hombre,26,16.0,32.0,687.19,0,Superior,6.5340649625981175,Joven
P02531,Pichincha,Sierra,Rural,Mujer,32,7.0,29.0,371.59,0,Secundaria,5.920478619374696,Adulto
P02532,Pichincha,Sierra,Rural,Hombre,20,5.0,43.0,353.14,0,Primaria,5.869692315178071,Joven
P02533,Tungurahua,Sierra,Urbana,Hombre,26,7.0,46.0,462.01,0,Secundaria,6.137748652125133,Joven
P02534,Azuay,Sierra,Urbana,Mujer,34,16.0,49.0,853.49,1,Superior,6.750504799737022,Adulto
P02535,Manabí,Costa,Urbana,Hombre,53,3.0,42.0,361.73,0,Primaria,5.893658755854265,Mayor
P02536,El Oro,Costa,Rural,Mujer,26,9.0,47.0,362.25,0,Secundaria,5.895091302450393,Joven
P02537,Guayas,Costa,Urbana,Mujer,64,4.0,32.0,300.93,0,Primaria,5.710195202428391,Mayor
P02538,Esmeraldas,Costa,Urbana,Hombre,22,13.0,47.0,735.42,1,Superior,6.601800608142754,Joven
P02539,Manabí,Costa,Rural,Hombre,39,19.0,44.0,907.91,1,Posgrado,6.812246079374685,Adulto
P02540,Chimborazo,Sierra,Urbana,Hombre,53,15.0,35.0,643.95,1,Superior,6.469172794411145,Mayor
P02541,Los Ríos,Costa,Urbana,Hombre,29,14.0,44.0,864.87,1,Superior,6.7637347818205384,Joven
P02542,Imbabura,Sierra,Urbana,Mujer,23,13.0,31.0,479.41,0,Superior,6.174639905975857,Joven
P02543,Manabí,Costa,Urbana,Hombre,36,13.0,61.0,538.28,1,Superior,6.290234916545184,Adulto
P02544,Esmeraldas,Costa,Rural,Mujer,55,8.0,49.0,714.29,0,Secundaria,6.572688054868426,Mayor
P02546,Loja,Sierra,Urbana,Hombre,30,17.0,36.0,861.88,0,Posgrado,6.760275631588917,Adulto
P02548,Guayas,Costa,Rural,Hombre,49,12.0,44.0,503.97,1,Secundaria,6.224499021570163,Mayor
P02549,Tungurahua,Sierra,Urbana,Hombre,44,10.0,52.0,781.31,1,Secundaria,6.6622510814292255,Adulto
P02550,Pichincha,Sierra,Urbana,Hombre,30,15.0,39.0,1240.88,0,Superior,7.124381639468082,Adulto
P02551,Manabí,Costa,Urbana,Mujer,61,15.0,52.0,714.82,1,Superior,6.573428738707166,Mayor
P02552,Manabí,Costa,Rural,Hombre,60,8.0,34.0,290.66,0,Secundaria,5.675588740285419,Mayor
P02553,Guayas,Costa,Rural,Mujer,47,3.0,50.0,179.1,0,Primaria,5.19351225218191,Mayor
P02554,Guayas,Costa,Urbana,Hombre,31,13.0,47.0,479.27,1,Superior,6.174348445758112,Adulto
P02555,Loja,Sierra,Rural,Hombre,25,10.0,38.0,300.2,0,Secundaria,5.707774495925738,Joven
P02556,Pichincha,Sierra,Urbana,Mujer,24,10.0,45.0,992.41,1,Secundaria,6.901143469061078,Joven
P02557,Pichincha,Sierra,Urbana,Mujer,44,10.0,48.0,619.37,1,Secundaria,6.4303160742337795,Adulto
P02558,Orellana,Amazonía,Rural,Mujer,53,12.0,32.0,246.37,0,Secundaria,5.510885191490062,Mayor
P02559,Imbabura,Sierra,Urbana,Hombre,41,7.0,38.0,739.51,0,Secundaria,6.607339138005597,Adulto
P02560,Manabí,Costa,Urbana,Hombre,42,11.0,42.0,652.26,1,Secundaria,6.481975212358564,Adulto
P02562,Guayas,Costa,Rural,Hombre,61,13.0,30.0,837.21,0,Superior,6.731268665746696,Mayor
P02563,Imbabura,Sierra,Urbana,Mujer,31,13.0,34.0,655.16,0,Superior,6.486404661643749,Adulto
P02564,El Oro,Costa,Urbana,Hombre,46,5.0,28.0,264.04,0,Primaria,5.57988075799164,Mayor
P02566,Guayas,Costa,Urbana,Hombre,35,14.0,40.0,677.11,1,Superior,6.5193095166685096,Adulto
P02568,Pichincha,Sierra,Urbana,Hombre,18,11.0,38.0,235.42,0,Secundaria,5.465609884322231,Joven
P02569,Imbabura,Sierra,Urbana,Hombre,41,13.0,36.0,618.07,0,Superior,6.42821835191287,Adulto
P02570,Sucumbíos,Amazonía,Urbana,Mujer,41,12.0,19.0,294.31,0,Secundaria,5.688025652043763,Adulto
P02571,Sucumbíos,Amazonía,Rural,Hombre,56,9.0,56.0,519.24,1,Secundaria,6.254290243560896,Mayor
P02572,Manabí,Costa,Rural,Hombre,59,13.0,32.0,299.77,0,Superior,5.706345853059362,Mayor
P02573,Guayas,Costa,Urbana,Mujer,32,9.0,32.0,535.74,0,Secundaria,6.2855138059379225,Adulto
P02574,Pichincha,Sierra,Rural,Mujer,55,6.0,30.0,315.06,0,Primaria,5.755932068980957,Mayor
P02575,Manabí,Costa,Rural,Mujer,27,10.0,37.0,234.47,0,Secundaria,5.461583516806832,Joven
P02576,Guayas,Costa,Urbana,Hombre,52,13.0,35.0,741.31,0,Superior,6.609766945674952,Mayor
P02577,Guayas,Costa,Rural,Hombre,54,10.0,46.0,298.15,0,Secundaria,5.700945119836041,Mayor
P02578,Tungurahua,Sierra,Urbana,Mujer,44,20.0,50.0,1190.91,1,Posgrado,7.083312341419068,Adulto
P02579,Pichincha,Sierra,Urbana,Hombre,60,7.0,39.0,367.8,0,Secundaria,5.910254491682439,Mayor
P02581,Loja,Sierra,Rural,Hombre,57,11.0,40.0,383.2,0,Secundaria,5.9511632503344565,Mayor
P02582,Pichincha,Sierra,Urbana,Mujer,30,15.0,42.0,921.54,1,Superior,6.82713073540825,Adulto
P02583,Manabí,Costa,Urbana,Hombre,19,14.0,47.0,329.91,0,Superior,5.801846435081389,Joven
P02584,Loja,Sierra,Urbana,Hombre,35,18.0,43.0,614.84,1,Posgrado,6.422987189535436,Adulto
P02585,Guayas,Costa,Urbana,Mujer,51,11.0,42.0,160.33,0,Secundaria,5.0834519566780525,Mayor
P02586,Guayas,Costa,Rural,Hombre,43,7.0,42.0,640.53,1,Secundaria,6.463855948355833,Adulto
P02587,Pichincha,Sierra,Urbana,Hombre,44,17.0,49.0,868.78,1,Posgrado,6.768240306107501,Adulto
P02588,Orellana,Amazonía,Urbana,Mujer,52,13.0,49.0,530.46,1,Superior,6.275627936248137,Mayor
P02589,Guayas,Costa,Rural,Mujer,38,17.0,58.0,559.79,1,Posgrado,6.32934650389235,Adulto
P02590,Pichincha,Sierra,Urbana,Hombre,39,14.0,37.0,625.75,0,Superior,6.440547737038402,Adulto
P02591,Pichincha,Sierra,Rural,Mujer,41,9.0,33.0,318.99,0,Secundaria,5.768289745305481,Adulto
P02592,Guayas,Costa,Urbana,Hombre,44,10.0,51.0,882.32,1,Secundaria,6.783687535858615,Adulto
P02593,Esmeraldas,Costa,Urbana,Hombre,50,13.0,33.0,635.96,0,Superior,6.456706859252007,Mayor
P02594,Pichincha,Sierra,Urbana,Mujer,46,18.0,44.0,1539.61,1,Posgrado,7.33993372087534,Mayor
P02595,Tungurahua,Sierra,Rural,Hombre,22,8.0,40.0,480.34,1,Secundaria,6.176573881104258,Joven
P02596,Sucumbíos,Amazonía,Rural,Mujer,63,8.0,44.0,460.8,0,Secundaria,6.135131896920395,Mayor
P02597,Guayas,Costa,Urbana,Mujer,33,10.0,50.0,529.87,1,Secundaria,6.274517170176084,Adulto
P02598,Manabí,Costa,Rural,Hombre,29,12.0,41.0,336.43,0,Secundaria,5.821358081393286,Joven
P02599,Pichincha,Sierra,Rural,Hombre,26,6.0,32.0,416.07,0,Primaria,6.033254073418364,Joven
P02600,Guayas,Costa,Rural,Mujer,43,5.0,36.0,236.64,0,Primaria,5.47075692348754,Adulto
P02601,Guayas,Costa,Urbana,Mujer,23,15.0,48.0,495.18,0,Superior,6.206938764117285,Joven
P02602,Imbabura,Sierra,Urbana,Mujer,62,16.0,41.0,1167.54,1,Superior,7.06351038531428,Mayor
P02603,Azuay,Sierra,Urbana,Mujer,40,11.0,39.0,736.74,0,Secundaria,6.6035914590039715,Adulto
P02604,Esmeraldas,Costa,Urbana,Mujer,34,13.0,40.0,1093.2,0,Superior,6.997778781629726,Adulto
P02605,Loja,Sierra,Urbana,Hombre,32,16.0,34.0,642.25,0,Superior,6.466533451161854,Adulto
P02606,Manabí,Costa,Urbana,Hombre,35,12.0,29.0,613.97,0,Secundaria,6.421573486128906,Adulto
P02607,Guayas,Costa,Urbana,Hombre,31,12.0,44.0,581.52,1,Secundaria,6.367363519614379,Adulto
P02608,Manabí,Costa,Urbana,Mujer,37,11.0,50.0,276.34,0,Secundaria,5.625244190325718,Adulto
P02609,Guayas,Costa,Urbana,Hombre,58,13.0,44.0,1279.89,1,Superior,7.15531042779592,Mayor
P02610,Azuay,Sierra,Urbana,Mujer,43,13.0,42.0,576.85,1,Superior,6.3593143194214505,Adulto
P02611,Guayas,Costa,Urbana,Hombre,65,10.0,44.0,925.92,1,Secundaria,6.83186726194968,Mayor
P02612,Pichincha,Sierra,Urbana,Mujer,56,16.0,59.0,761.53,1,Superior,6.636641851969896,Mayor
P02614,Pichincha,Sierra,Rural,Mujer,56,5.0,54.0,304.95,0,Primaria,5.72342168990855,Mayor
P02615,Pichincha,Sierra,Urbana,Mujer,22,11.0,50.0,599.34,1,Secundaria,6.3974961613878865,Joven
P02616,Pichincha,Sierra,Urbana,Hombre,24,15.0,45.0,448.23,0,Superior,6.107535006030503,Joven
P02617,Guayas,Costa,Urbana,Hombre,60,12.0,33.0,986.98,0,Secundaria,6.895662454627997,Mayor
P02618,Manabí,Costa,Urbana,Hombre,61,12.0,41.0,915.17,1,Secundaria,6.820201936974176,Mayor
P02619,Guayas,Costa,Urbana,Mujer,37,16.0,53.0,584.14,1,Superior,6.371851134839609,Adulto
P02620,Loja,Sierra,Urbana,Hombre,28,6.0,45.0,333.87,0,Primaria,5.813742396808923,Joven
P02621,Guayas,Costa,Rural,Hombre,33,9.0,44.0,549.78,1,Secundaria,6.311335455374621,Adulto
P02622,Pichincha,Sierra,Urbana,Mujer,65,14.0,36.0,247.33,0,Superior,5.514758506802571,Mayor
P02623,Guayas,Costa,Urbana,Mujer,58,13.0,41.0,568.03,1,Superior,6.343933156813794,Mayor
P02624,Azuay,Sierra,Urbana,Mujer,60,5.0,44.0,642.63,1,Primaria,6.467124026834869,Mayor
P02625,Manabí,Costa,Urbana,Mujer,60,12.0,51.0,461.97,0,Secundaria,6.137662257170545,Mayor
P02626,Guayas,Costa,Rural,Mujer,57,11.0,54.0,150.89,0,Secundaria,5.023156574649928,Mayor
P02627,Guayas,Costa,Urbana,Hombre,41,16.0,34.0,1089.04,0,Superior,6.993969671797569,Adulto
P02629,Pichincha,Sierra,Urbana,Mujer,34,10.0,29.0,485.05,0,Secundaria,6.186311499267078,Adulto
P02630,Guayas,Costa,Rural,Hombre,59,19.0,45.0,1407.84,1,Posgrado,7.25052194973747,Mayor
P02631,Tungurahua,Sierra,Urbana,Mujer,42,20.0,33.0,883.12,0,Posgrado,6.784592800031241,Adulto
P02632,Morona Santiago,Amazonía,Rural,Mujer,27,8.0,33.0,481.69,0,Secundaria,6.179374625650525,Joven
P02634,Azuay,Sierra,Urbana,Mujer,61,11.0,57.0,1044.96,1,Secundaria,6.952690402975883,Mayor
P02635,Guayas,Costa,Rural,Mujer,43,15.0,41.0,459.23,0,Superior,6.131726364524792,Adulto
P02636,Guayas,Costa,Rural,Mujer,63,7.0,32.0,494.23,0,Secundaria,6.205022301118595,Mayor
P02637,Chimborazo,Sierra,Rural,Hombre,40,9.0,39.0,302.09,0,Secundaria,5.714029791107751,Adulto
P02638,Pichincha,Sierra,Urbana,Hombre,36,16.0,39.0,874.66,0,Superior,6.774977887741399,Adulto
P02639,Azuay,Sierra,Urbana,Hombre,60,10.0,39.0,742.2,1,Secundaria,6.6109651874996285,Mayor
P02640,Orellana,Amazonía,Rural,Hombre,51,6.0,19.0,363.28,0,Primaria,5.897922802699618,Mayor
P02641,Imbabura,Sierra,Urbana,Hombre,50,10.0,39.0,1094.17,0,Secundaria,6.998664881341942,Mayor
P02642,El Oro,Costa,Urbana,Mujer,24,11.0,44.0,400.27,0,Secundaria,5.994634517438803,Joven
P02643,Manabí,Costa,Urbana,Hombre,29,10.0,44.0,604.62,1,Secundaria,6.406252726676998,Joven
P02644,Pichincha,Sierra,Rural,Hombre,55,11.0,28.0,604.1,0,Secundaria,6.405393733628276,Mayor
P02645,Manabí,Costa,Urbana,Mujer,53,14.0,36.0,1030.26,0,Superior,6.938536634571572,Mayor
P02646,Guayas,Costa,Urbana,Mujer,29,11.0,45.0,276.82,0,Secundaria,5.626973421969243,Joven
P02647,Pichincha,Sierra,Urbana,Hombre,64,15.0,32.0,466.61,0,Superior,6.1476346151690695,Mayor
P02648,Guayas,Costa,Urbana,Mujer,64,8.0,39.0,711.45,0,Secundaria,6.568709734241798,Mayor
P02649,Azuay,Sierra,Urbana,Hombre,30,17.0,42.0,963.0,1,Posgrado,6.871091294610546,Adulto
P02651,El Oro,Costa,Urbana,Mujer,32,13.0,49.0,516.82,1,Superior,6.249627691523232,Adulto
P02652,Guayas,Costa,Urbana,Mujer,48,14.0,21.0,855.73,0,Superior,6.753122816449561,Mayor
P02653,El Oro,Costa,Rural,Mujer,40,4.0,46.0,221.41,0,Primaria,5.404522525394353,Adulto
P02654,Azuay,Sierra,Rural,Hombre,43,10.0,22.0,763.24,1,Secundaria,6.6388818759617525,Adulto
P02655,Guayas,Costa,Urbana,Mujer,28,13.0,40.0,646.16,1,Superior,6.4725935591371355,Joven
P02656,El Oro,Costa,Urbana,Hombre,46,15.0,46.0,638.31,1,Superior,6.4603894697589,Mayor
P02657,Azuay,Sierra,Rural,Mujer,24,18.0,38.0,739.92,0,Posgrado,6.6078926572545225,Joven
P02658,Tungurahua,Sierra,Urbana,Hombre,51,8.0,39.0,793.0,0,Secundaria,6.677083461247136,Mayor
P02659,Sucumbíos,Amazonía,Rural,Hombre,58,7.0,36.0,350.34,1,Secundaria,5.861754415585237,Mayor
P02660,Manabí,Costa,Rural,Hombre,36,9.0,26.0,307.66,0,Secundaria,5.732240347472685,Adulto
P02661,El Oro,Costa,Urbana,Hombre,28,9.0,34.0,821.15,0,Secundaria,6.711922860160235,Joven
P02662,Guayas,Costa,Rural,Mujer,57,12.0,38.0,856.64,0,Secundaria,6.754184431019888,Mayor
P02663,Guayas,Costa,Urbana,Hombre,31,10.0,54.0,224.16,0,Secundaria,5.416811260595826,Adulto
P02664,Pichincha,Sierra,Urbana,Hombre,24,15.0,46.0,447.83,0,Superior,6.10664419689425,Joven
P02665,El Oro,Costa,Urbana,Mujer,63,8.0,41.0,621.32,1,Secundaria,6.433454429898519,Mayor
P02666,Guayas,Costa,Rural,Mujer,29,7.0,42.0,492.46,1,Secundaria,6.201441801890433,Joven
P02667,Guayas,Costa,Urbana,Hombre,40,18.0,43.0,418.78,0,Posgrado,6.03973076451747,Adulto
P02668,Orellana,Amazonía,Urbana,Hombre,48,18.0,54.0,616.17,1,Posgrado,6.425144512697167,Mayor
P02669,Guayas,Costa,Rural,Hombre,62,12.0,39.0,526.03,0,Secundaria,6.267257472917344,Mayor
P02670,Guayas,Costa,Urbana,Hombre,36,13.0,50.0,570.41,1,Superior,6.348106990518578,Adulto
P02671,Guayas,Costa,Rural,Mujer,19,9.0,43.0,341.26,0,Secundaria,5.835570682149306,Joven
P02672,Tungurahua,Sierra,Urbana,Hombre,44,14.0,25.0,990.75,0,Superior,6.89947105939444,Adulto
P02673,Manabí,Costa,Urbana,Hombre,64,12.0,29.0,397.59,0,Secundaria,5.987933319656665,Mayor
P02674,Manabí,Costa,Urbana,Hombre,26,12.0,35.0,296.12,0,Secundaria,5.694136097604396,Joven
P02675,Guayas,Costa,Rural,Mujer,49,11.0,49.0,407.57,0,Secundaria,6.012663258248976,Mayor
P02676,Orellana,Amazonía,Rural,Hombre,52,10.0,22.0,185.89,0,Secundaria,5.230520208482211,Mayor
P02677,Guayas,Costa,Urbana,Hombre,62,17.0,27.0,1428.65,0,Posgrado,7.265184938051744,Mayor
P02678,Pichincha,Sierra,Urbana,Hombre,64,11.0,45.0,908.64,1,Secundaria,6.813048916843228,Mayor
P02679,El Oro,Costa,Urbana,Mujer,21,9.0,54.0,474.9,1,Secundaria,6.165207748127065,Joven
P02680,Sucumbíos,Amazonía,Urbana,Hombre,18,14.0,32.0,573.33,0,Superior,6.35320414401245,Joven
P02681,Pichincha,Sierra,Urbana,Mujer,57,10.0,48.0,670.53,1,Secundaria,6.509558691063632,Mayor
P02682,Pichincha,Sierra,Urbana,Hombre,30,15.0,22.0,772.02,0,Superior,6.650304921473932,Adulto
P02683,Pichincha,Sierra,Urbana,Mujer,64,11.0,45.0,311.63,0,Secundaria,5.745020382672446,Mayor
P02684,Chimborazo,Sierra,Urbana,Mujer,36,14.0,43.0,522.53,1,Superior,6.260594335258889,Adulto
P02685,Manabí,Costa,Urbana,Mujer,21,13.0,39.0,862.93,0,Superior,6.76149174700336,Joven
P02686,Loja,Sierra,Rural,Mujer,32,8.0,37.0,734.78,0,Secundaria,6.60093116100199,Adulto
P02687,Galápagos,Insular,Urbana,Mujer,43,15.0,40.0,1014.33,1,Superior,6.922968961787518,Adulto
P02688,Los Ríos,Costa,Rural,Mujer,53,4.0,45.0,396.07,0,Primaria,5.984112587562356,Mayor
P02689,El Oro,Costa,Rural,Hombre,35,10.0,37.0,958.48,0,Secundaria,6.86639147104083,Adulto
P02690,Guayas,Costa,Rural,Hombre,56,9.0,42.0,545.33,1,Secundaria,6.3032231887758385,Mayor
P02692,Guayas,Costa,Rural,Mujer,31,9.0,44.0,327.43,0,Secundaria,5.794323725415676,Adulto
P02693,Pichincha,Sierra,Urbana,Mujer,41,17.0,32.0,909.38,0,Posgrado,6.813862094765205,Adulto
P02694,Esmeraldas,Costa,Rural,Hombre,55,11.0,51.0,229.25,1,Secundaria,5.439165675135416,Mayor
P02695,Loja,Sierra,Rural,Hombre,65,6.0,54.0,605.48,1,Primaria,6.407671751748048,Mayor
P02696,Tungurahua,Sierra,Rural,Hombre,57,10.0,44.0,353.29,0,Secundaria,5.870115786804742,Mayor
P02698,El Oro,Costa,Urbana,Mujer,50,16.0,46.0,907.59,1,Superior,6.811893947321527,Mayor
P02700,Pichincha,Sierra,Rural,Hombre,62,6.0,37.0,833.81,0,Primaria,6.727204154048405,Mayor
P02701,Morona Santiago,Amazonía,Urbana,Hombre,35,16.0,43.0,276.15,0,Superior,5.624558875865814,Adulto
P02702,Pichincha,Sierra,Urbana,Hombre,28,13.0,35.0,889.96,0,Superior,6.792299533084845,Joven
P02703,Pichincha,Sierra,Urbana,Hombre,25,14.0,55.0,896.62,1,Superior,6.799746816160129,Joven
P02704,Manabí,Costa,Urbana,Hombre,27,8.0,53.0,823.89,1,Secundaria,6.715250044111668,Joven
P02705,Pichincha,Sierra,Rural,Hombre,27,17.0,52.0,690.45,0,Posgrado,6.538790841910667,Joven
P02706,Guayas,Costa,Urbana,Hombre,52,13.0,56.0,753.61,1,Superior,6.626201059496471,Mayor
P02707,Esmeraldas,Costa,Rural,Mujer,47,15.0,34.0,482.54,0,Superior,6.181134041564475,Mayor
P02708,Guayas,Costa,Urbana,Hombre,18,10.0,30.0,706.08,0,Secundaria,6.561143813667682,Joven
P02709,Guayas,Costa,Urbana,Hombre,35,10.0,39.0,825.94,0,Secundaria,6.717732141001144,Adulto
P02710,Manabí,Costa,Rural,Mujer,54,5.0,52.0,295.15,0,Primaria,5.690866082722974,Mayor
P02711,Pichincha,Sierra,Rural,Mujer,48,16.0,54.0,796.92,1,Superior,6.682008341797812,Mayor
P02712,Guayas,Costa,Rural,Mujer,64,13.0,37.0,968.53,0,Superior,6.876811417989414,Mayor
P02713,Orellana,Amazonía,Rural,Hombre,21,12.0,39.0,1094.21,0,Secundaria,6.998701404684928,Joven
P02714,Guayas,Costa,Urbana,Mujer,20,8.0,42.0,288.46,0,Secundaria,5.668017118209458,Joven
P02715,Los Ríos,Costa,Rural,Hombre,47,18.0,39.0,638.8,0,Posgrado,6.461155627515417,Mayor
P02716,Sucumbíos,Amazonía,Rural,Mujer,38,11.0,19.0,222.25,0,Secundaria,5.408292219756609,Adulto
P02717,Galápagos,Insular,Rural,Hombre,28,5.0,44.0,632.15,1,Primaria,6.450707360896617,Joven
P02718,Pichincha,Sierra,Urbana,Mujer,52,12.0,39.0,215.85,0,Secundaria,5.379205870281375,Mayor
P02719,Pichincha,Sierra,Rural,Hombre,61,7.0,42.0,224.52,0,Secundaria,5.418408846805857,Mayor
P02720,Pichincha,Sierra,Rural,Mujer,41,13.0,53.0,541.26,1,Superior,6.295745591215131,Adulto
P02721,El Oro,Costa,Urbana,Mujer,50,13.0,37.0,746.91,0,Superior,6.617282649879727,Mayor
P02723,Esmeraldas,Costa,Urbana,Hombre,42,8.0,26.0,977.52,1,Secundaria,6.886041226075383,Adulto
P02724,Pichincha,Sierra,Urbana,Mujer,22,14.0,42.0,1090.54,1,Superior,6.995344822134828,Joven
P02725,Azuay,Sierra,Urbana,Mujer,59,14.0,29.0,616.31,0,Superior,6.425371328847449,Mayor
P02726,Los Ríos,Costa,Urbana,Mujer,23,15.0,53.0,1395.09,1,Superior,7.241430751158262,Joven
P02727,Tungurahua,Sierra,Urbana,Hombre,41,15.0,36.0,531.98,0,Superior,6.278483900009665,Adulto
P02728,Guayas,Costa,Urbana,Mujer,35,13.0,47.0,229.31,0,Superior,5.439426227507917,Adulto
P02729,Guayas,Costa,Urbana,Mujer,61,16.0,49.0,547.69,1,Superior,6.307533619003648,Mayor
P02730,Guayas,Costa,Urbana,Hombre,32,17.0,36.0,1321.23,0,Posgrado,7.187074984099041,Adulto
P02731,Pichincha,Sierra,Urbana,Mujer,56,10.0,37.0,714.01,0,Secundaria,6.57229652861019,Mayor
P02732,Pichincha,Sierra,Urbana,Hombre,35,17.0,44.0,1105.97,1,Posgrado,7.0093818320704155,Adulto
P02733,Esmeraldas,Costa,Rural,Hombre,18,9.0,31.0,1402.01,0,Secundaria,7.246375207660809,Joven
P02734,Pichincha,Sierra,Urbana,Mujer,25,7.0,47.0,459.6,0,Secundaria,6.132529987386585,Joven
P02735,Esmeraldas,Costa,Rural,Hombre,58,8.0,37.0,288.59,0,Secundaria,5.668466129528634,Mayor
P02736,Pichincha,Sierra,Rural,Mujer,18,3.0,38.0,418.54,0,Primaria,6.039158872970644,Joven
P02737,Pichincha,Sierra,Rural,Hombre,40,10.0,66.0,602.97,1,Secundaria,6.403524527827104,Adulto
P02738,Pichincha,Sierra,Urbana,Hombre,33,8.0,44.0,325.83,0,Secundaria,5.789440158038159,Adulto
P02739,Guayas,Costa,Rural,Mujer,45,12.0,49.0,403.48,0,Secundaria,6.002602291518438,Mayor
P02740,Manabí,Costa,Urbana,Mujer,54,12.0,28.0,585.71,0,Secundaria,6.374530660272668,Mayor
P02741,Azuay,Sierra,Urbana,Hombre,57,11.0,40.0,827.04,1,Secundaria,6.7190614623971525,Mayor
P02742,Chimborazo,Sierra,Urbana,Hombre,55,14.0,49.0,730.95,1,Superior,6.595712205617421,Mayor
P02743,El Oro,Costa,Rural,Hombre,18,18.0,43.0,677.61,1,Posgrado,6.5200465884631855,Joven
P02744,Guayas,Costa,Urbana,Mujer,62,12.0,47.0,278.91,1,Secundaria,5.634468122928586,Mayor
P02745,Azuay,Sierra,Rural,Mujer,52,12.0,42.0,239.86,0,Secundaria,5.484215851832334,Mayor
P02746,Guayas,Costa,Rural,Hombre,41,12.0,56.0,912.27,1,Secundaria,6.817031565243971,Adulto
P02747,Imbabura,Sierra,Rural,Hombre,38,6.0,31.0,231.35,1,Primaria,5.448244855530987,Adulto
P02748,Manabí,Costa,Urbana,Mujer,28,11.0,44.0,708.22,1,Secundaria,6.56416577459204,Joven
P02749,El Oro,Costa,Rural,Hombre,48,2.0,45.0,316.93,0,Primaria,5.761831232762776,Mayor
P02750,Pichincha,Sierra,Urbana,Mujer,64,19.0,46.0,831.15,1,Posgrado,6.724012713032735,Mayor
P02751,Chimborazo,Sierra,Urbana,Mujer,59,8.0,49.0,410.11,0,Secundaria,6.018860818589742,Mayor
P02752,Chimborazo,Sierra,Rural,Mujer,55,14.0,47.0,284.1,0,Superior,5.652839995918626,Mayor
P02753,Loja,Sierra,Urbana,Mujer,55,17.0,44.0,1534.99,1,Posgrado,7.336930403269758,Mayor
P02754,Pichincha,Sierra,Urbana,Mujer,33,12.0,31.0,595.87,1,Secundaria,6.391699334236557,Adulto
P02755,Guayas,Costa,Urbana,Mujer,54,16.0,44.0,795.83,1,Superior,6.680641356164032,Mayor
P02756,Guayas,Costa,Urbana,Mujer,23,15.0,27.0,338.77,0,Superior,5.828268918112504,Joven
P02757,Guayas,Costa,Rural,Hombre,42,14.0,38.0,678.61,0,Superior,6.521519104227483,Adulto
P02758,Pichincha,Sierra,Urbana,Mujer,38,7.0,43.0,687.96,1,Secundaria,6.535183214175998,Adulto
P02759,Guayas,Costa,Urbana,Hombre,29,10.0,18.0,602.49,0,Secundaria,6.402729470392017,Joven
P02760,Azuay,Sierra,Urbana,Mujer,54,9.0,55.0,964.52,1,Secundaria,6.872666816309643,Mayor
P02761,Chimborazo,Sierra,Rural,Hombre,39,10.0,28.0,622.09,0,Secundaria,6.434690970633077,Adulto
P02762,Esmeraldas,Costa,Urbana,Hombre,23,13.0,33.0,632.99,1,Superior,6.452033181442171,Joven
P02763,Tungurahua,Sierra,Urbana,Hombre,24,11.0,45.0,539.64,1,Secundaria,6.2927536229659795,Joven
P02764,Pichincha,Sierra,Urbana,Mujer,31,15.0,46.0,340.84,0,Superior,5.83434279133577,Adulto
P02765,Azuay,Sierra,Urbana,Hombre,62,11.0,47.0,472.69,1,Secundaria,6.160553099299447,Mayor
P02766,Orellana,Amazonía,Rural,Hombre,56,7.0,39.0,477.26,0,Secundaria,6.1701545176678865,Mayor
P02767,Guayas,Costa,Urbana,Hombre,60,17.0,29.0,1421.98,0,Posgrado,7.260508543177309,Mayor
P02768,Pichincha,Sierra,Urbana,Hombre,39,9.0,43.0,442.98,0,Secundaria,6.095779516372621,Adulto
P02769,Guayas,Costa,Rural,Mujer,23,14.0,37.0,404.81,0,Superior,6.005885069769212,Joven
P02770,Azuay,Sierra,Rural,Mujer,54,10.0,33.0,508.3,0,Secundaria,6.233037233890559,Mayor
P02771,Orellana,Amazonía,Urbana,Mujer,56,8.0,43.0,453.47,0,Secundaria,6.119131904838342,Mayor
P02772,Morona Santiago,Amazonía,Rural,Hombre,51,11.0,45.0,419.33,0,Secundaria,6.041040117051249,Mayor
P02774,El Oro,Costa,Urbana,Hombre,52,15.0,28.0,1065.61,0,Superior,6.972240673708526,Mayor
P02775,Guayas,Costa,Rural,Hombre,24,17.0,42.0,893.52,1,Posgrado,6.796287261558517,Joven
P02776,Imbabura,Sierra,Rural,Hombre,27,10.0,40.0,434.71,0,Secundaria,6.076976884432196,Joven
P02777,Chimborazo,Sierra,Urbana,Mujer,56,13.0,46.0,1231.81,1,Superior,7.117051395588841,Mayor
P02778,Loja,Sierra,Urbana,Mujer,38,9.0,38.0,135.18,0,Secundaria,4.9139775400548205,Adulto
P02780,Pichincha,Sierra,Urbana,Hombre,57,13.0,30.0,364.46,0,Superior,5.901156834076448,Mayor
P02781,Sucumbíos,Amazonía,Urbana,Mujer,60,15.0,36.0,605.41,0,Superior,6.407556324957362,Mayor
P02782,Orellana,Amazonía,Rural,Hombre,20,8.0,34.0,234.93,0,Secundaria,5.463535150858622,Joven
P02784,Chimborazo,Sierra,Urbana,Hombre,38,10.0,42.0,349.76,1,Secundaria,5.860102228911154,Adulto
P02785,Guayas,Costa,Urbana,Hombre,40,10.0,43.0,437.35,0,Secundaria,6.083017678034595,Adulto
P02786,Guayas,Costa,Urbana,Hombre,23,9.0,40.0,315.84,0,Secundaria,5.758396914596079,Joven
P02787,Morona Santiago,Amazonía,Rural,Hombre,40,13.0,43.0,808.41,1,Superior,6.696305587196184,Adulto
P02788,Guayas,Costa,Urbana,Mujer,52,16.0,41.0,391.18,0,Superior,5.97172091807137,Mayor
P02789,Azuay,Sierra,Urbana,Hombre,39,9.0,39.0,808.08,0,Secundaria,6.695897799684895,Adulto
P02790,Guayas,Costa,Rural,Hombre,33,8.0,27.0,254.92,0,Secundaria,5.544864895641263,Adulto
P02791,Guayas,Costa,Rural,Hombre,45,13.0,47.0,586.65,1,Superior,6.376131532578863,Mayor
P02792,Guayas,Costa,Urbana,Hombre,51,15.0,43.0,1384.24,1,Superior,7.233628688807849,Mayor
P02793,Loja,Sierra,Rural,Hombre,59,5.0,33.0,786.94,0,Primaria,6.66942194482694,Mayor
P02794,Loja,Sierra,Rural,Hombre,45,12.0,38.0,447.13,0,Secundaria,6.105083368892755,Mayor
P02795,Pichincha,Sierra,Urbana,Hombre,24,8.0,37.0,165.91,0,Secundaria,5.117454744990326,Joven
P02797,Los Ríos,Costa,Urbana,Mujer,43,11.0,42.0,416.24,0,Secundaria,6.033661595807771,Adulto
P02798,Esmeraldas,Costa,Urbana,Hombre,23,13.0,51.0,1186.83,1,Superior,7.079883392040048,Joven
P02799,Guayas,Costa,Urbana,Hombre,19,18.0,42.0,1560.11,1,Posgrado,7.353152385681647,Joven
P02800,Los Ríos,Costa,Urbana,Mujer,27,8.0,21.0,507.58,0,Secundaria,6.231622528581321,Joven
P02801,Loja,Sierra,Urbana,Mujer,49,11.0,35.0,715.27,0,Secundaria,6.574057190850273,Mayor
P02802,Guayas,Costa,Urbana,Mujer,54,11.0,43.0,444.99,0,Secundaria,6.100296530244035,Mayor
P02803,Manabí,Costa,Rural,Mujer,57,11.0,42.0,387.62,1,Secundaria,5.962602002422881,Mayor
P02804,Pichincha,Sierra,Rural,Mujer,38,5.0,35.0,326.27,0,Primaria,5.790785518277775,Adulto
P02806,Guayas,Costa,Urbana,Mujer,57,15.0,38.0,1150.73,0,Superior,7.049020438785724,Mayor
P02807,Manabí,Costa,Urbana,Mujer,61,9.0,28.0,328.57,0,Secundaria,5.797788774475323,Mayor
P02808,Los Ríos,Costa,Urbana,Hombre,48,16.0,31.0,1237.79,1,Superior,7.121890375738407,Mayor
P02809,Sucumbíos,Amazonía,Urbana,Mujer,48,11.0,31.0,271.9,0,Secundaria,5.609105427714293,Mayor
P02810,Chimborazo,Sierra,Urbana,Mujer,59,10.0,43.0,383.33,0,Secundaria,5.951501558536452,Mayor
P02811,Pichincha,Sierra,Urbana,Hombre,35,13.0,48.0,581.6,1,Superior,6.367500844525335,Adulto
P02812,Esmeraldas,Costa,Urbana,Hombre,30,10.0,46.0,496.95,1,Secundaria,6.210499670377649,Adulto
P02813,Pichincha,Sierra,Urbana,Mujer,37,4.0,42.0,665.98,1,Primaria,6.502760060458568,Adulto
P02814,Pichincha,Sierra,Urbana,Hombre,43,16.0,62.0,766.65,1,Superior,6.643333900104908,Adulto
P02815,Guayas,Costa,Urbana,Mujer,28,12.0,39.0,1286.22,0,Secundaria,7.16024013315846,Joven
P02817,Esmeraldas,Costa,Rural,Mujer,31,9.0,23.0,217.18,0,Secundaria,5.38532041016961,Adulto
P02818,Guayas,Costa,Urbana,Hombre,65,10.0,57.0,945.49,0,Secundaria,6.852760405353206,Mayor
P02819,Guayas,Costa,Urbana,Mujer,61,15.0,40.0,510.28,1,Superior,6.236917385342026,Mayor
P02820,Manabí,Costa,Urbana,Hombre,39,16.0,39.0,779.5,0,Superior,6.659934739955487,Adulto
P02821,Orellana,Amazonía,Urbana,Hombre,21,9.0,39.0,228.4,0,Secundaria,5.435467204695271,Joven
P02822,Guayas,Costa,Urbana,Mujer,36,14.0,49.0,759.09,1,Superior,6.633436847321789,Adulto
P02823,Esmeraldas,Costa,Rural,Mujer,21,12.0,47.0,504.92,1,Secundaria,6.226378554021108,Joven
P02825,Azuay,Sierra,Urbana,Mujer,33,16.0,32.0,946.67,0,Superior,6.8540063403878895,Adulto
P02826,Loja,Sierra,Rural,Hombre,19,7.0,48.0,277.22,0,Secundaria,5.628412167631424,Joven
P02827,Azuay,Sierra,Urbana,Hombre,24,17.0,23.0,432.37,0,Posgrado,6.071591866586454,Joven
P02828,Imbabura,Sierra,Urbana,Hombre,25,12.0,36.0,799.16,0,Secundaria,6.684811707670594,Joven
P02829,Guayas,Costa,Urbana,Mujer,44,11.0,49.0,304.97,0,Secundaria,5.723487057930536,Adulto
P02830,Azuay,Sierra,Rural,Mujer,36,9.0,57.0,414.9,0,Secundaria,6.030444846748866,Adulto
P02831,Guayas,Costa,Urbana,Hombre,61,12.0,54.0,1306.47,0,Secundaria,7.175849251125179,Mayor
P02832,Guayas,Costa,Urbana,Hombre,48,11.0,51.0,1173.02,1,Secundaria,7.068189036018063,Mayor
P02833,Galápagos,Insular,Rural,Hombre,37,5.0,52.0,671.73,1,Primaria,6.511344060439727,Adulto
P02835,El Oro,Costa,Urbana,Hombre,44,13.0,24.0,296.44,0,Superior,5.695212523973134,Adulto
P02836,Guayas,Costa,Urbana,Hombre,49,12.0,26.0,853.95,0,Secundaria,6.751042987694602,Mayor
P02837,El Oro,Costa,Urbana,Hombre,61,7.0,34.0,514.11,0,Secundaria,6.2443804700891725,Mayor
P02838,Guayas,Costa,Rural,Hombre,26,5.0,30.0,337.86,0,Primaria,5.8255870427299605,Joven
P02839,Guayas,Costa,Urbana,Mujer,23,10.0,40.0,316.25,0,Secundaria,5.759690106594497,Joven
P02841,Los Ríos,Costa,Urbana,Hombre,22,10.0,39.0,321.8,0,Secundaria,5.777032936395794,Joven
P02842,Guayas,Costa,Rural,Hombre,65,13.0,56.0,441.94,0,Superior,6.093434320691699,Mayor
P02843,Manabí,Costa,Rural,Mujer,63,10.0,33.0,200.05,0,Secundaria,5.303553633343283,Mayor
P02844,Guayas,Costa,Rural,Hombre,48,17.0,43.0,616.66,1,Posgrado,6.4259381442508525,Mayor
P02845,Imbabura,Sierra,Rural,Mujer,23,13.0,38.0,268.36,0,Superior,5.596048774852819,Joven
P02847,Esmeraldas,Costa,Urbana,Mujer,35,13.0,45.0,902.84,1,Superior,6.806652353576952,Adulto
P02848,Orellana,Amazonía,Urbana,Mujer,48,6.0,39.0,428.33,0,Primaria,6.062225853990894,Mayor
P02849,Tungurahua,Sierra,Urbana,Hombre,63,16.0,37.0,598.08,0,Superior,6.395395145124195,Mayor
P02851,Guayas,Costa,Urbana,Hombre,31,7.0,43.0,307.25,0,Secundaria,5.730911142044453,Adulto
P02852,Guayas,Costa,Rural,Mujer,39,9.0,38.0,345.16,0,Secundaria,5.846901095916629,Adulto
P02853,Guayas,Costa,Urbana,Mujer,63,6.0,38.0,444.54,0,Primaria,6.099287029636728,Mayor
P02854,Pichincha,Sierra,Urbana,Hombre,33,11.0,20.0,589.64,0,Secundaria,6.38120669475091,Adulto
P02856,Guayas,Costa,Urbana,Mujer,24,14.0,37.0,863.46,0,Superior,6.762105034532924,Joven
P02858,Orellana,Amazonía,Urbana,Mujer,57,14.0,53.0,534.42,1,Superior,6.283051485636975,Mayor
P02859,Pichincha,Sierra,Urbana,Hombre,27,14.0,44.0,282.99,0,Superior,5.648939026273669,Joven
P02860,Galápagos,Insular,Rural,Hombre,46,10.0,48.0,484.24,1,Secundaria,6.184643613902718,Mayor
P02861,Pichincha,Sierra,Rural,Hombre,62,15.0,34.0,991.08,0,Superior,6.8998037491945166,Mayor
P02862,Azuay,Sierra,Urbana,Mujer,26,15.0,40.0,823.82,1,Superior,6.7151651807113835,Joven
P02863,Azuay,Sierra,Urbana,Hombre,40,14.0,35.0,1270.43,1,Superior,7.147897530259792,Adulto
P02864,Loja,Sierra,Rural,Mujer,22,13.0,24.0,225.76,0,Superior,5.423892189456103,Joven
P02865,Sucumbíos,Amazonía,Urbana,Hombre,31,22.0,31.0,1126.66,0,Posgrado,7.02789996818262,Adulto
P02866,Guayas,Costa,Urbana,Mujer,63,17.0,35.0,1293.17,0,Posgrado,7.165624842011429,Mayor
P02867,Imbabura,Sierra,Rural,Hombre,33,9.0,42.0,350.85,0,Secundaria,5.863204948412558,Adulto
P02868,Pichincha,Sierra,Rural,Mujer,54,4.0,53.0,356.14,0,Primaria,5.878127861768979,Mayor
P02869,Pichincha,Sierra,Urbana,Mujer,45,17.0,31.0,459.75,0,Posgrado,6.132855596549932,Mayor
P02870,Guayas,Costa,Urbana,Hombre,48,12.0,43.0,546.88,1,Secundaria,6.306056284866621,Mayor
P02871,Guayas,Costa,Urbana,Mujer,57,16.0,42.0,1091.36,1,Superior,6.996095772305198,Mayor
P02872,Guayas,Costa,Rural,Mujer,38,2.0,25.0,256.61,0,Primaria,5.551446813352503,Adulto
P02873,Guayas,Costa,Urbana,Mujer,19,12.0,50.0,752.58,1,Secundaria,6.624835183631848,Joven
P02874,El Oro,Costa,Urbana,Mujer,24,10.0,59.0,1497.5,1,Secundaria,7.312219886756718,Joven
P02875,Guayas,Costa,Urbana,Hombre,54,9.0,37.0,542.8,0,Secundaria,6.29858153219837,Mayor
P02876,Guayas,Costa,Urbana,Mujer,34,19.0,51.0,907.54,1,Posgrado,6.8118389154855965,Adulto
P02877,Guayas,Costa,Rural,Mujer,52,8.0,26.0,1067.88,0,Secundaria,6.974366650280639,Mayor
P02878,Galápagos,Insular,Rural,Mujer,19,13.0,46.0,861.12,1,Superior,6.759394472111613,Joven
P02879,Pichincha,Sierra,Urbana,Mujer,63,13.0,28.0,490.64,1,Superior,6.19774674134678,Mayor
P02880,Pichincha,Sierra,Rural,Hombre,22,10.0,49.0,569.89,1,Secundaria,6.347196546614316,Joven
P02881,Pichincha,Sierra,Rural,Hombre,18,9.0,57.0,490.75,1,Secundaria,6.197970457269168,Joven
P02882,Loja,Sierra,Urbana,Hombre,53,10.0,29.0,784.37,0,Secundaria,6.666154944317361,Mayor
P02883,Pichincha,Sierra,Urbana,Hombre,64,8.0,29.0,591.54,0,Secundaria,6.384418381279075,Mayor
P02884,Manabí,Costa,Urbana,Hombre,33,9.0,58.0,625.4,1,Secundaria,6.439989144676593,Adulto
P02885,Tungurahua,Sierra,Urbana,Mujer,49,16.0,55.0,1279.47,1,Superior,7.154982477016831,Mayor
P02886,Guayas,Costa,Urbana,Mujer,19,17.0,62.0,1206.33,1,Posgrado,7.09616658886586,Joven
P02887,Esmeraldas,Costa,Urbana,Mujer,47,11.0,45.0,456.87,1,Secundaria,6.126585301028435,Mayor
P02888,Orellana,Amazonía,Rural,Mujer,24,8.0,54.0,199.92,0,Secundaria,5.302906818881844,Joven
P02889,Guayas,Costa,Urbana,Hombre,18,12.0,34.0,981.79,0,Secundaria,6.890395465585083,Joven
P02890,Guayas,Costa,Urbana,Hombre,30,12.0,50.0,399.6,0,Secundaria,5.992963423231718,Adulto
P02891,Manabí,Costa,Rural,Mujer,28,10.0,52.0,545.23,1,Secundaria,6.303040132467206,Joven
P02892,Guayas,Costa,Urbana,Hombre,57,13.0,55.0,778.67,1,Superior,6.6588707532382685,Mayor
P02893,Chimborazo,Sierra,Rural,Hombre,44,13.0,41.0,1036.98,1,Superior,6.945031795717471,Adulto
P02894,Morona Santiago,Amazonía,Rural,Mujer,39,17.0,44.0,845.63,1,Posgrado,6.741263763320079,Adulto
P02895,Azuay,Sierra,Urbana,Mujer,55,9.0,53.0,505.73,1,Secundaria,6.227978317360363,Mayor
P02896,Imbabura,Sierra,Urbana,Mujer,38,14.0,54.0,698.3,1,Superior,6.5500798347098215,Adulto
P02897,Pichincha,Sierra,Rural,Hombre,20,16.0,34.0,297.09,0,Superior,5.69739545433135,Joven
P02898,Imbabura,Sierra,Rural,Hombre,37,9.0,38.0,1079.78,0,Secundaria,6.985438281663522,Adulto
P02899,Pichincha,Sierra,Urbana,Hombre,33,6.0,48.0,632.75,1,Primaria,6.451654554905393,Adulto
P02900,Guayas,Costa,Urbana,Mujer,31,11.0,38.0,309.09,0,Secundaria,5.736862577924391,Adulto
P02901,Galápagos,Insular,Urbana,Hombre,37,8.0,42.0,1251.27,1,Secundaria,7.132713183361934,Adulto
P02902,Pichincha,Sierra,Rural,Mujer,44,10.0,30.0,508.57,0,Secundaria,6.233567232823338,Adulto
P02903,Los Ríos,Costa,Rural,Hombre,38,6.0,42.0,503.76,1,Primaria,6.22408306878471,Adulto
P02904,Pichincha,Sierra,Rural,Hombre,53,7.0,50.0,876.38,0,Secundaria,6.776940193851843,Mayor
P02906,Pichincha,Sierra,Urbana,Hombre,18,10.0,41.0,498.24,1,Secundaria,6.213086942050253,Joven
P02907,Pichincha,Sierra,Urbana,Hombre,34,10.0,38.0,494.19,0,Secundaria,6.204941527305421,Adulto
P02908,Pichincha,Sierra,Rural,Hombre,28,15.0,41.0,411.7,0,Superior,6.022720936758536,Joven
P02909,Imbabura,Sierra,Urbana,Mujer,35,10.0,54.0,1519.95,1,Secundaria,7.327090418609164,Adulto
P02910,Guayas,Costa,Urbana,Hombre,21,11.0,31.0,315.5,0,Secundaria,5.757323241584231,Joven
P02911,Pichincha,Sierra,Rural,Hombre,27,4.0,30.0,371.35,0,Primaria,5.919834272156654,Joven
P02913,Tungurahua,Sierra,Rural,Mujer,19,8.0,45.0,257.53,0,Secundaria,5.555011741373328,Joven
P02914,Pichincha,Sierra,Rural,Hombre,46,8.0,29.0,622.62,1,Secundaria,6.435541208510255,Mayor
P02915,Manabí,Costa,Urbana,Mujer,43,11.0,47.0,349.34,0,Secundaria,5.858904111523501,Adulto
P02916,Azuay,Sierra,Urbana,Hombre,36,12.0,30.0,1132.71,0,Secundaria,7.033250719660315,Adulto
P02917,Chimborazo,Sierra,Urbana,Hombre,29,12.0,32.0,312.44,0,Secundaria,5.747607954196231,Joven
P02918,Chimborazo,Sierra,Urbana,Mujer,51,12.0,36.0,1210.99,0,Secundaria,7.100018915770139,Mayor
P02919,Guayas,Costa,Urbana,Hombre,48,12.0,46.0,1010.37,1,Secundaria,6.919061126351107,Mayor
P02920,Manabí,Costa,Rural,Hombre,36,13.0,46.0,1348.86,1,Superior,7.207756162351171,Adulto
P02921,Guayas,Costa,Rural,Hombre,59,9.0,34.0,308.1,0,Secundaria,5.733664849138071,Mayor
P02922,Guayas,Costa,Rural,Hombre,47,8.0,71.0,409.19,0,Secundaria,6.0166204669891,Mayor
P02923,Imbabura,Sierra,Rural,Hombre,61,15.0,48.0,476.71,1,Superior,6.169003853817171,Mayor
P02924,Tungurahua,Sierra,Urbana,Hombre,57,11.0,47.0,780.67,1,Secundaria,6.661432656595502,Mayor
P02925,Pichincha,Sierra,Urbana,Hombre,20,10.0,50.0,341.08,0,Secundaria,5.83504462783668,Joven
P02926,Los Ríos,Costa,Urbana,Mujer,45,11.0,32.0,519.82,0,Secundaria,6.255404492614761,Mayor
P02927,Sucumbíos,Amazonía,Urbana,Mujer,61,17.0,38.0,856.63,0,Posgrado,6.754172771047989,Mayor
P02929,Guayas,Costa,Urbana,Hombre,51,18.0,36.0,684.6,0,Posgrado,6.53029436728357,Mayor
P02930,Guayas,Costa,Urbana,Mujer,21,15.0,43.0,418.0,0,Superior,6.037870919922137,Joven
P02931,Los Ríos,Costa,Urbana,Hombre,19,4.0,46.0,167.96,0,Primaria,5.129662000517897,Joven
P02932,Pichincha,Sierra,Urbana,Hombre,27,17.0,45.0,556.04,1,Posgrado,6.322637050634291,Joven
P02935,Pichincha,Sierra,Rural,Mujer,23,9.0,27.0,197.2,0,Secundaria,5.289276621895888,Joven
P02936,Galápagos,Insular,Urbana,Hombre,49,11.0,57.0,318.23,0,Secundaria,5.76591184612175,Mayor
P02937,Esmeraldas,Costa,Rural,Hombre,48,10.0,43.0,345.2,0,Secundaria,5.847016642742108,Mayor
P02938,Guayas,Costa,Rural,Hombre,18,11.0,52.0,651.83,1,Secundaria,6.481316758476311,Joven
P02939,Guayas,Costa,Rural,Hombre,25,13.0,38.0,378.8,0,Superior,5.939644798378185,Joven
P02940,Imbabura,Sierra,Rural,Hombre,39,10.0,43.0,280.35,0,Secundaria,5.639599445879288,Adulto
P02941,El Oro,Costa,Urbana,Hombre,42,7.0,43.0,639.67,1,Secundaria,6.4625145037622245,Adulto
P02942,Esmeraldas,Costa,Rural,Mujer,32,10.0,54.0,468.22,1,Secundaria,6.1510717416168195,Adulto
P02944,Guayas,Costa,Rural,Hombre,36,10.0,44.0,286.21,0,Secundaria,5.660213655509408,Adulto
P02945,Guayas,Costa,Urbana,Hombre,57,12.0,35.0,1230.59,1,Secundaria,7.116061296498057,Mayor
P02946,Guayas,Costa,Urbana,Hombre,43,15.0,37.0,503.79,0,Superior,6.224142501205113,Adulto
P02947,Guayas,Costa,Rural,Hombre,26,9.0,45.0,881.73,1,Secundaria,6.78301937808058,Joven
P02948,Guayas,Costa,Urbana,Mujer,48,10.0,49.0,686.6,1,Secundaria,6.533207273508694,Mayor
P02949,Imbabura,Sierra,Urbana,Mujer,45,15.0,38.0,539.3,0,Superior,6.29212454085002,Mayor
P02950,Galápagos,Insular,Urbana,Mujer,29,10.0,51.0,795.96,1,Secundaria,6.680804489324974,Joven
P02951,Chimborazo,Sierra,Urbana,Hombre,28,4.0,33.0,300.09,0,Primaria,5.70740922337855,Joven
P02952,Guayas,Costa,Urbana,Mujer,60,11.0,50.0,643.82,1,Secundaria,6.468971208081117,Mayor
P02953,Los Ríos,Costa,Urbana,Hombre,37,14.0,51.0,1354.35,1,Superior,7.211815002542458,Adulto
P02954,Pichincha,Sierra,Urbana,Hombre,45,13.0,52.0,983.71,1,Superior,6.8923471815794635,Mayor
P02956,Guayas,Costa,Urbana,Hombre,31,18.0,53.0,828.09,1,Posgrado,6.720328713778177,Adulto
P02957,Azuay,Sierra,Rural,Mujer,39,13.0,40.0,1424.93,1,Superior,7.262579511410322,Adulto
P02958,Pichincha,Sierra,Urbana,Mujer,35,10.0,46.0,459.89,0,Secundaria,6.133159402810678,Adulto
P02959,Manabí,Costa,Urbana,Hombre,28,8.0,47.0,224.19,0,Secundaria,5.416944490306248,Joven
P02960,Orellana,Amazonía,Urbana,Mujer,58,11.0,41.0,647.46,1,Secundaria,6.474600321052309,Mayor
P02961,Chimborazo,Sierra,Rural,Hombre,55,6.0,45.0,371.0,0,Primaria,5.918893854273146,Mayor
P02962,Guayas,Costa,Urbana,Hombre,62,7.0,40.0,322.15,0,Secundaria,5.778116611708905,Mayor
P02963,Pichincha,Sierra,Rural,Hombre,20,10.0,32.0,320.27,0,Secundaria,5.772281891080893,Joven
P02964,El Oro,Costa,Urbana,Hombre,45,13.0,45.0,303.2,0,Superior,5.717685379825192,Mayor
P02965,Loja,Sierra,Urbana,Hombre,64,9.0,50.0,745.89,1,Secundaria,6.61591791860021,Mayor
P02966,Sucumbíos,Amazonía,Rural,Hombre,61,5.0,45.0,444.16,0,Primaria,6.098433768105225,Mayor
P02967,Loja,Sierra,Urbana,Mujer,60,9.0,40.0,237.12,0,Secundaria,5.47277474828519,Mayor
P02969,Loja,Sierra,Rural,Mujer,21,6.0,34.0,474.68,0,Primaria,6.164745359249787,Joven
P02970,Guayas,Costa,Urbana,Hombre,33,10.0,39.0,364.94,0,Secundaria,5.90246938553642,Adulto
P02971,Morona Santiago,Amazonía,Urbana,Hombre,51,13.0,17.0,634.46,0,Superior,6.454349146083633,Mayor
P02972,Guayas,Costa,Urbana,Mujer,41,8.0,44.0,883.56,1,Secundaria,6.7850903462341465,Adulto
P02973,Azuay,Sierra,Urbana,Mujer,22,11.0,41.0,581.06,1,Secundaria,6.366573535201247,Joven
P02974,El Oro,Costa,Urbana,Mujer,32,11.0,33.0,1056.35,0,Secundaria,6.963521056887994,Adulto
P02975,El Oro,Costa,Urbana,Hombre,34,8.0,29.0,305.98,0,Secundaria,5.726782598885262,Adulto
P02976,Imbabura,Sierra,Urbana,Mujer,47,12.0,47.0,812.24,1,Secundaria,6.701026268936022,Mayor
P02979,Los Ríos,Costa,Urbana,Mujer,39,9.0,35.0,341.0,0,Secundaria,5.834810737062605,Adulto
P02980,Imbabura,Sierra,Urbana,Mujer,62,9.0,29.0,787.1,0,Secundaria,6.669624985359604,Mayor
P02981,Pichincha,Sierra,Urbana,Mujer,61,13.0,46.0,568.24,1,Superior,6.344302137815459,Mayor
P02982,Tungurahua,Sierra,Urbana,Hombre,60,13.0,40.0,1214.13,1,Superior,7.102606345935771,Mayor
P02983,Guayas,Costa,Rural,Mujer,44,11.0,55.0,382.09,0,Secundaria,5.948269948520708,Adulto
P02984,Manabí,Costa,Rural,Hombre,29,11.0,44.0,860.41,1,Secundaria,6.758570581561217,Joven
P02985,Azuay,Sierra,Rural,Mujer,31,8.0,38.0,251.56,0,Secundaria,5.5316488442497365,Adulto
P02986,Pichincha,Sierra,Urbana,Hombre,26,10.0,54.0,1109.83,1,Secundaria,7.012862762630064,Joven
P02987,Guayas,Costa,Urbana,Mujer,26,13.0,50.0,566.88,1,Superior,6.341910128795373,Joven
P02988,Guayas,Costa,Rural,Mujer,53,10.0,37.0,700.47,0,Secundaria,6.5531781331255505,Mayor
P02989,Loja,Sierra,Urbana,Hombre,28,14.0,62.0,614.63,1,Superior,6.422646133720782,Joven
P02990,Pichincha,Sierra,Rural,Mujer,51,18.0,46.0,1285.31,1,Posgrado,7.159532933290632,Mayor
P02991,Guayas,Costa,Urbana,Mujer,39,10.0,64.0,660.08,1,Secundaria,6.493874861272626,Adulto
P02992,Pichincha,Sierra,Rural,Hombre,19,9.0,41.0,127.56,0,Secundaria,4.856395721429257,Joven
P02993,El Oro,Costa,Urbana,Hombre,32,10.0,43.0,229.75,0,Secundaria,5.441334873382962,Adulto
P02994,Sucumbíos,Amazonía,Rural,Hombre,21,14.0,28.0,610.32,0,Superior,6.415620553659636,Joven
P02995,Manabí,Costa,Rural,Hombre,19,9.0,35.0,239.29,0,Secundaria,5.481846527228154,Joven
P02996,Sucumbíos,Amazonía,Rural,Mujer,59,12.0,36.0,493.63,0,Secundaria,6.203810008322679,Mayor
P02997,El Oro,Costa,Urbana,Hombre,62,13.0,43.0,710.04,1,Superior,6.56672868701121,Mayor
P02998,Esmeraldas,Costa,Urbana,Mujer,42,12.0,42.0,322.64,0,Secundaria,5.779631786939639,Adulto
P03000,Chimborazo,Sierra,Urbana,Mujer,62,15.0,44.0,1251.83,1,Superior,7.133160271309983,Mayor
P03001,Pichincha,Sierra,Rural,Hombre,42,7.0,37.0,485.07,0,Secundaria,6.186352646450559,Adulto
P03002,Azuay,Sierra,Urbana,Mujer,46,14.0,43.0,335.06,0,Superior,5.817289715449796,Mayor
P03003,Guayas,Costa,Urbana,Mujer,26,18.0,26.0,1538.83,0,Posgrado,7.339427299703904,Joven
P03004,Guayas,Costa,Urbana,Mujer,28,7.0,26.0,562.14,0,Secundaria,6.3335282650777645,Joven
P03005,Manabí,Costa,Urbana,Hombre,23,16.0,48.0,1135.82,1,Superior,7.035990169872326,Joven
P03006,Pichincha,Sierra,Rural,Mujer,43,11.0,49.0,678.39,1,Secundaria,6.521195336748569,Adulto
P03007,Sucumbíos,Amazonía,Urbana,Mujer,27,9.0,37.0,628.12,0,Secundaria,6.444322017518747,Joven
P03008,Guayas,Costa,Rural,Hombre,40,6.0,21.0,113.74,0,Primaria,4.742668699173725,Adulto
P03009,Pichincha,Sierra,Urbana,Hombre,36,11.0,31.0,895.57,0,Secundaria,6.798576371424766,Adulto
P03010,Guayas,Costa,Urbana,Hombre,22,13.0,40.0,428.32,0,Superior,6.062202561613324,Joven
P03011,Guayas,Costa,Rural,Hombre,48,7.0,42.0,289.59,0,Secundaria,5.671913338981806,Mayor
P03012,Guayas,Costa,Urbana,Hombre,22,15.0,27.0,1006.83,0,Superior,6.915554783614519,Joven
P03013,Pichincha,Sierra,Urbana,Mujer,37,14.0,24.0,598.76,0,Superior,6.396529575194807,Adulto
P03014,Pichincha,Sierra,Urbana,Mujer,44,11.0,37.0,720.99,0,Secundaria,6.582011288381396,Adulto
P03015,Manabí,Costa,Rural,Hombre,40,11.0,34.0,324.95,0,Secundaria,5.786743995370548,Adulto
P03016,Guayas,Costa,Urbana,Hombre,31,10.0,54.0,440.67,0,Secundaria,6.090562996893545,Adulto
P03017,Guayas,Costa,Urbana,Hombre,51,11.0,43.0,833.06,1,Secundaria,6.7263053422170564,Mayor
P03018,Tungurahua,Sierra,Urbana,Mujer,29,17.0,36.0,802.31,0,Posgrado,6.688740691751605,Joven
P03019,Loja,Sierra,Rural,Hombre,49,17.0,35.0,635.93,0,Posgrado,6.456659759423912,Mayor
P03020,Manabí,Costa,Urbana,Hombre,39,11.0,49.0,913.35,1,Secundaria,6.818213430320642,Adulto
P03021,Guayas,Costa,Urbana,Hombre,41,16.0,49.0,513.99,1,Superior,6.2441474829994865,Adulto
P03024,Galápagos,Insular,Urbana,Hombre,45,18.0,45.0,677.9,1,Posgrado,6.520473841307601,Mayor
P03025,Pichincha,Sierra,Urbana,Hombre,45,13.0,34.0,1092.26,0,Superior,6.996919337289842,Mayor
P03026,Los Ríos,Costa,Urbana,Mujer,42,16.0,17.0,671.05,0,Superior,6.510332742517157,Adulto
P03027,Guayas,Costa,Urbana,Hombre,22,13.0,45.0,269.86,0,Superior,5.601602082227226,Joven
P03028,Chimborazo,Sierra,Urbana,Mujer,23,11.0,28.0,282.04,0,Secundaria,5.645588230411475,Joven
P03029,Orellana,Amazonía,Rural,Hombre,29,8.0,49.0,367.55,0,Secundaria,5.909576387635298,Joven
P03030,El Oro,Costa,Urbana,Mujer,48,13.0,52.0,900.94,1,Superior,6.80454799900314,Mayor
P03031,Esmeraldas,Costa,Urbana,Hombre,26,11.0,60.0,929.04,1,Secundaria,6.835227595975054,Joven
P03032,Chimborazo,Sierra,Urbana,Hombre,26,16.0,39.0,1370.23,0,Superior,7.223463426250622,Joven
P03033,Guayas,Costa,Urbana,Mujer,20,10.0,22.0,497.5,0,Secundaria,6.211603589401893,Joven
P03034,Pichincha,Sierra,Urbana,Mujer,64,15.0,26.0,754.94,0,Superior,6.627962007950593,Mayor
P03035,Morona Santiago,Amazonía,Rural,Hombre,46,7.0,28.0,368.77,0,Secundaria,5.9128811907298235,Mayor
P03036,Loja,Sierra,Rural,Mujer,44,10.0,61.0,266.03,0,Secundaria,5.58736101163895,Adulto
P03037,Chimborazo,Sierra,Rural,Hombre,60,14.0,52.0,789.34,1,Superior,6.672463232621103,Mayor
P03038,Pichincha,Sierra,Urbana,Hombre,26,14.0,51.0,487.21,1,Superior,6.190745641157517,Joven
P03039,Los Ríos,Costa,Rural,Hombre,55,9.0,36.0,220.36,0,Secundaria,5.399790335478671,Mayor
P03040,Los Ríos,Costa,Urbana,Hombre,22,12.0,39.0,989.68,1,Secundaria,6.898391576029171,Joven
P03041,Loja,Sierra,Urbana,Hombre,64,13.0,38.0,941.09,0,Superior,6.848100811413848,Mayor
P03042,Galápagos,Insular,Urbana,Hombre,23,12.0,23.0,651.62,0,Secundaria,6.480995030333814,Joven
P03043,Sucumbíos,Amazonía,Urbana,Mujer,39,15.0,45.0,553.55,1,Superior,6.31815697405075,Adulto
P03044,Chimborazo,Sierra,Rural,Mujer,25,14.0,31.0,1188.43,0,Superior,7.081229479755816,Joven
P03045,Guayas,Costa,Rural,Hombre,27,11.0,33.0,908.87,1,Secundaria,6.813301732162985,Joven
P03046,Pichincha,Sierra,Urbana,Hombre,52,14.0,48.0,1032.38,0,Superior,6.94059026207571,Mayor
P03048,Pichincha,Sierra,Rural,Hombre,32,7.0,51.0,182.16,0,Secundaria,5.210360087788895,Adulto
P03049,El Oro,Costa,Urbana,Mujer,54,13.0,36.0,468.42,0,Superior,6.151497890093395,Mayor
P03050,Guayas,Costa,Urbana,Hombre,40,11.0,30.0,837.44,0,Secundaria,6.731543022352359,Adulto
P03051,Pichincha,Sierra,Urbana,Hombre,53,3.0,49.0,180.0,1,Primaria,5.198497031265826,Mayor
P03052,Orellana,Amazonía,Rural,Hombre,35,9.0,34.0,275.4,0,Secundaria,5.621849091893515,Adulto
P03053,Guayas,Costa,Urbana,Hombre,50,15.0,25.0,552.43,0,Superior,6.316135276219603,Mayor
P03054,Chimborazo,Sierra,Urbana,Mujer,20,9.0,31.0,423.88,0,Secundaria,6.051806776114144,Joven
P03055,Manabí,Costa,Urbana,Hombre,27,7.0,44.0,569.89,1,Secundaria,6.347196546614316,Joven
P03056,Guayas,Costa,Urbana,Mujer,46,9.0,31.0,408.8,0,Secundaria,6.0156692358048,Mayor
P03057,Guayas,Costa,Urbana,Mujer,45,17.0,54.0,1031.86,1,Posgrado,6.9400869323454,Mayor
P03058,Imbabura,Sierra,Urbana,Hombre,49,13.0,44.0,799.64,1,Superior,6.685411407838491,Mayor
P03059,Pichincha,Sierra,Urbana,Mujer,61,17.0,41.0,976.55,1,Posgrado,6.885049441446499,Mayor
P03060,Orellana,Amazonía,Rural,Hombre,41,13.0,20.0,287.43,0,Superior,5.664452422192262,Adulto
P03062,Manabí,Costa,Urbana,Hombre,61,13.0,61.0,357.79,0,Superior,5.882737259116202,Mayor
P03063,Loja,Sierra,Urbana,Hombre,21,8.0,58.0,636.55,1,Secundaria,6.457632705329551,Joven
P03064,Guayas,Costa,Urbana,Hombre,50,14.0,30.0,423.17,0,Superior,6.0501343182718585,Mayor
P03065,Azuay,Sierra,Rural,Mujer,35,8.0,57.0,502.17,1,Secundaria,6.220928085167009,Adulto
P03066,Loja,Sierra,Urbana,Mujer,50,14.0,28.0,610.08,0,Superior,6.415227883497522,Mayor
P03068,Guayas,Costa,Urbana,Hombre,34,11.0,53.0,408.92,0,Secundaria,6.015962018708369,Adulto
P03069,Orellana,Amazonía,Urbana,Mujer,41,15.0,53.0,385.51,0,Superior,5.957157740913987,Adulto
P03070,Guayas,Costa,Rural,Hombre,29,13.0,52.0,671.75,1,Superior,6.511373789607015,Joven
P03071,Pichincha,Sierra,Urbana,Mujer,44,12.0,41.0,332.5,0,Secundaria,5.809642865355679,Adulto
P03074,Pichincha,Sierra,Urbana,Mujer,38,11.0,31.0,779.3,0,Secundaria,6.6596784611227156,Adulto
P03075,Morona Santiago,Amazonía,Rural,Hombre,54,13.0,36.0,246.43,0,Superior,5.5111277137224555,Mayor
P03076,Guayas,Costa,Urbana,Mujer,61,10.0,17.0,527.12,0,Secundaria,6.2693235306110005,Mayor
P03077,Azuay,Sierra,Rural,Hombre,42,7.0,28.0,559.39,0,Secundaria,6.32863296990678,Adulto
P03078,Pichincha,Sierra,Urbana,Mujer,43,10.0,39.0,462.36,0,Secundaria,6.138504289757297,Adulto
P03079,Guayas,Costa,Urbana,Mujer,40,11.0,50.0,544.56,1,Secundaria,6.3018127900586745,Adulto
P03080,Pichincha,Sierra,Rural,Mujer,21,5.0,46.0,261.04,0,Primaria,5.568497163863675,Joven
P03081,Pichincha,Sierra,Rural,Mujer,55,2.0,71.0,199.2,0,Primaria,5.29931686688112,Mayor
P03083,Sucumbíos,Amazonía,Urbana,Hombre,27,11.0,59.0,466.14,0,Secundaria,6.146628998609331,Joven
P03084,Guayas,Costa,Urbana,Hombre,31,12.0,19.0,275.83,0,Secundaria,5.623403599373554,Adulto
P03085,Manabí,Costa,Urbana,Hombre,35,13.0,56.0,335.36,0,Superior,5.818182014964697,Adulto
P03086,Guayas,Costa,Urbana,Hombre,65,20.0,28.0,1070.54,0,Posgrado,6.976852145061463,Mayor
P03087,El Oro,Costa,Urbana,Mujer,35,13.0,49.0,743.78,1,Superior,6.613088872755911,Adulto
P03088,Sucumbíos,Amazonía,Urbana,Mujer,44,13.0,43.0,270.99,0,Superior,5.6057653009142765,Adulto
P03089,Pichincha,Sierra,Urbana,Hombre,20,7.0,54.0,443.08,0,Secundaria,6.0960047263819055,Joven
P03091,Chimborazo,Sierra,Urbana,Mujer,48,7.0,50.0,815.95,1,Secundaria,6.705577893476833,Mayor
P03092,El Oro,Costa,Urbana,Mujer,22,15.0,28.0,225.46,0,Superior,5.422568328885894,Joven
P03093,Guayas,Costa,Rural,Hombre,22,11.0,49.0,397.2,0,Secundaria,5.986954391630096,Joven
P03094,Pichincha,Sierra,Urbana,Hombre,40,13.0,54.0,1191.21,1,Superior,7.083564006605036,Adulto
P03095,Manabí,Costa,Urbana,Hombre,31,12.0,53.0,780.83,1,Secundaria,6.661637325608049,Adulto
P03096,Manabí,Costa,Urbana,Mujer,34,10.0,41.0,472.1,1,Secundaria,6.159306782637103,Adulto
P03098,Guayas,Costa,Urbana,Mujer,33,17.0,24.0,432.93,0,Posgrado,6.072883230769142,Adulto
P03099,Pichincha,Sierra,Urbana,Mujer,18,12.0,53.0,586.45,1,Secundaria,6.375791136013581,Joven
P03100,Guayas,Costa,Rural,Mujer,56,16.0,49.0,802.07,1,Superior,6.68844188324828,Mayor
P03101,Manabí,Costa,Urbana,Hombre,39,12.0,29.0,621.66,0,Secundaria,6.434000623425246,Adulto
P03102,Orellana,Amazonía,Rural,Hombre,60,9.0,46.0,326.11,0,Secundaria,5.790296505767648,Mayor
P03104,Guayas,Costa,Urbana,Hombre,22,17.0,37.0,1376.94,1,Posgrado,7.228344909261355,Joven
P03105,Esmeraldas,Costa,Urbana,Mujer,18,9.0,40.0,250.49,0,Secundaria,5.527403227317876,Joven
P03106,Guayas,Costa,Rural,Mujer,58,13.0,43.0,732.41,1,Superior,6.597704890668348,Mayor
P03107,Guayas,Costa,Urbana,Hombre,61,16.0,40.0,846.98,1,Superior,6.742857050608114,Mayor
P03108,Azuay,Sierra,Urbana,Hombre,43,10.0,50.0,1003.6,1,Secundaria,6.912344731315945,Adulto
P03109,Guayas,Costa,Urbana,Mujer,55,10.0,23.0,378.31,0,Secundaria,5.938353812702712,Mayor
P03110,Guayas,Costa,Urbana,Hombre,47,15.0,54.0,798.77,1,Superior,6.684324186331879,Mayor
P03111,Los Ríos,Costa,Rural,Hombre,40,9.0,34.0,441.27,1,Secundaria,6.091920555307347,Adulto
P03112,Manabí,Costa,Urbana,Hombre,50,15.0,28.0,644.46,0,Superior,6.469963240899554,Mayor
P03113,Morona Santiago,Amazonía,Urbana,Mujer,57,12.0,56.0,599.71,1,Secundaria,6.398112288962433,Mayor
P03114,Tungurahua,Sierra,Rural,Hombre,54,13.0,44.0,415.66,0,Superior,6.032270541500236,Mayor
P03115,Morona Santiago,Amazonía,Urbana,Hombre,50,11.0,46.0,1029.68,1,Secundaria,6.937974057566134,Mayor
P03116,Manabí,Costa,Rural,Mujer,39,12.0,52.0,304.88,0,Secundaria,5.7231928681760245,Adulto
P03117,Manabí,Costa,Urbana,Mujer,37,11.0,56.0,592.12,0,Secundaria,6.385396739402422,Adulto
P03118,Galápagos,Insular,Rural,Hombre,19,8.0,50.0,663.52,1,Secundaria,6.499064975518278,Joven
P03119,Chimborazo,Sierra,Urbana,Hombre,23,11.0,31.0,362.91,0,Secundaria,5.896906584317488,Joven
P03120,Guayas,Costa,Rural,Mujer,31,10.0,42.0,555.92,1,Secundaria,6.322421603041085,Adulto
P03121,Guayas,Costa,Rural,Hombre,28,7.0,34.0,203.08,0,Secundaria,5.318512073833556,Joven
P03122,Los Ríos,Costa,Urbana,Hombre,21,11.0,42.0,888.58,1,Secundaria,6.790749441229205,Joven
P03123,Manabí,Costa,Urbana,Hombre,58,9.0,45.0,896.46,1,Secundaria,6.799568551124115,Mayor
P03124,Pichincha,Sierra,Urbana,Hombre,20,9.0,34.0,777.56,0,Secundaria,6.6574460595951575,Joven
P03125,Morona Santiago,Amazonía,Urbana,Mujer,58,13.0,36.0,443.9,0,Superior,6.097849537811996,Mayor
P03126,Manabí,Costa,Urbana,Hombre,44,10.0,42.0,386.51,0,Secundaria,5.959741654912034,Adulto
P03127,Guayas,Costa,Rural,Mujer,28,6.0,48.0,158.64,0,Primaria,5.072921280180533,Joven
P03128,Imbabura,Sierra,Urbana,Hombre,52,9.0,39.0,527.84,0,Secundaria,6.270685928641896,Mayor
P03129,Los Ríos,Costa,Urbana,Mujer,45,15.0,39.0,449.66,0,Superior,6.1107131749259755,Mayor
P03131,Imbabura,Sierra,Urbana,Hombre,42,7.0,22.0,627.94,0,Secundaria,6.444035862643418,Adulto
P03132,Guayas,Costa,Rural,Hombre,46,9.0,44.0,449.02,0,Secundaria,6.109292026221185,Mayor
P03133,Los Ríos,Costa,Urbana,Mujer,62,16.0,45.0,1224.4,1,Superior,7.111022600291554,Mayor
P03134,Azuay,Sierra,Urbana,Hombre,53,19.0,54.0,1563.14,1,Posgrado,7.355091431165608,Mayor
P03135,Guayas,Costa,Urbana,Hombre,24,11.0,31.0,322.75,0,Secundaria,5.779971613013748,Joven
P03136,Pichincha,Sierra,Rural,Hombre,32,10.0,33.0,427.17,0,Secundaria,6.059520312981926,Adulto
P03137,Guayas,Costa,Urbana,Mujer,43,13.0,50.0,1426.5,1,Superior,7.263679941530166,Adulto
P03138,Pichincha,Sierra,Urbana,Hombre,65,18.0,35.0,1243.74,0,Posgrado,7.126681951748306,Mayor
P03139,Guayas,Costa,Urbana,Mujer,54,9.0,37.0,460.11,1,Secundaria,6.133636626247068,Mayor
P03140,Manabí,Costa,Urbana,Mujer,20,13.0,40.0,297.15,0,Superior,5.697596715569115,Joven
P03141,Imbabura,Sierra,Rural,Mujer,21,7.0,26.0,80.54,0,Secundaria,4.401093697391107,Joven
P03142,Guayas,Costa,Rural,Mujer,46,6.0,27.0,353.57,0,Primaria,5.870905787692259,Mayor
P03143,El Oro,Costa,Rural,Mujer,39,4.0,40.0,160.04,0,Primaria,5.081652781331536,Adulto
P03144,Azuay,Sierra,Urbana,Mujer,37,6.0,39.0,256.37,0,Primaria,5.550514738252984,Adulto
P03145,Los Ríos,Costa,Urbana,Mujer,57,11.0,49.0,412.64,0,Secundaria,6.024996030316775,Mayor
P03146,Manabí,Costa,Urbana,Mujer,53,11.0,31.0,708.54,0,Secundaria,6.564616872741729,Mayor
P03147,Guayas,Costa,Urbana,Mujer,62,6.0,46.0,1325.57,1,Primaria,7.190351942634032,Mayor
P03148,El Oro,Costa,Urbana,Hombre,47,15.0,14.0,965.47,0,Superior,6.8736502583321855,Mayor
P03151,Sucumbíos,Amazonía,Rural,Hombre,45,9.0,56.0,575.56,1,Secundaria,6.357079410616185,Mayor
P03152,Guayas,Costa,Urbana,Mujer,62,9.0,44.0,669.89,1,Secundaria,6.508605189106736,Mayor
P03153,Imbabura,Sierra,Urbana,Hombre,32,13.0,28.0,701.56,0,Superior,6.554730806813407,Adulto
P03154,Pichincha,Sierra,Rural,Hombre,18,9.0,29.0,355.96,0,Secundaria,5.877623730684222,Joven
P03155,El Oro,Costa,Urbana,Mujer,56,11.0,38.0,579.97,0,Secundaria,6.364699120406897,Mayor
P03157,Tungurahua,Sierra,Rural,Hombre,28,14.0,42.0,286.29,0,Superior,5.660492158557335,Joven
P03158,Manabí,Costa,Urbana,Hombre,43,12.0,50.0,782.77,1,Secundaria,6.664115609962851,Adulto
P03159,Guayas,Costa,Urbana,Hombre,40,8.0,42.0,450.46,0,Secundaria,6.112486775355432,Adulto
P03160,Galápagos,Insular,Urbana,Mujer,48,14.0,50.0,1286.71,1,Superior,7.160620726033541,Mayor
P03161,Guayas,Costa,Urbana,Hombre,45,15.0,55.0,694.4,1,Superior,6.544487219573761,Mayor
P03162,Guayas,Costa,Rural,Hombre,40,15.0,37.0,688.87,0,Superior,6.5365031740436015,Adulto
P03163,Azuay,Sierra,Urbana,Mujer,33,10.0,50.0,489.98,0,Secundaria,6.196403393767345,Adulto
P03164,Loja,Sierra,Urbana,Mujer,63,13.0,29.0,804.18,0,Superior,6.691065854907726,Mayor
P03167,Manabí,Costa,Urbana,Mujer,24,7.0,42.0,392.81,1,Secundaria,5.975868559483426,Joven
P03168,Pichincha,Sierra,Rural,Hombre,51,6.0,28.0,151.37,0,Primaria,5.026311773481264,Mayor
P03169,Manabí,Costa,Urbana,Mujer,30,11.0,36.0,199.28,0,Secundaria,5.299716387461744,Adulto
P03170,Tungurahua,Sierra,Urbana,Mujer,25,17.0,45.0,595.05,1,Posgrado,6.3903245561640105,Joven
P03171,Guayas,Costa,Urbana,Mujer,49,8.0,36.0,284.92,0,Secundaria,5.655712051411118,Mayor
P03172,Guayas,Costa,Rural,Hombre,54,7.0,54.0,144.74,0,Secundaria,4.981824212242136,Mayor
P03173,Tungurahua,Sierra,Urbana,Mujer,46,13.0,51.0,678.65,1,Superior,6.521577959781257,Mayor
P03174,Guayas,Costa,Rural,Mujer,30,9.0,42.0,181.41,0,Secundaria,5.206256900698823,Adulto
P03175,Guayas,Costa,Urbana,Mujer,54,5.0,39.0,346.43,1,Primaria,5.850563205864396,Mayor
P03176,Sucumbíos,Amazonía,Rural,Mujer,47,14.0,45.0,217.33,0,Superior,5.386007679675025,Mayor
P03177,El Oro,Costa,Rural,Mujer,33,16.0,40.0,1025.52,1,Superior,6.9339297199516,Adulto
P03178,Guayas,Costa,Urbana,Hombre,56,18.0,36.0,1022.83,0,Posgrado,6.931305776192334,Mayor
P03179,Guayas,Costa,Rural,Mujer,56,12.0,36.0,792.86,0,Secundaria,6.6769071232823745,Mayor
P03182,Pichincha,Sierra,Rural,Hombre,34,8.0,50.0,443.41,0,Secundaria,6.0967475597625285,Adulto
P03184,Guayas,Costa,Urbana,Hombre,37,15.0,42.0,933.0,1,Superior,6.839476438228843,Adulto
P03185,Sucumbíos,Amazonía,Rural,Hombre,32,13.0,45.0,575.81,1,Superior,6.357512922852354,Adulto
P03186,Los Ríos,Costa,Urbana,Mujer,20,18.0,32.0,428.17,0,Posgrado,6.06185311082991,Joven
P03187,Chimborazo,Sierra,Urbana,Mujer,45,13.0,29.0,303.65,0,Superior,5.719163576694504,Mayor
P03188,Tungurahua,Sierra,Urbana,Hombre,32,12.0,34.0,272.65,0,Secundaria,5.611849917589927,Adulto
P03190,Morona Santiago,Amazonía,Rural,Hombre,21,13.0,31.0,625.58,0,Superior,6.440276459719512,Joven
P03191,Los Ríos,Costa,Urbana,Mujer,36,14.0,49.0,533.99,1,Superior,6.2822480551325315,Adulto
P03192,Guayas,Costa,Rural,Hombre,30,12.0,61.0,691.37,1,Secundaria,6.540120494807063,Adulto
P03193,Pichincha,Sierra,Urbana,Mujer,37,9.0,27.0,724.61,0,Secundaria,6.587012680403865,Adulto
P03194,Los Ríos,Costa,Rural,Hombre,65,12.0,56.0,784.74,1,Secundaria,6.666625948902451,Mayor
P03195,Orellana,Amazonía,Urbana,Hombre,33,12.0,42.0,1020.96,1,Secundaria,6.929477631054453,Adulto
P03196,Guayas,Costa,Rural,Hombre,22,13.0,42.0,276.17,0,Superior,5.624631036350763,Joven
P03197,El Oro,Costa,Urbana,Hombre,65,13.0,29.0,631.97,0,Superior,6.4504230276561465,Mayor
P03198,Guayas,Costa,Rural,Hombre,65,8.0,33.0,349.8,0,Secundaria,5.860216260498028,Mayor
P03199,El Oro,Costa,Urbana,Mujer,19,13.0,32.0,541.12,0,Superior,6.295487379147815,Joven
P03200,Pichincha,Sierra,Urbana,Hombre,46,15.0,43.0,1057.37,1,Superior,6.964485267727826,Mayor
P03201,Pichincha,Sierra,Urbana,Hombre,44,12.0,57.0,672.81,1,Secundaria,6.512948172061492,Adulto
P03202,Esmeraldas,Costa,Rural,Mujer,52,13.0,34.0,1054.21,0,Superior,6.961495078234621,Mayor
P03203,El Oro,Costa,Urbana,Hombre,38,5.0,41.0,601.72,1,Primaria,6.4014527439437305,Adulto
P03204,Imbabura,Sierra,Rural,Mujer,28,13.0,49.0,420.25,0,Superior,6.043226481666571,Joven
P03205,Guayas,Costa,Urbana,Mujer,54,15.0,44.0,467.25,0,Superior,6.149002341324198,Mayor
P03208,Pichincha,Sierra,Rural,Mujer,34,13.0,31.0,157.43,0,Superior,5.065312855386951,Adulto
P03209,Pichincha,Sierra,Urbana,Hombre,19,10.0,35.0,382.35,0,Secundaria,5.9489484100049035,Joven
P03210,Pichincha,Sierra,Rural,Mujer,43,16.0,38.0,538.3,0,Superior,6.2902720023431815,Adulto
P03211,Imbabura,Sierra,Urbana,Hombre,50,22.0,55.0,1135.32,1,Posgrado,7.035550249754723,Mayor
P03212,Galápagos,Insular,Rural,Hombre,43,11.0,49.0,414.93,0,Secundaria,6.030516976871639,Adulto
P03213,Manabí,Costa,Rural,Mujer,44,12.0,68.0,465.41,0,Secundaria,6.145065075629759,Adulto
P03216,Los Ríos,Costa,Urbana,Mujer,60,13.0,34.0,841.4,0,Superior,6.736254960819766,Mayor
P03217,Pichincha,Sierra,Rural,Mujer,39,5.0,37.0,127.57,0,Primaria,4.856473503096157,Adulto
P03219,Guayas,Costa,Rural,Mujer,42,14.0,46.0,281.62,0,Superior,5.6441032391546,Adulto
P03220,Los Ríos,Costa,Urbana,Mujer,57,16.0,47.0,1164.55,1,Superior,7.060948357598531,Mayor
P03221,El Oro,Costa,Rural,Hombre,52,6.0,39.0,406.67,0,Primaria,6.010458023600516,Mayor
P03222,Azuay,Sierra,Rural,Mujer,57,8.0,54.0,235.75,0,Secundaria,5.467004732066187,Mayor
P03223,Guayas,Costa,Rural,Hombre,54,8.0,34.0,877.74,0,Secundaria,6.778489063259271,Mayor
P03224,Manabí,Costa,Urbana,Hombre,62,7.0,34.0,416.8,0,Secundaria,6.035002849122465,Mayor
P03225,Imbabura,Sierra,Rural,Hombre,50,12.0,47.0,521.24,1,Secundaria,6.2581272523356875,Mayor
P03226,Pichincha,Sierra,Urbana,Hombre,23,3.0,45.0,662.52,1,Primaria,6.497558996498071,Joven
P03227,Guayas,Costa,Rural,Hombre,25,5.0,56.0,305.22,0,Primaria,5.724303797876949,Joven
P03228,Loja,Sierra,Urbana,Hombre,20,15.0,58.0,440.17,0,Superior,6.089430288693962,Joven
P03229,Guayas,Costa,Rural,Hombre,57,8.0,54.0,582.13,1,Secundaria,6.368410146055737,Mayor
P03230,Loja,Sierra,Urbana,Hombre,20,16.0,40.0,957.07,1,Superior,6.864920844194987,Joven
P03231,Guayas,Costa,Urbana,Hombre,37,9.0,35.0,617.43,0,Secundaria,6.427184008386309,Adulto
P03232,Imbabura,Sierra,Rural,Hombre,27,8.0,31.0,823.29,0,Secundaria,6.714522409740074,Joven
P03233,Sucumbíos,Amazonía,Urbana,Mujer,32,18.0,38.0,802.64,0,Posgrado,6.689151407709959,Adulto
P03234,Pichincha,Sierra,Urbana,Hombre,50,11.0,38.0,890.53,0,Secundaria,6.792939087886755,Mayor
P03236,Chimborazo,Sierra,Urbana,Hombre,32,3.0,53.0,1018.58,1,Primaria,6.9271460567740695,Adulto
P03237,Manabí,Costa,Urbana,Mujer,47,16.0,33.0,644.07,0,Superior,6.469358838038913,Mayor
P03238,Pichincha,Sierra,Urbana,Mujer,29,16.0,48.0,600.04,1,Superior,6.398661488060905,Joven
P03239,Los Ríos,Costa,Urbana,Mujer,48,16.0,39.0,1023.92,0,Superior,6.932369839746056,Mayor
P03240,El Oro,Costa,Urbana,Hombre,61,13.0,49.0,760.62,1,Superior,6.635447743636556,Mayor
P03242,Pichincha,Sierra,Urbana,Mujer,25,15.0,42.0,1584.26,1,Superior,7.368503710713533,Joven
P03243,Guayas,Costa,Urbana,Mujer,23,11.0,61.0,853.32,1,Secundaria,6.75030583086329,Joven
P03244,Pichincha,Sierra,Rural,Mujer,45,11.0,34.0,283.79,0,Secundaria,5.651752066561817,Mayor
P03245,Azuay,Sierra,Rural,Hombre,42,13.0,32.0,313.03,0,Superior,5.749488522745738,Adulto
P03246,Pichincha,Sierra,Rural,Mujer,24,3.0,43.0,331.61,0,Primaria,5.80697063245237,Joven
P03247,Tungurahua,Sierra,Urbana,Mujer,32,12.0,38.0,569.03,0,Secundaria,6.34568899102255,Adulto
P03248,El Oro,Costa,Rural,Hombre,43,0.0,47.0,256.85,0,Primaria,5.552378020496968,Adulto
P03249,Guayas,Costa,Urbana,Hombre,31,14.0,45.0,690.84,1,Superior,6.539354715010789,Adulto
P03250,El Oro,Costa,Rural,Mujer,59,6.0,44.0,467.24,0,Primaria,6.148980984982965,Mayor
P03251,Pichincha,Sierra,Urbana,Hombre,22,17.0,23.0,849.18,0,Posgrado,6.745448091771264,Joven
P03252,Pichincha,Sierra,Urbana,Hombre,43,12.0,40.0,540.87,1,Secundaria,6.2950261202719355,Adulto
P03254,Pichincha,Sierra,Urbana,Hombre,53,16.0,51.0,735.86,1,Superior,6.602397914850348,Mayor
P03255,Azuay,Sierra,Urbana,Mujer,31,11.0,40.0,446.17,0,Secundaria,6.10293883551194,Adulto
P03256,Manabí,Costa,Urbana,Hombre,33,17.0,64.0,666.19,1,Posgrado,6.503074862922624,Adulto
P03257,Azuay,Sierra,Urbana,Hombre,46,8.0,35.0,464.81,0,Secundaria,6.143777825661188,Mayor
P03258,Manabí,Costa,Rural,Mujer,50,6.0,32.0,180.21,0,Primaria,5.199656579724066,Mayor
P03259,Esmeraldas,Costa,Rural,Mujer,61,9.0,30.0,214.33,0,Secundaria,5.372171735118517,Mayor
P03260,Morona Santiago,Amazonía,Rural,Mujer,44,12.0,34.0,330.83,0,Secundaria,5.804622789582273,Adulto
P03261,Pichincha,Sierra,Urbana,Hombre,20,7.0,50.0,379.32,1,Secundaria,5.941013003611884,Joven
P03262,El Oro,Costa,Urbana,Mujer,48,14.0,54.0,758.3,1,Superior,6.632396956219188,Mayor
P03263,Pichincha,Sierra,Urbana,Hombre,48,12.0,32.0,402.12,0,Secundaria,5.999234284372343,Mayor
P03264,Manabí,Costa,Rural,Mujer,36,13.0,44.0,542.74,1,Superior,6.298471191429183,Adulto
P03266,Pichincha,Sierra,Urbana,Mujer,33,14.0,30.0,352.71,0,Superior,5.86847736835913,Adulto
P03267,Orellana,Amazonía,Rural,Hombre,56,10.0,28.0,159.57,0,Secundaria,5.078729984561593,Mayor
P03268,Guayas,Costa,Urbana,Hombre,48,11.0,39.0,564.65,0,Secundaria,6.337975512372476,Mayor
P03269,Manabí,Costa,Rural,Hombre,39,5.0,39.0,329.79,0,Primaria,5.801483732946538,Adulto
P03270,Los Ríos,Costa,Urbana,Hombre,39,11.0,49.0,448.95,0,Secundaria,6.109136465479957,Adulto
P03271,El Oro,Costa,Urbana,Mujer,46,15.0,37.0,562.41,1,Superior,6.334007604663525,Mayor
P03272,Chimborazo,Sierra,Urbana,Mujer,47,11.0,48.0,953.5,1,Secundaria,6.8611876431658025,Mayor
P03274,Pichincha,Sierra,Urbana,Mujer,27,10.0,38.0,450.64,1,Secundaria,6.112885402312322,Joven
P03275,Pichincha,Sierra,Rural,Mujer,44,6.0,45.0,714.14,1,Primaria,6.572478327722672,Adulto
P03276,El Oro,Costa,Urbana,Hombre,32,11.0,29.0,571.07,0,Secundaria,6.349261361514645,Adulto
P03277,El Oro,Costa,Urbana,Mujer,20,12.0,20.0,633.15,0,Secundaria,6.452285519513438,Joven
P03278,Pichincha,Sierra,Urbana,Hombre,31,14.0,32.0,918.5,0,Superior,6.823830044044376,Adulto
P03279,Pichincha,Sierra,Urbana,Mujer,28,14.0,42.0,312.31,0,Superior,5.747193115737948,Joven
P03280,Manabí,Costa,Urbana,Hombre,22,16.0,44.0,612.12,1,Superior,6.418560675342441,Joven
P03281,Sucumbíos,Amazonía,Rural,Hombre,19,15.0,40.0,797.73,1,Superior,6.683022966254629,Joven
P03282,Pichincha,Sierra,Urbana,Mujer,53,20.0,56.0,1213.52,1,Posgrado,7.10210421598881,Mayor
P03283,Guayas,Costa,Urbana,Mujer,27,8.0,56.0,359.55,0,Secundaria,5.887630643362769,Joven
P03284,Esmeraldas,Costa,Urbana,Hombre,22,17.0,40.0,522.43,1,Posgrado,6.260403305992625,Joven
P03285,Los Ríos,Costa,Urbana,Hombre,31,19.0,41.0,655.49,1,Posgrado,6.486907461334378,Adulto
P03286,El Oro,Costa,Urbana,Hombre,27,15.0,20.0,916.31,0,Superior,6.821445474015111,Joven
P03288,Guayas,Costa,Rural,Hombre,47,4.0,45.0,882.72,1,Primaria,6.784140270382827,Mayor
P03289,Loja,Sierra,Urbana,Mujer,18,11.0,51.0,324.27,0,Secundaria,5.784655606662756,Joven
P03290,Pichincha,Sierra,Urbana,Mujer,57,4.0,27.0,296.76,0,Primaria,5.696287792893941,Mayor
P03291,Pichincha,Sierra,Rural,Hombre,61,15.0,59.0,867.01,1,Superior,6.766203235331314,Mayor
P03292,Manabí,Costa,Urbana,Hombre,28,14.0,56.0,1301.02,1,Superior,7.171672183633639,Joven
P03293,Los Ríos,Costa,Urbana,Hombre,52,15.0,45.0,886.21,1,Superior,6.788081707388325,Mayor
P03294,Sucumbíos,Amazonía,Urbana,Hombre,51,15.0,41.0,316.32,0,Superior,5.759910728433802,Mayor
P03296,Manabí,Costa,Urbana,Hombre,52,16.0,52.0,626.06,1,Superior,6.441042229834467,Mayor
P03297,Galápagos,Insular,Urbana,Hombre,38,9.0,49.0,730.68,1,Secundaria,6.595343259909745,Adulto
P03298,Sucumbíos,Amazonía,Urbana,Hombre,44,7.0,41.0,265.27,0,Secundaria,5.5845108315733585,Adulto
P03299,Azuay,Sierra,Rural,Mujer,24,15.0,36.0,262.42,0,Superior,5.573749716570901,Joven
P03300,Guayas,Costa,Urbana,Mujer,37,13.0,38.0,832.91,0,Superior,6.726125482866583,Adulto
P03301,Guayas,Costa,Urbana,Hombre,24,12.0,55.0,919.84,1,Secundaria,6.825286296950695,Joven
P03302,Guayas,Costa,Rural,Hombre,65,11.0,50.0,433.1,0,Secundaria,6.073274922305548,Mayor
P03303,Pichincha,Sierra,Rural,Hombre,50,13.0,48.0,261.46,0,Superior,5.57009868946814,Mayor
P03304,Pichincha,Sierra,Urbana,Hombre,46,12.0,37.0,835.82,0,Secundaria,6.729608993598658,Mayor
P03305,Manabí,Costa,Urbana,Mujer,22,11.0,38.0,260.69,0,Secundaria,5.5671605971132365,Joven
P03306,Guayas,Costa,Urbana,Hombre,37,10.0,45.0,315.16,0,Secundaria,5.756248414559503,Adulto
P03307,Guayas,Costa,Rural,Hombre,59,14.0,38.0,1501.28,0,Superior,7.314739233059571,Mayor
P03308,Azuay,Sierra,Rural,Hombre,27,10.0,38.0,439.45,0,Secundaria,6.087796931555805,Joven
P03309,Guayas,Costa,Urbana,Mujer,45,11.0,27.0,749.1,1,Secundaria,6.62020653097559,Mayor
P03310,Morona Santiago,Amazonía,Rural,Mujer,38,16.0,26.0,613.73,0,Superior,6.421183147016851,Adulto
P03311,Pichincha,Sierra,Urbana,Mujer,45,16.0,50.0,649.39,1,Superior,6.477572182961651,Mayor
P03312,Guayas,Costa,Urbana,Mujer,59,13.0,44.0,879.62,1,Superior,6.7806262048511625,Mayor
P03313,Esmeraldas,Costa,Urbana,Hombre,27,7.0,58.0,867.73,1,Secundaria,6.767032375031268,Joven
P03314,Guayas,Costa,Urbana,Mujer,24,7.0,33.0,358.76,0,Secundaria,5.885437142462452,Joven
P03315,Guayas,Costa,Urbana,Hombre,29,14.0,31.0,297.86,0,Superior,5.699975236313247,Joven
P03316,Esmeraldas,Costa,Urbana,Mujer,48,15.0,36.0,510.83,0,Superior,6.237992538654928,Mayor
P03317,Chimborazo,Sierra,Urbana,Hombre,60,8.0,39.0,616.97,0,Secundaria,6.426439912590087,Mayor
P03318,Pichincha,Sierra,Rural,Hombre,48,6.0,45.0,554.23,1,Primaria,6.319382442314912,Mayor
P03319,Orellana,Amazonía,Urbana,Hombre,57,14.0,43.0,1202.86,1,Superior,7.093288340038064,Mayor
P03322,Esmeraldas,Costa,Rural,Mujer,48,11.0,49.0,592.7,1,Secundaria,6.3863741412766295,Mayor
P03323,Guayas,Costa,Rural,Hombre,59,14.0,42.0,366.94,0,Superior,5.907919881397637,Mayor
P03324,Azuay,Sierra,Urbana,Mujer,28,13.0,45.0,536.17,1,Superior,6.286314617966826,Joven
P03325,Guayas,Costa,Urbana,Hombre,60,12.0,47.0,416.42,0,Secundaria,6.034092909163605,Mayor
P03326,Azuay,Sierra,Urbana,Mujer,33,14.0,38.0,687.17,0,Superior,6.534035900434146,Adulto
P03327,Guayas,Costa,Rural,Mujer,46,15.0,46.0,614.41,1,Superior,6.422288712349678,Mayor
P03328,Guayas,Costa,Urbana,Mujer,37,18.0,41.0,1155.03,1,Posgrado,7.052747000452681,Adulto
P03329,Pichincha,Sierra,Urbana,Mujer,44,10.0,41.0,1500.05,1,Secundaria,7.313920142204575,Adulto
P03330,Pichincha,Sierra,Urbana,Mujer,53,10.0,59.0,524.91,1,Secundaria,6.265130095436382,Mayor
P03331,Los Ríos,Costa,Urbana,Hombre,20,17.0,43.0,652.95,1,Posgrado,6.483030895935162,Joven
P03332,Azuay,Sierra,Urbana,Hombre,59,15.0,30.0,750.59,0,Superior,6.6221909625013575,Mayor
P03333,Guayas,Costa,Rural,Mujer,25,15.0,32.0,815.48,0,Superior,6.7050024173156615,Joven
P03334,Pichincha,Sierra,Urbana,Hombre,38,8.0,36.0,218.22,0,Secundaria,5.390075791787577,Adulto
P03335,Manabí,Costa,Urbana,Mujer,36,14.0,43.0,307.54,0,Superior,5.731851494583793,Adulto
P03336,Imbabura,Sierra,Urbana,Mujer,55,12.0,38.0,514.33,0,Secundaria,6.244807472153034,Mayor
P03337,Guayas,Costa,Urbana,Mujer,50,9.0,51.0,346.96,0,Secundaria,5.85208753063934,Mayor
P03338,Guayas,Costa,Urbana,Mujer,45,15.0,57.0,605.7,1,Superior,6.408034434948252,Mayor
P03339,El Oro,Costa,Urbana,Hombre,49,7.0,58.0,696.07,1,Secundaria,6.5468858361337965,Mayor
P03340,Tungurahua,Sierra,Rural,Mujer,28,11.0,33.0,884.98,0,Secundaria,6.786694376986867,Joven
P03341,Pichincha,Sierra,Urbana,Hombre,54,8.0,43.0,988.26,1,Secundaria,6.896957188882625,Mayor
P03342,Azuay,Sierra,Urbana,Hombre,59,11.0,53.0,713.66,1,Secundaria,6.571806905120864,Mayor
P03343,Manabí,Costa,Rural,Mujer,63,11.0,49.0,213.94,0,Secundaria,5.3703589194130075,Mayor
P03344,Guayas,Costa,Urbana,Mujer,41,7.0,44.0,561.2,1,Secundaria,6.3318576584724315,Adulto
P03345,Loja,Sierra,Urbana,Hombre,55,12.0,19.0,1087.64,0,Secundaria,6.992684489767442,Mayor
P03346,El Oro,Costa,Urbana,Hombre,25,12.0,41.0,551.42,1,Secundaria,6.31430862652781,Joven
P03347,Manabí,Costa,Urbana,Hombre,37,10.0,62.0,650.86,1,Secundaria,6.479829814943789,Adulto
P03348,Manabí,Costa,Urbana,Hombre,31,13.0,49.0,591.93,1,Superior,6.385076348185145,Adulto
P03349,Sucumbíos,Amazonía,Rural,Mujer,26,11.0,43.0,358.45,0,Secundaria,5.884575085429881,Joven
P03350,Guayas,Costa,Urbana,Mujer,41,8.0,36.0,807.54,0,Secundaria,6.695230152128536,Adulto
P03351,Esmeraldas,Costa,Urbana,Mujer,27,8.0,40.0,780.55,1,Secundaria,6.66127912734148,Joven
P03354,Loja,Sierra,Urbana,Hombre,33,16.0,37.0,1145.67,0,Superior,7.044617368671854,Adulto
P03355,Esmeraldas,Costa,Rural,Mujer,41,12.0,21.0,407.76,0,Secundaria,6.013128186744009,Adulto
P03356,El Oro,Costa,Urbana,Mujer,63,9.0,28.0,990.49,0,Secundaria,6.899208862180296,Mayor
P03357,Sucumbíos,Amazonía,Rural,Hombre,49,10.0,20.0,259.77,0,Secundaria,5.5636387927611155,Mayor
P03358,Guayas,Costa,Urbana,Hombre,40,9.0,19.0,648.06,0,Secundaria,6.475525162353818,Adulto
P03359,Pichincha,Sierra,Urbana,Mujer,22,14.0,33.0,516.04,0,Superior,6.24812024095464,Joven
P03360,Manabí,Costa,Urbana,Hombre,28,12.0,35.0,964.27,0,Secundaria,6.872407854950409,Joven
P03361,Azuay,Sierra,Urbana,Hombre,30,9.0,37.0,1037.0,0,Secundaria,6.945051063725834,Adulto
P03362,Pichincha,Sierra,Urbana,Hombre,55,17.0,39.0,824.53,0,Posgrado,6.716025604310987,Mayor
P03363,Esmeraldas,Costa,Rural,Hombre,18,12.0,41.0,456.6,0,Secundaria,6.125995440065588,Joven
P03364,Chimborazo,Sierra,Rural,Hombre,50,14.0,52.0,253.23,0,Superior,5.538239369101064,Mayor
P03365,Azuay,Sierra,Urbana,Mujer,34,16.0,53.0,800.09,1,Superior,6.68597330030706,Adulto
P03366,Guayas,Costa,Urbana,Hombre,60,12.0,45.0,478.21,1,Secundaria,6.172138914697026,Mayor
P03367,Pichincha,Sierra,Urbana,Mujer,32,13.0,39.0,579.09,0,Superior,6.363183263916264,Adulto
P03368,Chimborazo,Sierra,Rural,Hombre,50,6.0,54.0,773.63,1,Primaria,6.652385495997603,Mayor
P03369,Orellana,Amazonía,Urbana,Mujer,21,14.0,37.0,459.86,0,Superior,6.133094309238645,Joven
P03370,Imbabura,Sierra,Urbana,Hombre,33,12.0,60.0,394.13,0,Secundaria,5.979214824679065,Adulto
P03372,Pichincha,Sierra,Rural,Mujer,52,11.0,47.0,401.64,0,Secundaria,5.998042862468105,Mayor
P03373,Guayas,Costa,Urbana,Mujer,54,13.0,23.0,698.34,0,Superior,6.55013703313116,Mayor
P03374,Pichincha,Sierra,Urbana,Mujer,58,10.0,35.0,545.87,0,Secundaria,6.30421111421294,Mayor
P03375,Orellana,Amazonía,Rural,Hombre,29,17.0,32.0,643.54,0,Posgrado,6.468536884068581,Joven
P03377,Pichincha,Sierra,Rural,Mujer,48,10.0,35.0,487.35,0,Secundaria,6.191032361893486,Mayor
P03378,Pichincha,Sierra,Urbana,Mujer,51,16.0,41.0,725.65,1,Superior,6.588444931072179,Mayor
P03379,Manabí,Costa,Urbana,Mujer,51,11.0,42.0,522.44,1,Secundaria,6.260422410561484,Mayor
P03380,Azuay,Sierra,Rural,Hombre,26,12.0,46.0,386.62,0,Secundaria,5.960025478272602,Joven
P03381,Guayas,Costa,Urbana,Hombre,48,13.0,40.0,486.63,1,Superior,6.189556921555333,Mayor
P03382,Guayas,Costa,Rural,Mujer,43,6.0,33.0,335.58,0,Primaria,5.818835862284927,Adulto
P03383,Guayas,Costa,Rural,Hombre,64,10.0,45.0,578.07,1,Secundaria,6.361423368365582,Mayor
P03384,Manabí,Costa,Urbana,Mujer,63,10.0,35.0,467.39,0,Secundaria,6.149301282221539,Mayor
P03385,Pichincha,Sierra,Urbana,Hombre,50,12.0,42.0,602.31,1,Secundaria,6.402431160810753,Mayor
P03386,Sucumbíos,Amazonía,Urbana,Mujer,39,21.0,27.0,1140.82,0,Posgrado,7.040378759579239,Adulto
P03387,Chimborazo,Sierra,Urbana,Mujer,61,11.0,53.0,538.6,1,Secundaria,6.290828124333601,Mayor
P03388,Guayas,Costa,Urbana,Mujer,31,10.0,50.0,667.72,1,Secundaria,6.505365437390901,Adulto
P03389,Loja,Sierra,Urbana,Hombre,18,15.0,34.0,153.6,0,Superior,5.040841136153322,Joven
P03391,Pichincha,Sierra,Rural,Mujer,60,12.0,48.0,335.35,0,Secundaria,5.818152284471615,Mayor
P03392,Pichincha,Sierra,Rural,Hombre,45,11.0,49.0,327.75,0,Secundaria,5.795297583491974,Mayor
P03393,Manabí,Costa,Urbana,Mujer,56,13.0,32.0,232.22,0,Superior,5.451982214092187,Mayor
P03394,Pichincha,Sierra,Rural,Hombre,45,5.0,41.0,452.75,0,Primaria,6.11754638557906,Mayor
P03395,Esmeraldas,Costa,Urbana,Mujer,30,11.0,58.0,571.44,1,Secundaria,6.349907926442675,Adulto
P03396,Los Ríos,Costa,Urbana,Mujer,50,13.0,40.0,217.99,0,Superior,5.389026066673499,Mayor
P03397,Orellana,Amazonía,Rural,Mujer,43,16.0,34.0,539.28,0,Superior,6.2920875236925635,Adulto
P03398,Orellana,Amazonía,Rural,Mujer,63,4.0,36.0,184.37,1,Primaria,5.2223538277409975,Mayor
P03401,Tungurahua,Sierra,Rural,Hombre,33,12.0,29.0,335.01,0,Secundaria,5.817140921425089,Adulto
P03402,Guayas,Costa,Urbana,Hombre,55,10.0,53.0,567.3,0,Secundaria,6.342649448303075,Mayor
P03404,Guayas,Costa,Urbana,Mujer,58,18.0,32.0,541.85,0,Posgrado,6.296833038677861,Mayor
P03405,Pichincha,Sierra,Rural,Mujer,52,14.0,30.0,828.02,0,Superior,6.720244280296633,Mayor
P03406,Loja,Sierra,Urbana,Mujer,64,9.0,29.0,925.52,0,Secundaria,6.831435632108724,Mayor
P03407,El Oro,Costa,Urbana,Mujer,38,12.0,55.0,300.84,0,Secundaria,5.7098970756560545,Adulto
P03408,Guayas,Costa,Rural,Hombre,54,10.0,32.0,276.94,0,Secundaria,5.627405263058436,Mayor
P03409,El Oro,Costa,Rural,Hombre,34,18.0,52.0,1324.23,1,Posgrado,7.1893413082618665,Adulto
P03411,Manabí,Costa,Urbana,Mujer,30,14.0,40.0,453.17,0,Superior,6.118471577291897,Adulto
P03412,Guayas,Costa,Rural,Hombre,51,7.0,38.0,268.34,0,Secundaria,5.595974522021896,Mayor
P03413,Pichincha,Sierra,Urbana,Hombre,47,10.0,45.0,682.78,1,Secundaria,6.527636228459238,Mayor
P03414,Esmeraldas,Costa,Urbana,Mujer,29,15.0,41.0,934.89,1,Superior,6.841497948203894,Joven
P03415,Orellana,Amazonía,Urbana,Hombre,61,16.0,32.0,1491.39,0,Superior,7.308134140708097,Mayor
P03417,Guayas,Costa,Urbana,Hombre,31,11.0,48.0,259.95,1,Secundaria,5.564328818089423,Adulto
P03418,Pichincha,Sierra,Urbana,Hombre,54,9.0,30.0,344.61,0,Secundaria,5.845310971696471,Mayor
P03419,Azuay,Sierra,Urbana,Mujer,41,15.0,51.0,836.64,1,Superior,6.7305884139079515,Adulto
P03420,Loja,Sierra,Urbana,Hombre,33,14.0,35.0,1213.45,0,Superior,7.102046578389318,Adulto
P03421,Guayas,Costa,Urbana,Hombre,58,11.0,40.0,629.25,1,Secundaria,6.446116566068029,Mayor
P03422,Morona Santiago,Amazonía,Rural,Hombre,23,17.0,46.0,610.09,1,Posgrado,6.4152442478330896,Joven
P03423,El Oro,Costa,Urbana,Mujer,32,13.0,54.0,1347.31,0,Superior,7.20660723535954,Adulto
P03424,Sucumbíos,Amazonía,Rural,Hombre,61,9.0,50.0,1090.0,1,Secundaria,6.994849985833071,Mayor
P03425,Sucumbíos,Amazonía,Rural,Hombre,28,6.0,34.0,134.68,0,Primaria,4.910299172043593,Joven
P03426,Tungurahua,Sierra,Rural,Hombre,55,11.0,50.0,1437.51,1,Secundaria,7.271363134653224,Mayor
P03427,Guayas,Costa,Urbana,Hombre,38,13.0,44.0,269.7,0,Superior,5.601011196620256,Adulto
P03428,Tungurahua,Sierra,Urbana,Hombre,30,17.0,34.0,719.76,0,Posgrado,6.5803062108586134,Adulto
P03429,Guayas,Costa,Urbana,Hombre,32,12.0,57.0,354.15,0,Secundaria,5.872540235443819,Adulto
P03430,Manabí,Costa,Rural,Hombre,48,5.0,46.0,502.18,1,Primaria,6.220947958968371,Mayor
P03431,Guayas,Costa,Urbana,Hombre,57,10.0,53.0,1031.8,1,Secundaria,6.940028839532433,Mayor
P03432,Pichincha,Sierra,Urbana,Hombre,62,12.0,41.0,653.91,1,Secundaria,6.484497821614225,Mayor
P03433,Guayas,Costa,Rural,Mujer,55,13.0,37.0,730.45,0,Superior,6.595028865424095,Mayor
P03434,Pichincha,Sierra,Rural,Mujer,51,8.0,29.0,285.28,0,Secundaria,5.656970352870396,Mayor
P03435,Sucumbíos,Amazonía,Rural,Mujer,63,16.0,43.0,339.41,0,Superior,5.830150773471008,Mayor
P03436,Guayas,Costa,Urbana,Hombre,37,21.0,25.0,1568.45,0,Posgrado,7.358480518495166,Adulto
P03437,Pichincha,Sierra,Urbana,Hombre,51,11.0,43.0,1352.03,1,Secundaria,7.210101800873974,Mayor
P03438,Guayas,Costa,Rural,Hombre,46,11.0,31.0,199.04,0,Secundaria,5.298517346550703,Mayor
P03440,Orellana,Amazonía,Urbana,Mujer,31,17.0,42.0,974.36,1,Posgrado,6.882806633618172,Adulto
P03441,Guayas,Costa,Urbana,Hombre,21,11.0,25.0,333.46,0,Secundaria,5.812517290952977,Joven
P03442,Guayas,Costa,Urbana,Hombre,38,10.0,34.0,224.39,0,Secundaria,5.417832235049179,Adulto
P03443,Pichincha,Sierra,Rural,Mujer,55,11.0,44.0,526.45,1,Secundaria,6.268054074127818,Mayor
P03444,Galápagos,Insular,Rural,Hombre,48,6.0,43.0,664.66,1,Primaria,6.500779029675021,Mayor
P03445,Pichincha,Sierra,Urbana,Hombre,21,17.0,50.0,322.52,0,Posgrado,5.779260935832107,Joven
P03447,Pichincha,Sierra,Urbana,Mujer,59,16.0,37.0,482.87,0,Superior,6.181816275597201,Mayor
P03448,Imbabura,Sierra,Urbana,Hombre,60,4.0,49.0,577.88,1,Primaria,6.36109520220693,Mayor
P03449,Guayas,Costa,Urbana,Hombre,55,8.0,47.0,792.55,1,Secundaria,6.6765165499535675,Mayor
P03450,Esmeraldas,Costa,Urbana,Mujer,53,17.0,55.0,544.96,1,Posgrado,6.302545712987995,Mayor
P03451,Loja,Sierra,Urbana,Hombre,58,12.0,43.0,781.15,1,Secundaria,6.662046538007779,Mayor
P03453,Pichincha,Sierra,Rural,Hombre,28,10.0,39.0,325.59,0,Secundaria,5.788705561574039,Joven
P03454,Imbabura,Sierra,Urbana,Mujer,38,11.0,29.0,951.32,0,Secundaria,6.858901112764618,Adulto
P03455,Morona Santiago,Amazonía,Urbana,Hombre,30,15.0,53.0,769.41,1,Superior,6.646922840669663,Adulto
P03456,Esmeraldas,Costa,Urbana,Hombre,34,16.0,34.0,713.1,0,Superior,6.5710230085550645,Adulto
P03457,Guayas,Costa,Urbana,Mujer,54,7.0,66.0,515.63,1,Secundaria,6.247326950984918,Mayor
P03458,Pichincha,Sierra,Urbana,Mujer,62,11.0,37.0,402.75,0,Secundaria,6.000795874536866,Mayor
P03459,Manabí,Costa,Urbana,Mujer,34,15.0,41.0,866.73,1,Superior,6.765880606363348,Adulto
P03460,Guayas,Costa,Urbana,Hombre,18,9.0,53.0,179.14,0,Secundaria,5.193734326355597,Joven
P03461,Pichincha,Sierra,Urbana,Hombre,30,9.0,61.0,439.83,0,Secundaria,6.088659313599084,Adulto
P03462,Pichincha,Sierra,Urbana,Hombre,31,14.0,46.0,613.43,1,Superior,6.420695008766408,Adulto
P03463,Guayas,Costa,Rural,Hombre,41,5.0,46.0,388.81,0,Primaria,5.9656594409260295,Adulto
P03464,Tungurahua,Sierra,Urbana,Hombre,36,17.0,44.0,502.51,1,Posgrado,6.221603572934578,Adulto
P03465,Pichincha,Sierra,Rural,Hombre,27,8.0,48.0,551.19,1,Secundaria,6.313892189951418,Joven
P03466,Guayas,Costa,Rural,Hombre,40,5.0,34.0,351.95,0,Primaria,5.866326403841481,Adulto
P03467,Pichincha,Sierra,Urbana,Hombre,25,11.0,29.0,401.15,0,Secundaria,5.996825153350078,Joven
P03468,Los Ríos,Costa,Urbana,Mujer,32,14.0,37.0,672.63,0,Superior,6.512680998753485,Adulto
P03469,Guayas,Costa,Rural,Mujer,35,14.0,45.0,494.53,1,Superior,6.205627896841411,Adulto
P03470,Pichincha,Sierra,Urbana,Mujer,52,13.0,32.0,1024.04,0,Superior,6.932486915201321,Mayor
P03471,Esmeraldas,Costa,Rural,Hombre,37,6.0,38.0,260.41,0,Primaria,5.566090056005451,Adulto
P03472,Imbabura,Sierra,Urbana,Mujer,31,3.0,52.0,214.95,0,Primaria,5.37504689940671,Adulto
P03473,Pichincha,Sierra,Urbana,Mujer,59,14.0,38.0,625.69,0,Superior,6.440452000505268,Mayor
P03474,Guayas,Costa,Rural,Mujer,60,8.0,38.0,519.78,0,Secundaria,6.255327687699209,Mayor
P03475,Orellana,Amazonía,Urbana,Mujer,52,11.0,38.0,649.22,0,Secundaria,6.477310767162959,Mayor
P03476,Guayas,Costa,Urbana,Mujer,65,16.0,42.0,935.3,1,Superior,6.841935937944843,Mayor
P03477,Los Ríos,Costa,Urbana,Hombre,35,12.0,27.0,362.64,0,Secundaria,5.8961643672536574,Adulto
P03478,Azuay,Sierra,Urbana,Mujer,53,10.0,39.0,129.31,0,Secundaria,4.869916227156815,Mayor
P03479,Los Ríos,Costa,Rural,Hombre,60,11.0,33.0,311.28,0,Secundaria,5.74390022125209,Mayor
P03480,Guayas,Costa,Urbana,Hombre,29,15.0,32.0,1223.14,0,Superior,7.10999383561645,Joven
P03481,Guayas,Costa,Urbana,Mujer,56,15.0,24.0,693.86,0,Superior,6.543710386424341,Mayor
P03482,Pichincha,Sierra,Rural,Mujer,58,9.0,46.0,337.76,1,Secundaria,5.825291892053398,Mayor
P03483,Imbabura,Sierra,Urbana,Mujer,34,18.0,30.0,464.61,0,Posgrado,6.1433483738498165,Adulto
P03484,Morona Santiago,Amazonía,Rural,Hombre,33,10.0,38.0,440.09,1,Secundaria,6.089248936257675,Adulto
P03485,Guayas,Costa,Urbana,Hombre,65,13.0,56.0,1030.39,1,Superior,6.938662686010423,Mayor
P03486,Guayas,Costa,Rural,Hombre,55,11.0,41.0,838.16,1,Secundaria,6.7324013915037755,Mayor
P03487,Loja,Sierra,Rural,Hombre,27,11.0,51.0,1337.86,1,Secundaria,7.199573784586314,Joven
P03488,Tungurahua,Sierra,Urbana,Mujer,39,4.0,35.0,756.19,0,Primaria,6.629614212697511,Adulto
P03490,Pichincha,Sierra,Urbana,Hombre,42,10.0,43.0,1270.3,1,Secundaria,7.147795277956077,Adulto
P03491,Esmeraldas,Costa,Urbana,Mujer,41,12.0,44.0,582.45,1,Secundaria,6.368958758252116,Adulto
P03492,Sucumbíos,Amazonía,Urbana,Mujer,32,12.0,42.0,786.66,1,Secundaria,6.669066524665798,Adulto
P03494,Pichincha,Sierra,Urbana,Mujer,65,14.0,36.0,1124.98,0,Superior,7.026409046552547,Mayor
P03495,Manabí,Costa,Urbana,Hombre,18,13.0,29.0,965.06,0,Superior,6.873225944084902,Joven
P03496,Azuay,Sierra,Urbana,Hombre,19,15.0,41.0,745.19,1,Superior,6.614980259464347,Joven
P03497,Orellana,Amazonía,Urbana,Hombre,45,13.0,49.0,430.88,0,Superior,6.06814777187894,Mayor
P03498,Manabí,Costa,Rural,Hombre,35,10.0,27.0,163.58,0,Secundaria,5.1033967741775665,Adulto
P03499,Azuay,Sierra,Urbana,Hombre,51,11.0,19.0,545.27,0,Secundaria,6.303113359011862,Mayor
P03500,Azuay,Sierra,Urbana,Hombre,51,9.0,35.0,480.3,0,Secundaria,6.1764907763090635,Mayor
P03501,Guayas,Costa,Urbana,Mujer,49,11.0,32.0,456.25,0,Secundaria,6.125230287270975,Mayor
P03502,Morona Santiago,Amazonía,Rural,Hombre,65,9.0,40.0,512.96,1,Secundaria,6.24214544141528,Mayor
P03503,Tungurahua,Sierra,Urbana,Hombre,25,12.0,50.0,587.41,1,Secundaria,6.3774239838241975,Joven
P03504,Imbabura,Sierra,Urbana,Hombre,27,13.0,34.0,1020.2,0,Superior,6.9287336853673285,Joven
P03505,El Oro,Costa,Urbana,Hombre,60,12.0,48.0,446.42,0,Secundaria,6.103497750783759,Mayor
P03506,Pichincha,Sierra,Urbana,Hombre,64,14.0,37.0,1283.51,0,Superior,7.158132601650035,Mayor
P03507,Imbabura,Sierra,Rural,Hombre,29,7.0,33.0,366.64,0,Secundaria,5.907104198489908,Joven
P03508,Guayas,Costa,Urbana,Hombre,46,15.0,43.0,445.51,0,Superior,6.101461796482331,Mayor
P03509,Pichincha,Sierra,Urbana,Mujer,61,17.0,41.0,676.51,1,Posgrado,6.518424312792527,Mayor
P03510,Azuay,Sierra,Urbana,Hombre,47,9.0,40.0,486.58,1,Secundaria,6.189454379538652,Mayor
P03512,Manabí,Costa,Urbana,Hombre,52,15.0,54.0,1114.44,1,Superior,7.017004224886765,Mayor
P03513,Orellana,Amazonía,Rural,Mujer,43,8.0,46.0,511.12,1,Secundaria,6.238558972577978,Adulto
P03514,Guayas,Costa,Urbana,Hombre,28,5.0,54.0,733.25,1,Primaria,6.5988495700787295,Joven
P03515,Loja,Sierra,Urbana,Mujer,64,20.0,36.0,673.38,0,Posgrado,6.513793750257388,Mayor
P03517,Los Ríos,Costa,Urbana,Hombre,41,14.0,40.0,725.22,1,Superior,6.587852999223418,Adulto
P03518,El Oro,Costa,Rural,Mujer,31,8.0,44.0,175.84,0,Secundaria,5.175245368958042,Adulto
P03519,Guayas,Costa,Urbana,Mujer,30,17.0,25.0,342.3,0,Posgrado,5.838604700463646,Adulto
P03520,Guayas,Costa,Urbana,Hombre,22,18.0,53.0,1179.26,1,Posgrado,7.0734900321716925,Joven
P03521,Azuay,Sierra,Urbana,Hombre,21,13.0,38.0,1194.83,0,Superior,7.086595783939436,Joven
P03522,Manabí,Costa,Rural,Hombre,47,8.0,48.0,264.73,0,Secundaria,5.5824807556881915,Mayor
P03523,Esmeraldas,Costa,Rural,Mujer,34,10.0,20.0,416.64,0,Secundaria,6.03461981742191,Adulto
P03524,Guayas,Costa,Rural,Hombre,64,8.0,38.0,234.32,0,Secundaria,5.460946289996255,Mayor
P03525,Guayas,Costa,Rural,Mujer,43,4.0,38.0,346.39,0,Primaria,5.850448068130755,Adulto
P03526,Loja,Sierra,Urbana,Mujer,27,13.0,49.0,383.63,0,Superior,5.952281833232719,Joven
P03528,El Oro,Costa,Urbana,Hombre,36,6.0,41.0,731.98,1,Primaria,6.597118416384801,Adulto
P03529,Morona Santiago,Amazonía,Urbana,Mujer,52,13.0,49.0,873.03,1,Superior,6.7731147000092395,Mayor
P03530,Manabí,Costa,Urbana,Hombre,53,10.0,50.0,841.09,1,Secundaria,6.735886896891218,Mayor
P03531,Esmeraldas,Costa,Urbana,Hombre,59,9.0,50.0,1249.51,1,Secundaria,7.131306747086979,Mayor
P03532,Pichincha,Sierra,Urbana,Hombre,25,18.0,60.0,713.76,1,Posgrado,6.57194682201046,Joven
P03533,Tungurahua,Sierra,Rural,Mujer,47,3.0,56.0,359.42,0,Primaria,5.887270018090125,Mayor
P03534,Tungurahua,Sierra,Urbana,Hombre,61,9.0,38.0,302.02,0,Secundaria,5.713798809931689,Mayor
P03535,Manabí,Costa,Urbana,Hombre,55,11.0,47.0,470.32,1,Secundaria,6.15553726884514,Mayor
P03536,Pichincha,Sierra,Urbana,Hombre,36,11.0,32.0,363.65,0,Secundaria,5.898937989430242,Adulto
P03538,El Oro,Costa,Urbana,Mujer,19,11.0,46.0,480.48,1,Secundaria,6.176864693511534,Joven
P03539,Pichincha,Sierra,Urbana,Hombre,37,14.0,55.0,882.19,1,Superior,6.783540352994963,Adulto
P03540,Manabí,Costa,Rural,Hombre,21,14.0,46.0,426.36,0,Superior,6.057626749361651,Joven
P03541,Manabí,Costa,Rural,Hombre,24,9.0,30.0,155.25,0,Secundaria,5.051457288616511,Joven
P03542,Morona Santiago,Amazonía,Rural,Hombre,51,10.0,43.0,774.11,1,Secundaria,6.65300495476533,Mayor
P03543,Morona Santiago,Amazonía,Rural,Mujer,60,17.0,35.0,521.16,0,Posgrado,6.2579740543269615,Mayor
P03544,Manabí,Costa,Urbana,Hombre,21,14.0,30.0,603.16,0,Superior,6.403839063517081,Joven
P03546,El Oro,Costa,Rural,Hombre,24,13.0,49.0,647.89,1,Superior,6.475263210813354,Joven
P03547,Manabí,Costa,Rural,Hombre,37,9.0,41.0,247.58,0,Secundaria,5.515764725317365,Adulto
P03548,Guayas,Costa,Urbana,Mujer,40,13.0,33.0,390.17,0,Superior,5.96914224810349,Adulto
P03549,Los Ríos,Costa,Urbana,Mujer,29,9.0,61.0,574.91,1,Secundaria,6.355951398487588,Joven
P03550,Pichincha,Sierra,Urbana,Hombre,18,10.0,34.0,492.81,0,Secundaria,6.202150827819839,Joven
P03551,Pichincha,Sierra,Urbana,Mujer,38,5.0,49.0,536.48,1,Primaria,6.286891550007209,Adulto
P03552,Tungurahua,Sierra,Rural,Mujer,60,14.0,49.0,669.31,1,Superior,6.507740291945752,Mayor
P03553,Loja,Sierra,Urbana,Hombre,33,13.0,34.0,1092.07,0,Superior,6.996745530041642,Adulto
P03554,Pichincha,Sierra,Rural,Mujer,58,13.0,27.0,871.43,0,Superior,6.7712824216316845,Mayor
P03555,Galápagos,Insular,Urbana,Mujer,33,15.0,36.0,1049.71,0,Superior,6.9572214051139865,Adulto
P03556,Los Ríos,Costa,Urbana,Mujer,57,9.0,45.0,638.54,1,Secundaria,6.460749167929101,Mayor
P03557,Guayas,Costa,Urbana,Mujer,54,17.0,35.0,697.58,0,Posgrado,6.54904970327698,Mayor
P03558,Los Ríos,Costa,Urbana,Mujer,54,13.0,46.0,775.66,1,Superior,6.655002674163809,Mayor
P03560,Los Ríos,Costa,Urbana,Hombre,61,12.0,60.0,711.15,1,Secundaria,6.568288563380595,Mayor
P03561,Guayas,Costa,Urbana,Hombre,57,14.0,37.0,446.73,0,Superior,6.104190372159825,Mayor
P03562,Pichincha,Sierra,Rural,Mujer,52,9.0,38.0,409.76,0,Secundaria,6.018009102330094,Mayor
P03563,Guayas,Costa,Urbana,Hombre,23,15.0,44.0,824.51,1,Superior,6.716001377157192,Joven
P03564,Manabí,Costa,Rural,Mujer,53,12.0,39.0,356.71,0,Secundaria,5.879722602262234,Mayor
P03565,Manabí,Costa,Urbana,Mujer,54,18.0,32.0,267.92,0,Posgrado,5.594413937600836,Mayor
P03566,Guayas,Costa,Rural,Hombre,25,10.0,42.0,311.47,0,Secundaria,5.744508464568161,Joven
P03567,Loja,Sierra,Urbana,Hombre,58,16.0,36.0,1016.28,0,Superior,6.924887677722438,Mayor
P03568,Azuay,Sierra,Urbana,Mujer,50,18.0,41.0,918.44,1,Posgrado,6.823764789060503,Mayor
P03569,Guayas,Costa,Rural,Mujer,61,11.0,44.0,344.3,0,Secundaria,5.844413604395947,Mayor
P03570,Imbabura,Sierra,Urbana,Mujer,34,6.0,40.0,262.48,1,Primaria,5.573977463772493,Adulto
P03571,Imbabura,Sierra,Rural,Hombre,27,10.0,41.0,907.76,1,Secundaria,6.812081032913731,Joven
P03572,Morona Santiago,Amazonía,Rural,Mujer,33,11.0,36.0,316.11,0,Secundaria,5.759248716840184,Adulto
P03574,Morona Santiago,Amazonía,Rural,Mujer,63,14.0,43.0,577.83,1,Superior,6.361008824789389,Mayor
P03575,Guayas,Costa,Urbana,Mujer,31,13.0,50.0,832.47,1,Superior,6.7255977087416525,Adulto
P03576,Pichincha,Sierra,Urbana,Mujer,64,14.0,44.0,678.9,1,Superior,6.521945728532414,Mayor
P03577,Tungurahua,Sierra,Urbana,Mujer,28,11.0,41.0,264.43,1,Secundaria,5.581351152435311,Joven
P03578,Guayas,Costa,Rural,Mujer,48,6.0,32.0,674.9,0,Primaria,6.5160451361063085,Mayor
P03579,Tungurahua,Sierra,Rural,Mujer,24,7.0,31.0,110.15,0,Secundaria,4.710880640410205,Joven
P03580,Azuay,Sierra,Urbana,Mujer,22,9.0,35.0,911.04,0,Secundaria,6.815683848761648,Joven
P03581,Morona Santiago,Amazonía,Rural,Hombre,58,16.0,32.0,1254.53,0,Superior,7.135313073174767,Mayor
P03582,Los Ríos,Costa,Urbana,Mujer,25,11.0,33.0,193.78,0,Secundaria,5.271870716533053,Joven
P03583,Azuay,Sierra,Urbana,Hombre,18,7.0,33.0,618.66,0,Secundaria,6.429170940523164,Joven
P03584,Tungurahua,Sierra,Rural,Hombre,22,20.0,32.0,485.92,0,Posgrado,6.188099838541396,Joven
P03586,Manabí,Costa,Rural,Hombre,39,5.0,39.0,220.72,0,Primaria,5.401415324551604,Adulto
P03587,Los Ríos,Costa,Urbana,Hombre,65,9.0,47.0,594.0,1,Secundaria,6.38856140554563,Mayor
P03588,Manabí,Costa,Rural,Mujer,29,12.0,49.0,286.97,0,Secundaria,5.662856308043556,Joven
P03589,Guayas,Costa,Rural,Hombre,43,11.0,34.0,377.58,0,Secundaria,5.936427411178073,Adulto
P03590,Guayas,Costa,Rural,Mujer,52,12.0,54.0,364.17,0,Secundaria,5.900362998577689,Mayor
P03591,Azuay,Sierra,Rural,Mujer,58,10.0,41.0,805.44,1,Secundaria,6.6926294992615105,Mayor
P03592,Los Ríos,Costa,Rural,Mujer,24,15.0,50.0,838.06,0,Superior,6.7322822176170165,Joven
P03593,Imbabura,Sierra,Urbana,Mujer,27,20.0,46.0,944.75,1,Posgrado,6.851978263513138,Joven
P03594,Pichincha,Sierra,Rural,Mujer,55,9.0,42.0,940.82,1,Secundaria,6.847814173515171,Mayor
P03595,Guayas,Costa,Rural,Hombre,59,19.0,42.0,970.94,1,Posgrado,6.879294074160102,Mayor
P03596,Guayas,Costa,Urbana,Hombre,62,10.0,52.0,617.53,1,Secundaria,6.427345695102481,Mayor
P03597,Guayas,Costa,Urbana,Mujer,19,8.0,56.0,220.48,1,Secundaria,5.400332291954767,Joven
P03598,Morona Santiago,Amazonía,Urbana,Hombre,24,12.0,39.0,502.82,0,Secundaria,6.222219061423527,Joven
P03599,Los Ríos,Costa,Urbana,Mujer,53,15.0,35.0,689.43,0,Superior,6.537314591895845,Mayor
P03601,Tungurahua,Sierra,Rural,Hombre,18,10.0,25.0,181.88,0,Secundaria,5.2088302000465,Joven
P03602,Guayas,Costa,Urbana,Mujer,56,15.0,38.0,1250.94,0,Superior,7.132449627189001,Mayor
P03603,Azuay,Sierra,Urbana,Mujer,57,22.0,56.0,631.31,1,Posgrado,6.449379780217066,Mayor
P03604,El Oro,Costa,Urbana,Hombre,33,13.0,44.0,1220.44,0,Superior,7.107785769556865,Adulto
P03605,Guayas,Costa,Urbana,Hombre,30,14.0,38.0,1045.37,0,Superior,6.953082310567179,Adulto
P03607,Manabí,Costa,Urbana,Mujer,32,12.0,38.0,367.96,0,Secundaria,5.910688237080694,Adulto
P03610,Manabí,Costa,Urbana,Mujer,50,12.0,44.0,827.99,1,Secundaria,6.720208092336364,Mayor
P03611,El Oro,Costa,Urbana,Hombre,59,7.0,46.0,567.54,1,Secundaria,6.343071671313465,Mayor
P03612,Orellana,Amazonía,Rural,Hombre,38,4.0,29.0,119.02,0,Primaria,4.787658395561367,Adulto
P03613,Pichincha,Sierra,Urbana,Mujer,31,12.0,29.0,462.86,0,Secundaria,6.1395827825604385,Adulto
P03614,Sucumbíos,Amazonía,Rural,Hombre,39,3.0,37.0,181.7,0,Primaria,5.207845463383961,Adulto
P03615,Pichincha,Sierra,Urbana,Hombre,64,19.0,50.0,1291.2,1,Posgrado,7.164101471124065,Mayor
P03616,Loja,Sierra,Urbana,Mujer,43,16.0,42.0,967.04,1,Superior,6.875273408736883,Adulto
P03617,Guayas,Costa,Urbana,Mujer,34,18.0,46.0,1114.52,1,Posgrado,7.017075942891601,Adulto
P03618,Galápagos,Insular,Rural,Hombre,30,14.0,38.0,834.77,0,Superior,6.728353455615132,Adulto
P03619,Guayas,Costa,Urbana,Mujer,58,17.0,49.0,707.45,0,Posgrado,6.563079485010236,Mayor
P03620,Pichincha,Sierra,Urbana,Hombre,48,11.0,44.0,465.9,0,Secundaria,6.146115101976891,Mayor
P03621,Manabí,Costa,Urbana,Hombre,64,7.0,59.0,1178.72,1,Secundaria,7.0730324011668335,Mayor
P03622,Loja,Sierra,Rural,Hombre,22,11.0,50.0,1308.07,1,Secundaria,7.177072240415942,Joven
P03623,Esmeraldas,Costa,Urbana,Hombre,20,7.0,39.0,240.98,0,Secundaria,5.488855078113332,Joven
P03625,Imbabura,Sierra,Urbana,Hombre,24,14.0,49.0,390.37,0,Superior,5.969653404093867,Joven
P03626,Galápagos,Insular,Urbana,Mujer,45,12.0,49.0,850.24,1,Secundaria,6.746694109964471,Mayor
P03627,Pichincha,Sierra,Rural,Hombre,52,13.0,38.0,387.03,0,Superior,5.961082656221897,Mayor
P03628,Guayas,Costa,Urbana,Hombre,41,10.0,47.0,281.2,0,Secundaria,5.642616039418714,Adulto
P03629,Pichincha,Sierra,Rural,Mujer,35,8.0,51.0,507.93,1,Secundaria,6.232310482535197,Adulto
P03630,Imbabura,Sierra,Urbana,Mujer,55,11.0,48.0,1002.36,1,Secundaria,6.911109646794711,Mayor
P03631,Azuay,Sierra,Urbana,Mujer,22,6.0,34.0,199.73,0,Primaria,5.3019607214628355,Joven
P03632,Manabí,Costa,Rural,Mujer,56,16.0,33.0,844.63,0,Superior,6.740081911693973,Mayor
P03633,Guayas,Costa,Rural,Mujer,28,13.0,40.0,439.44,0,Superior,6.08777422724539,Joven
P03634,Chimborazo,Sierra,Rural,Hombre,29,3.0,30.0,376.55,0,Primaria,5.933703010249435,Joven
P03635,Azuay,Sierra,Urbana,Mujer,31,8.0,50.0,563.38,1,Secundaria,6.335727783489703,Adulto
P03636,Pichincha,Sierra,Rural,Mujer,46,12.0,47.0,687.51,1,Secundaria,6.534529842391482,Mayor
P03638,El Oro,Costa,Urbana,Mujer,65,14.0,33.0,366.57,0,Superior,5.906913776705081,Mayor
P03639,El Oro,Costa,Urbana,Mujer,65,18.0,40.0,1415.96,1,Posgrado,7.256269010640163,Mayor
P03640,Los Ríos,Costa,Urbana,Mujer,62,12.0,46.0,448.32,0,Secundaria,6.107735328773368,Mayor
P03642,Pichincha,Sierra,Urbana,Mujer,24,12.0,35.0,690.5,0,Secundaria,6.538863151104813,Joven
P03643,Azuay,Sierra,Rural,Hombre,50,9.0,33.0,372.01,1,Secundaria,5.921605228935918,Mayor
P03644,Pichincha,Sierra,Urbana,Hombre,19,12.0,57.0,606.27,1,Secundaria,6.4089735027042725,Joven
P03646,Esmeraldas,Costa,Urbana,Hombre,22,9.0,37.0,597.38,0,Secundaria,6.3942260036418315,Joven
P03647,Guayas,Costa,Rural,Mujer,49,9.0,28.0,291.31,0,Secundaria,5.67781488295862,Mayor
P03648,Pichincha,Sierra,Urbana,Hombre,52,17.0,57.0,1499.92,1,Posgrado,7.313833532411618,Mayor
P03649,Orellana,Amazonía,Rural,Mujer,58,13.0,28.0,511.28,0,Superior,6.238871350557871,Mayor
P03651,Guayas,Costa,Urbana,Mujer,52,12.0,41.0,929.92,1,Secundaria,6.836173344476464,Mayor
P03652,Loja,Sierra,Rural,Mujer,55,7.0,37.0,344.2,0,Secundaria,5.844123959209273,Mayor
P03653,Pichincha,Sierra,Rural,Hombre,50,9.0,44.0,313.02,0,Secundaria,5.749456678147376,Mayor
P03656,Imbabura,Sierra,Urbana,Hombre,31,10.0,49.0,420.08,0,Secundaria,6.042822839383124,Adulto
P03657,Guayas,Costa,Urbana,Mujer,61,8.0,55.0,211.48,1,Secundaria,5.358847866288069,Mayor
P03658,Manabí,Costa,Urbana,Hombre,52,18.0,39.0,986.96,0,Posgrado,6.895642211098335,Mayor
P03659,El Oro,Costa,Urbana,Hombre,27,21.0,19.0,332.52,0,Posgrado,5.809702833572541,Joven
P03660,Esmeraldas,Costa,Urbana,Mujer,35,8.0,36.0,368.74,1,Secundaria,5.9128000559243,Adulto
P03661,Azuay,Sierra,Urbana,Hombre,59,15.0,51.0,714.67,1,Superior,6.573219166861678,Mayor
P03663,Pichincha,Sierra,Rural,Hombre,44,9.0,40.0,447.53,0,Secundaria,6.105975568893946,Adulto
P03664,Guayas,Costa,Urbana,Hombre,61,11.0,45.0,641.65,1,Secundaria,6.465600252556141,Mayor
P03665,Azuay,Sierra,Urbana,Hombre,47,8.0,54.0,725.3,1,Secundaria,6.587963152612122,Mayor
P03666,Guayas,Costa,Urbana,Hombre,46,13.0,39.0,319.77,1,Superior,5.770724355409969,Mayor
P03667,Manabí,Costa,Urbana,Hombre,27,14.0,41.0,612.79,1,Superior,6.419652850101144,Joven
P03668,Morona Santiago,Amazonía,Rural,Hombre,63,10.0,42.0,540.93,1,Secundaria,6.295136841807387,Mayor
P03669,Pichincha,Sierra,Rural,Hombre,36,13.0,48.0,284.99,0,Superior,5.655956845173597,Adulto
P03670,Azuay,Sierra,Urbana,Mujer,43,18.0,53.0,1208.72,1,Posgrado,7.098144206853851,Adulto
P03671,Pichincha,Sierra,Rural,Mujer,64,11.0,61.0,269.78,0,Secundaria,5.601306683066965,Mayor
P03672,Pichincha,Sierra,Urbana,Hombre,32,15.0,44.0,843.03,1,Superior,6.7381880389879445,Adulto
P03673,Guayas,Costa,Urbana,Mujer,45,17.0,34.0,375.07,0,Posgrado,5.929775296275137,Mayor
P03674,Orellana,Amazonía,Rural,Hombre,62,8.0,46.0,625.03,1,Secundaria,6.439398293274497,Mayor
P03675,Esmeraldas,Costa,Urbana,Hombre,29,11.0,17.0,399.72,0,Secundaria,5.9932629290493615,Joven
P03676,Pichincha,Sierra,Urbana,Mujer,37,13.0,16.0,118.81,0,Superior,4.785907154651808,Adulto
P03677,Loja,Sierra,Urbana,Mujer,18,13.0,32.0,885.71,0,Superior,6.78751798409388,Joven
P03678,Pichincha,Sierra,Rural,Mujer,24,9.0,41.0,458.39,0,Secundaria,6.129899522495226,Joven
P03679,Manabí,Costa,Urbana,Mujer,55,10.0,33.0,381.85,0,Secundaria,5.947643267559132,Mayor
P03680,Guayas,Costa,Rural,Mujer,50,7.0,54.0,251.43,0,Secundaria,5.531133982557933,Mayor
P03681,Los Ríos,Costa,Urbana,Hombre,34,7.0,57.0,229.98,0,Secundaria,5.442331126686941,Adulto
P03682,Manabí,Costa,Rural,Hombre,45,11.0,49.0,644.62,1,Secundaria,6.470211095410226,Mayor
P03683,Loja,Sierra,Urbana,Hombre,51,14.0,39.0,427.79,0,Superior,6.060967288589134,Mayor
P03684,Loja,Sierra,Urbana,Mujer,53,18.0,36.0,717.22,0,Posgrado,6.57677592880052,Mayor
P03685,Sucumbíos,Amazonía,Rural,Mujer,29,15.0,43.0,826.94,1,Superior,6.718940687991518,Joven
P03687,Tungurahua,Sierra,Urbana,Mujer,31,16.0,28.0,472.02,0,Superior,6.159137670896117,Adulto
P03688,Guayas,Costa,Urbana,Hombre,44,17.0,36.0,544.18,0,Posgrado,6.301116015363744,Adulto
P03691,Los Ríos,Costa,Rural,Mujer,65,13.0,33.0,797.06,0,Superior,6.68218378259326,Mayor
P03692,Pichincha,Sierra,Urbana,Mujer,34,13.0,40.0,368.46,0,Superior,5.912042480130491,Adulto
P03693,Pichincha,Sierra,Urbana,Hombre,53,5.0,43.0,372.53,1,Primaria,5.922998322632431,Mayor
P03694,Guayas,Costa,Urbana,Mujer,37,16.0,35.0,738.76,0,Superior,6.606325809269383,Adulto
P03695,Guayas,Costa,Rural,Mujer,23,3.0,50.0,619.64,1,Primaria,6.430751203691657,Joven
P03696,Morona Santiago,Amazonía,Urbana,Hombre,52,13.0,41.0,796.44,1,Superior,6.681406596718979,Mayor
P03697,Tungurahua,Sierra,Urbana,Hombre,60,9.0,54.0,468.92,0,Secundaria,6.15256246745031,Mayor
P03698,Azuay,Sierra,Urbana,Mujer,24,10.0,42.0,515.07,1,Secundaria,6.246242415195453,Joven
P03699,Orellana,Amazonía,Rural,Hombre,39,11.0,52.0,495.81,1,Secundaria,6.208207659241164,Adulto
P03700,Morona Santiago,Amazonía,Rural,Mujer,40,6.0,38.0,508.09,0,Primaria,6.23262481820899,Adulto
P03701,Manabí,Costa,Urbana,Mujer,30,16.0,47.0,376.27,0,Superior,5.932961111484582,Adulto
P03702,Guayas,Costa,Rural,Hombre,31,8.0,20.0,366.12,0,Secundaria,5.905688770086578,Adulto
P03703,Guayas,Costa,Rural,Hombre,35,9.0,38.0,592.45,0,Secundaria,6.385952964502514,Adulto
P03705,Tungurahua,Sierra,Rural,Hombre,56,14.0,53.0,411.48,0,Superior,6.022187719750822,Mayor
P03706,Guayas,Costa,Urbana,Mujer,23,18.0,47.0,499.26,1,Posgrado,6.215127963269043,Joven
P03707,Azuay,Sierra,Urbana,Hombre,64,16.0,45.0,677.75,1,Superior,6.520252871248145,Mayor
P03708,Imbabura,Sierra,Urbana,Mujer,55,16.0,28.0,623.56,0,Superior,6.437047401812036,Mayor
P03709,Guayas,Costa,Urbana,Hombre,63,12.0,45.0,504.2,1,Secundaria,6.224954390476336,Mayor
P03710,El Oro,Costa,Rural,Mujer,54,10.0,42.0,322.48,0,Secundaria,5.779137288227622,Mayor
P03711,Galápagos,Insular,Urbana,Mujer,21,4.0,30.0,193.25,0,Primaria,5.269145989247757,Joven
P03712,Pichincha,Sierra,Urbana,Mujer,51,13.0,45.0,587.12,1,Superior,6.376931008709456,Mayor
P03713,Tungurahua,Sierra,Rural,Mujer,53,10.0,53.0,781.18,1,Secundaria,6.662084893086316,Mayor
P03714,Chimborazo,Sierra,Rural,Mujer,32,7.0,39.0,1008.27,0,Secundaria,6.916982576232268,Adulto
P03715,Manabí,Costa,Urbana,Mujer,35,19.0,51.0,1391.79,1,Posgrado,7.23906420864647,Adulto
P03716,Azuay,Sierra,Urbana,Hombre,44,11.0,45.0,481.15,1,Secundaria,6.178255268956393,Adulto
P03717,Guayas,Costa,Urbana,Hombre,42,9.0,43.0,677.87,1,Secundaria,6.520429651201759,Adulto
P03718,Manabí,Costa,Urbana,Hombre,32,14.0,36.0,1182.86,0,Superior,7.076535565209424,Adulto
P03719,Loja,Sierra,Urbana,Mujer,35,13.0,51.0,628.34,1,Superior,6.444671651201568,Adulto
P03720,Los Ríos,Costa,Rural,Mujer,32,10.0,28.0,1015.5,0,Secundaria,6.9241206330684015,Adulto
P03721,El Oro,Costa,Rural,Hombre,26,9.0,49.0,428.06,0,Secundaria,6.06159676928836,Joven
P03722,El Oro,Costa,Urbana,Hombre,49,7.0,38.0,612.1,0,Secundaria,6.418528054768642,Mayor
P03723,Los Ríos,Costa,Urbana,Hombre,23,20.0,37.0,427.3,0,Posgrado,6.059823884621325,Joven
P03724,Pichincha,Sierra,Urbana,Mujer,26,3.0,41.0,279.43,0,Primaria,5.636324139451677,Joven
P03725,Manabí,Costa,Urbana,Hombre,44,12.0,33.0,520.16,0,Secundaria,6.256057096334731,Adulto
P03726,Morona Santiago,Amazonía,Urbana,Mujer,59,6.0,58.0,250.35,0,Primaria,5.5268463901385845,Mayor
P03728,Los Ríos,Costa,Rural,Hombre,50,14.0,64.0,862.07,1,Superior,6.760495800192604,Mayor
P03729,Azuay,Sierra,Urbana,Hombre,58,10.0,42.0,669.03,1,Secundaria,6.507322487501995,Mayor
P03730,Guayas,Costa,Urbana,Hombre,37,12.0,30.0,921.73,0,Secundaria,6.8273366673322196,Adulto
P03731,Guayas,Costa,Rural,Mujer,59,10.0,34.0,984.14,0,Secundaria,6.892783763051991,Mayor
P03732,Los Ríos,Costa,Urbana,Hombre,32,12.0,38.0,303.82,0,Secundaria,5.719721438457704,Adulto
P03733,El Oro,Costa,Urbana,Mujer,62,15.0,36.0,448.74,0,Superior,6.108669638008687,Mayor
P03734,Loja,Sierra,Urbana,Hombre,26,13.0,24.0,824.0,0,Superior,6.715383386334681,Joven
P03736,Guayas,Costa,Urbana,Mujer,48,9.0,62.0,553.7,1,Secundaria,6.318427427061189,Mayor
P03737,Pichincha,Sierra,Urbana,Mujer,57,17.0,25.0,559.29,0,Posgrado,6.328454506830316,Mayor
P03738,Morona Santiago,Amazonía,Rural,Hombre,60,11.0,40.0,626.6,1,Secundaria,6.441903020858877,Mayor
P03741,Guayas,Costa,Urbana,Hombre,31,12.0,48.0,1151.48,1,Secundaria,7.049671421141053,Adulto
P03742,Manabí,Costa,Rural,Mujer,30,10.0,33.0,479.95,0,Secundaria,6.175763314598624,Adulto
P03743,Chimborazo,Sierra,Rural,Mujer,26,16.0,45.0,552.96,1,Superior,6.317092481974517,Joven
P03744,Guayas,Costa,Urbana,Hombre,33,12.0,43.0,674.17,1,Secundaria,6.514964511015028,Adulto
P03745,Manabí,Costa,Urbana,Hombre,25,13.0,42.0,662.74,1,Superior,6.497890506529286,Joven
P03746,Guayas,Costa,Urbana,Mujer,18,14.0,25.0,323.31,0,Superior,5.78169984848387,Joven
P03747,Morona Santiago,Amazonía,Rural,Hombre,53,8.0,44.0,365.62,0,Secundaria,5.9043258892912185,Mayor
P03748,Sucumbíos,Amazonía,Rural,Mujer,57,17.0,60.0,315.15,0,Posgrado,5.756216784504622,Mayor
P03749,Azuay,Sierra,Urbana,Mujer,27,5.0,43.0,649.04,1,Primaria,6.477033899457807,Joven
P03752,Chimborazo,Sierra,Rural,Mujer,63,9.0,43.0,607.94,1,Secundaria,6.411719740688782,Mayor
P03753,Tungurahua,Sierra,Urbana,Mujer,58,9.0,47.0,727.93,1,Secundaria,6.591577705450382,Mayor
P03754,Esmeraldas,Costa,Rural,Mujer,31,14.0,42.0,210.46,0,Superior,5.354035855304381,Adulto
P03755,Esmeraldas,Costa,Urbana,Hombre,58,14.0,16.0,877.72,0,Superior,6.778466303139552,Mayor
P03756,Pichincha,Sierra,Urbana,Hombre,54,12.0,43.0,360.33,0,Secundaria,5.889791668196679,Mayor
P03757,Azuay,Sierra,Rural,Mujer,61,10.0,46.0,557.65,1,Secundaria,6.325523158993347,Mayor
P03758,Guayas,Costa,Rural,Hombre,63,15.0,60.0,396.15,0,Superior,5.984314043079141,Mayor
P03759,Pichincha,Sierra,Urbana,Mujer,49,11.0,53.0,261.14,0,Secundaria,5.5688787121914,Mayor
P03760,Pichincha,Sierra,Urbana,Mujer,61,11.0,51.0,381.26,0,Secundaria,5.946101005356452,Mayor
P03761,Morona Santiago,Amazonía,Urbana,Hombre,18,15.0,33.0,702.34,0,Superior,6.555840416430066,Joven
P03762,Esmeraldas,Costa,Rural,Hombre,55,8.0,41.0,293.02,0,Secundaria,5.68364779223582,Mayor
P03763,Sucumbíos,Amazonía,Urbana,Mujer,18,9.0,34.0,77.76,0,Secundaria,4.366405253770925,Joven
P03764,Pichincha,Sierra,Rural,Hombre,33,11.0,35.0,474.98,0,Secundaria,6.165375836541966,Adulto
P03765,Guayas,Costa,Urbana,Hombre,19,9.0,49.0,759.79,1,Secundaria,6.6343573670859115,Joven
P03766,Guayas,Costa,Urbana,Mujer,27,12.0,51.0,615.15,0,Secundaria,6.423490440384132,Joven
P03767,Guayas,Costa,Rural,Hombre,43,11.0,41.0,386.0,0,Secundaria,5.958424693029782,Adulto
P03769,Manabí,Costa,Rural,Mujer,28,10.0,44.0,491.08,1,Secundaria,6.198641304900113,Joven
P03770,El Oro,Costa,Urbana,Hombre,28,12.0,51.0,955.06,1,Secundaria,6.862820672588256,Joven
P03771,Esmeraldas,Costa,Urbana,Hombre,20,12.0,43.0,574.05,1,Secundaria,6.35445699353859,Joven
P03772,Guayas,Costa,Rural,Hombre,65,15.0,40.0,802.97,1,Superior,6.689561955049967,Mayor
P03774,Galápagos,Insular,Rural,Hombre,51,5.0,45.0,588.94,0,Primaria,6.380020836813232,Mayor
P03775,Azuay,Sierra,Rural,Mujer,46,13.0,50.0,571.67,1,Superior,6.3503096345809205,Mayor
P03776,Tungurahua,Sierra,Urbana,Hombre,59,13.0,42.0,608.18,0,Superior,6.412113790541186,Mayor
P03777,Los Ríos,Costa,Urbana,Hombre,42,14.0,53.0,1271.78,1,Superior,7.148958763512314,Adulto
P03778,Guayas,Costa,Urbana,Mujer,20,8.0,57.0,242.56,0,Secundaria,5.495363318740373,Joven
P03779,Guayas,Costa,Rural,Mujer,38,12.0,36.0,803.02,0,Secundaria,6.6896241444914635,Adulto
P03780,Pichincha,Sierra,Urbana,Hombre,48,11.0,44.0,1161.46,1,Secundaria,7.058293728267372,Mayor
P03781,Orellana,Amazonía,Urbana,Mujer,43,16.0,41.0,712.31,1,Superior,6.5699161085324205,Adulto
P03782,Azuay,Sierra,Urbana,Mujer,31,15.0,53.0,654.5,1,Superior,6.4853983032037545,Adulto
P03783,Azuay,Sierra,Urbana,Hombre,22,18.0,35.0,1574.03,1,Posgrado,7.362029598697378,Joven
P03787,Guayas,Costa,Urbana,Mujer,49,13.0,43.0,849.47,1,Superior,6.74578913784519,Mayor
P03788,Guayas,Costa,Urbana,Hombre,25,8.0,44.0,238.58,0,Secundaria,5.478887390303185,Joven
P03789,Guayas,Costa,Urbana,Mujer,41,16.0,41.0,831.18,1,Superior,6.724048763575601,Adulto
P03790,El Oro,Costa,Urbana,Mujer,57,13.0,38.0,764.2,0,Superior,6.640137237566098,Mayor
P03791,Azuay,Sierra,Rural,Mujer,26,9.0,55.0,324.48,1,Secundaria,5.785301015828456,Joven
P03792,Guayas,Costa,Urbana,Mujer,33,8.0,36.0,746.88,0,Secundaria,6.617242537297074,Adulto
P03793,Pichincha,Sierra,Urbana,Mujer,51,8.0,36.0,967.13,0,Secundaria,6.875366375780134,Mayor
P03794,Pichincha,Sierra,Urbana,Mujer,33,7.0,27.0,287.33,0,Secundaria,5.664105657503303,Adulto
P03795,El Oro,Costa,Urbana,Mujer,50,13.0,43.0,1182.87,1,Superior,7.0765440121184895,Mayor
P03796,Loja,Sierra,Urbana,Hombre,18,12.0,29.0,1242.04,1,Secundaria,7.12531527120211,Joven
P03797,Pichincha,Sierra,Urbana,Mujer,49,11.0,39.0,585.73,0,Secundaria,6.37456474808287,Mayor
P03798,Manabí,Costa,Urbana,Hombre,51,7.0,34.0,213.55,0,Secundaria,5.368542811437534,Mayor
P03799,Los Ríos,Costa,Urbana,Hombre,22,13.0,35.0,318.92,0,Superior,5.768070964538563,Joven
P03800,Pichincha,Sierra,Rural,Hombre,59,11.0,55.0,224.46,0,Secundaria,5.418142759616385,Mayor
P03801,Los Ríos,Costa,Urbana,Hombre,63,18.0,44.0,532.45,1,Posgrado,6.27936534563747,Mayor
P03802,Guayas,Costa,Rural,Hombre,32,6.0,47.0,481.16,1,Primaria,6.178276009174788,Adulto
P03803,Los Ríos,Costa,Urbana,Mujer,64,13.0,34.0,798.02,0,Superior,6.683385976742109,Mayor
P03804,El Oro,Costa,Urbana,Hombre,62,15.0,39.0,808.14,0,Superior,6.695971955238562,Mayor
P03805,El Oro,Costa,Urbana,Hombre,33,10.0,38.0,607.88,0,Secundaria,6.411621203959136,Adulto
P03806,Pichincha,Sierra,Urbana,Mujer,58,14.0,22.0,376.71,0,Superior,5.934126705407111,Mayor
P03807,Chimborazo,Sierra,Urbana,Hombre,34,9.0,36.0,624.65,0,Secundaria,6.4387911093110635,Adulto
P03810,Esmeraldas,Costa,Urbana,Hombre,36,13.0,38.0,312.19,0,Superior,5.746810035126719,Adulto
P03811,Guayas,Costa,Rural,Mujer,45,13.0,53.0,655.51,1,Superior,6.4869379259193005,Mayor
P03812,Esmeraldas,Costa,Urbana,Mujer,21,11.0,53.0,900.21,1,Secundaria,6.803738304812549,Joven
P03813,Guayas,Costa,Rural,Hombre,40,2.0,39.0,430.42,0,Primaria,6.067082093566571,Adulto
P03814,Sucumbíos,Amazonía,Urbana,Hombre,45,12.0,39.0,701.26,0,Secundaria,6.5543037058260065,Mayor
P03815,Guayas,Costa,Rural,Hombre,44,10.0,34.0,238.24,0,Secundaria,5.477467232176356,Adulto
P03816,Chimborazo,Sierra,Urbana,Hombre,65,16.0,44.0,675.4,1,Superior,6.516784617024425,Mayor
P03817,Pichincha,Sierra,Rural,Hombre,52,11.0,53.0,1274.34,1,Secundaria,7.150968088709957,Mayor
P03818,Manabí,Costa,Rural,Mujer,38,7.0,40.0,278.91,0,Secundaria,5.634468122928586,Adulto
P03819,Los Ríos,Costa,Urbana,Hombre,39,8.0,34.0,495.87,0,Secundaria,6.208328422464883,Adulto
P03820,Guayas,Costa,Urbana,Hombre,56,11.0,59.0,429.62,0,Secundaria,6.065226030670035,Mayor
P03821,Pichincha,Sierra,Urbana,Mujer,36,10.0,22.0,687.84,0,Secundaria,6.535009023436698,Adulto
P03822,Guayas,Costa,Urbana,Hombre,61,9.0,53.0,696.11,1,Secundaria,6.546943217533631,Mayor
P03823,Manabí,Costa,Urbana,Hombre,56,12.0,58.0,823.45,1,Secundaria,6.714716497346977,Mayor
P03825,Pichincha,Sierra,Urbana,Mujer,51,17.0,25.0,863.87,0,Posgrado,6.762579206620012,Mayor
P03826,Manabí,Costa,Urbana,Hombre,64,13.0,38.0,542.98,0,Superior,6.298912481474222,Mayor
P03827,Manabí,Costa,Urbana,Mujer,45,14.0,52.0,658.74,1,Superior,6.491845818012025,Mayor
P03829,Guayas,Costa,Rural,Hombre,28,9.0,51.0,486.36,1,Secundaria,6.189003069706797,Joven
P03830,Manabí,Costa,Rural,Hombre,65,14.0,46.0,695.86,1,Superior,6.546584529753147,Mayor
P03832,El Oro,Costa,Urbana,Mujer,19,14.0,35.0,115.84,0,Superior,4.76080547751954,Joven
P03833,Loja,Sierra,Urbana,Hombre,48,11.0,47.0,558.69,0,Secundaria,6.327383059023391,Mayor
P03834,Pichincha,Sierra,Urbana,Mujer,63,9.0,56.0,570.56,1,Secundaria,6.348369464600769,Mayor
P03835,Tungurahua,Sierra,Urbana,Mujer,51,13.0,35.0,1124.33,0,Superior,7.025831604958043,Mayor
P03836,Pichincha,Sierra,Urbana,Hombre,40,7.0,39.0,193.39,0,Secundaria,5.269866450374021,Adulto
P03838,Azuay,Sierra,Urbana,Mujer,40,14.0,38.0,695.73,0,Superior,6.546397961249675,Adulto
P03839,Pichincha,Sierra,Urbana,Hombre,37,13.0,57.0,706.97,1,Superior,6.562401719914608,Adulto
P03840,Pichincha,Sierra,Urbana,Mujer,62,7.0,51.0,756.67,1,Secundaria,6.630247934646819,Mayor
P03842,Guayas,Costa,Urbana,Hombre,56,14.0,46.0,1325.21,1,Superior,7.190080529247163,Mayor
P03844,Guayas,Costa,Urbana,Mujer,59,12.0,53.0,609.42,1,Secundaria,6.414147244833211,Mayor
P03845,Manabí,Costa,Rural,Mujer,31,14.0,49.0,680.95,1,Superior,6.524956341372884,Adulto
P03846,Chimborazo,Sierra,Urbana,Hombre,22,12.0,29.0,526.13,0,Secundaria,6.26744719743791,Joven
P03848,Guayas,Costa,Urbana,Hombre,62,12.0,51.0,990.75,1,Secundaria,6.89947105939444,Mayor
P03849,Manabí,Costa,Rural,Mujer,60,6.0,60.0,458.93,1,Primaria,6.131074303990473,Mayor
P03851,El Oro,Costa,Urbana,Hombre,40,12.0,33.0,455.93,0,Secundaria,6.124530206295522,Adulto
P03852,Pichincha,Sierra,Rural,Mujer,41,7.0,42.0,607.21,1,Secundaria,6.410520217067979,Adulto
P03853,Orellana,Amazonía,Rural,Hombre,27,2.0,29.0,190.94,0,Primaria,5.257182823189481,Joven
P03854,Orellana,Amazonía,Rural,Hombre,22,9.0,30.0,685.16,0,Secundaria,6.531110836682166,Joven
P03855,Guayas,Costa,Urbana,Hombre,60,12.0,54.0,499.45,1,Secundaria,6.215507693665028,Mayor
P03856,Guayas,Costa,Urbana,Mujer,37,17.0,17.0,1351.55,0,Posgrado,7.209746978614025,Adulto
P03857,Tungurahua,Sierra,Urbana,Hombre,63,12.0,44.0,714.08,1,Secundaria,6.5723944245468875,Mayor
P03858,Manabí,Costa,Urbana,Hombre,52,15.0,56.0,951.58,1,Superior,6.859174092975247,Mayor
P03859,Orellana,Amazonía,Urbana,Hombre,28,12.0,24.0,563.79,0,Secundaria,6.336453980639853,Joven
P03861,Esmeraldas,Costa,Urbana,Mujer,43,10.0,34.0,236.71,0,Secundaria,5.471051443317165,Adulto
P03862,Azuay,Sierra,Urbana,Hombre,52,14.0,25.0,313.81,0,Superior,5.751969282239475,Mayor
P03863,Manabí,Costa,Urbana,Hombre,62,13.0,60.0,1228.09,1,Superior,7.11402933715334,Mayor
P03864,Pichincha,Sierra,Urbana,Mujer,41,12.0,32.0,995.22,0,Secundaria,6.903968116727559,Adulto
P03866,Guayas,Costa,Urbana,Hombre,60,15.0,40.0,1263.54,1,Superior,7.1424636986662495,Mayor
P03867,Imbabura,Sierra,Urbana,Mujer,35,9.0,36.0,204.34,0,Secundaria,5.324667141870819,Adulto
P03868,Guayas,Costa,Rural,Hombre,37,9.0,52.0,236.83,0,Secundaria,5.471556132733606,Adulto
P03869,Chimborazo,Sierra,Rural,Hombre,19,14.0,43.0,905.74,1,Superior,6.809855749704074,Joven
P03870,Manabí,Costa,Urbana,Hombre,20,17.0,65.0,382.66,0,Posgrado,5.949756743708192,Joven
P03872,Azuay,Sierra,Urbana,Mujer,45,16.0,35.0,735.08,0,Superior,6.601338808474106,Mayor
P03873,Pichincha,Sierra,Rural,Hombre,52,9.0,32.0,906.82,0,Secundaria,6.811046121064104,Mayor
P03874,El Oro,Costa,Urbana,Hombre,41,13.0,35.0,388.59,0,Superior,5.965094904087838,Adulto
P03875,Guayas,Costa,Rural,Mujer,41,7.0,30.0,165.36,0,Secundaria,5.114154114874711,Adulto
P03877,Los Ríos,Costa,Urbana,Mujer,26,8.0,39.0,491.56,0,Secundaria,6.199616280602955,Joven
P03878,Guayas,Costa,Urbana,Hombre,56,12.0,45.0,157.74,0,Secundaria,5.0672676436627295,Mayor
P03879,Pichincha,Sierra,Urbana,Hombre,43,10.0,43.0,401.15,0,Secundaria,5.996825153350078,Adulto
P03880,Manabí,Costa,Urbana,Mujer,44,15.0,27.0,407.76,0,Superior,6.013128186744009,Adulto
P03881,Azuay,Sierra,Urbana,Mujer,25,14.0,40.0,1139.24,0,Superior,7.038994045546776,Joven
P03882,Guayas,Costa,Rural,Mujer,56,11.0,28.0,479.76,0,Secundaria,6.175368185084588,Mayor
P03883,Imbabura,Sierra,Rural,Hombre,34,12.0,29.0,534.04,0,Secundaria,6.282341510456282,Adulto
P03884,Chimborazo,Sierra,Urbana,Hombre,24,9.0,32.0,233.59,0,Secundaria,5.457839309564922,Joven
P03885,Loja,Sierra,Urbana,Mujer,47,18.0,35.0,1032.94,0,Posgrado,6.941132026305435,Mayor
P03886,Los Ríos,Costa,Urbana,Mujer,62,18.0,40.0,565.69,1,Posgrado,6.339812416999059,Mayor
P03887,Manabí,Costa,Rural,Hombre,42,11.0,37.0,447.72,0,Secundaria,6.106399085200081,Adulto
P03888,Esmeraldas,Costa,Urbana,Hombre,47,13.0,37.0,525.0,0,Superior,6.26530121273771,Mayor
P03889,Orellana,Amazonía,Urbana,Hombre,32,12.0,43.0,492.93,1,Secundaria,6.202393806742613,Adulto
P03891,Tungurahua,Sierra,Urbana,Mujer,35,15.0,45.0,608.92,1,Superior,6.413327801025782,Adulto
P03892,Pichincha,Sierra,Urbana,Hombre,50,14.0,34.0,765.07,0,Superior,6.641273549377356,Mayor
P03893,Tungurahua,Sierra,Urbana,Mujer,23,14.0,19.0,538.7,0,Superior,6.291013429624597,Joven
P03894,Loja,Sierra,Rural,Hombre,63,8.0,22.0,677.97,0,Secundaria,6.520576943961113,Mayor
P03895,Los Ríos,Costa,Urbana,Mujer,58,12.0,40.0,1336.85,1,Secundaria,7.198819126780326,Mayor
P03896,Galápagos,Insular,Rural,Hombre,42,7.0,30.0,281.43,0,Secundaria,5.643430732271454,Adulto
P03897,Sucumbíos,Amazonía,Rural,Hombre,32,8.0,40.0,479.38,1,Secundaria,6.174577457365838,Adulto
P03898,Pichincha,Sierra,Urbana,Hombre,53,12.0,53.0,365.5,0,Secundaria,5.903998521326706,Mayor
P03899,Manabí,Costa,Urbana,Mujer,27,16.0,41.0,1246.89,1,Superior,7.129209404019083,Joven
P03900,El Oro,Costa,Rural,Hombre,21,6.0,27.0,364.01,0,Primaria,5.899924750467467,Joven
P03901,Pichincha,Sierra,Urbana,Hombre,44,11.0,35.0,564.59,0,Secundaria,6.337869434086602,Adulto
P03902,Chimborazo,Sierra,Rural,Hombre,39,14.0,35.0,1534.49,0,Superior,7.336604827323037,Adulto
P03903,Morona Santiago,Amazonía,Rural,Hombre,63,3.0,39.0,488.07,1,Primaria,6.192505628514245,Mayor
P03904,Guayas,Costa,Urbana,Hombre,38,15.0,20.0,329.39,0,Superior,5.800273774844962,Adulto
P03905,Pichincha,Sierra,Urbana,Hombre,57,15.0,44.0,930.68,1,Superior,6.83698940808881,Mayor
P03906,Orellana,Amazonía,Urbana,Hombre,34,11.0,27.0,813.69,0,Secundaria,6.7028076727844095,Adulto
P03907,Guayas,Costa,Urbana,Mujer,60,16.0,39.0,854.89,0,Superior,6.752141863211412,Mayor
P03909,Pichincha,Sierra,Urbana,Hombre,34,9.0,39.0,516.53,0,Secundaria,6.2490674944737625,Adulto
P03911,Pichincha,Sierra,Urbana,Mujer,36,9.0,32.0,295.46,1,Secundaria,5.691912302085713,Adulto
P03912,Tungurahua,Sierra,Rural,Mujer,35,11.0,44.0,360.36,0,Secundaria,5.889874691346349,Adulto
P03913,Pichincha,Sierra,Urbana,Mujer,36,7.0,41.0,890.26,1,Secundaria,6.792636191861913,Adulto
P03914,Guayas,Costa,Urbana,Hombre,36,12.0,53.0,447.38,0,Secundaria,6.1056410871702536,Adulto
P03915,Loja,Sierra,Urbana,Hombre,58,13.0,30.0,1027.17,0,Superior,6.935535801992863,Mayor
P03916,Los Ríos,Costa,Urbana,Mujer,43,16.0,49.0,563.25,1,Superior,6.335497415697645,Adulto
P03917,Guayas,Costa,Rural,Mujer,40,12.0,33.0,178.27,0,Secundaria,5.188893049266747,Adulto
P03918,Guayas,Costa,Urbana,Hombre,36,13.0,18.0,425.3,0,Superior,6.055143323771165,Adulto
P03919,Guayas,Costa,Rural,Hombre,24,9.0,16.0,206.06,0,Secundaria,5.333008606337967,Joven
P03920,Manabí,Costa,Rural,Mujer,24,10.0,47.0,424.13,0,Secundaria,6.052395004504889,Joven
P03921,Manabí,Costa,Urbana,Mujer,41,15.0,27.0,882.76,0,Superior,6.7841855325640195,Adulto
P03922,Loja,Sierra,Urbana,Hombre,52,17.0,46.0,1151.05,1,Posgrado,7.049298243091741,Mayor
P03923,Pichincha,Sierra,Urbana,Hombre,38,10.0,50.0,783.8,1,Secundaria,6.665428908251153,Adulto
P03924,El Oro,Costa,Rural,Hombre,64,8.0,48.0,714.93,1,Secundaria,6.573582396818172,Mayor
P03925,Pichincha,Sierra,Urbana,Hombre,56,13.0,66.0,1388.68,1,Superior,7.236828783793668,Mayor
P03926,Guayas,Costa,Rural,Hombre,24,7.0,37.0,347.04,0,Secundaria,5.852317415697824,Joven
P03927,Pichincha,Sierra,Urbana,Hombre,26,7.0,60.0,358.43,0,Secundaria,5.884519443319918,Joven
P03928,Pichincha,Sierra,Urbana,Mujer,25,11.0,43.0,520.61,1,Secundaria,6.256920182207808,Joven
P03930,Guayas,Costa,Urbana,Hombre,61,18.0,35.0,1218.79,0,Posgrado,7.106433991763495,Mayor
P03931,Guayas,Costa,Urbana,Mujer,41,13.0,37.0,888.29,0,Superior,6.790423391543091,Adulto
P03933,Sucumbíos,Amazonía,Urbana,Mujer,39,13.0,42.0,804.37,0,Superior,6.6913017991514705,Adulto
P03934,Tungurahua,Sierra,Urbana,Hombre,29,10.0,41.0,362.44,0,Secundaria,5.895614221451148,Joven
P03935,Pichincha,Sierra,Urbana,Hombre,49,16.0,23.0,1411.23,1,Superior,7.252925294306544,Mayor
P03936,Guayas,Costa,Urbana,Mujer,38,10.0,36.0,201.17,0,Secundaria,5.3091089276262355,Adulto
P03937,Manabí,Costa,Urbana,Hombre,62,17.0,27.0,855.36,0,Posgrado,6.7526908484785215,Mayor
P03938,Pichincha,Sierra,Rural,Hombre,24,10.0,42.0,616.03,1,Secundaria,6.424917645089647,Joven
P03939,Guayas,Costa,Urbana,Mujer,63,12.0,45.0,1363.39,1,Secundaria,7.218462721288667,Mayor
P03940,Guayas,Costa,Rural,Mujer,49,14.0,53.0,620.09,1,Superior,6.43147599896873,Mayor
P03941,Pichincha,Sierra,Rural,Mujer,33,8.0,45.0,370.81,0,Secundaria,5.91838297110639,Adulto
P03942,Azuay,Sierra,Urbana,Mujer,63,14.0,54.0,998.41,1,Superior,6.907165104863647,Mayor
P03943,Chimborazo,Sierra,Rural,Mujer,30,11.0,38.0,1074.39,0,Secundaria,6.980438665466805,Adulto
P03944,Guayas,Costa,Urbana,Hombre,33,9.0,27.0,639.19,0,Secundaria,6.461765007295055,Adulto
P03945,Los Ríos,Costa,Urbana,Mujer,20,8.0,48.0,342.9,0,Secundaria,5.84035091743822,Joven
P03947,Manabí,Costa,Urbana,Hombre,62,13.0,40.0,1456.26,1,Superior,7.2843132391426355,Mayor
P03948,Guayas,Costa,Urbana,Mujer,64,11.0,61.0,988.15,0,Secundaria,6.896845988474101,Mayor
P03949,Guayas,Costa,Urbana,Hombre,44,12.0,31.0,549.35,1,Secundaria,6.310554439469401,Adulto
P03950,Los Ríos,Costa,Urbana,Mujer,48,9.0,43.0,440.67,0,Secundaria,6.090562996893545,Mayor
P03951,Guayas,Costa,Urbana,Mujer,41,12.0,33.0,1046.16,0,Secundaria,6.953837016769142,Adulto
P03952,Pichincha,Sierra,Urbana,Mujer,54,13.0,29.0,474.88,0,Superior,6.165165721608325,Mayor
P03953,El Oro,Costa,Rural,Mujer,57,10.0,41.0,378.54,1,Secundaria,5.938959993125833,Mayor
P03954,Galápagos,Insular,Urbana,Hombre,27,4.0,33.0,173.96,0,Primaria,5.164557376368513,Joven
P03955,Loja,Sierra,Urbana,Hombre,62,12.0,58.0,967.29,1,Secundaria,6.875531629186279,Mayor
P03956,Azuay,Sierra,Urbana,Hombre,39,11.0,34.0,816.69,0,Secundaria,6.706483291669158,Adulto
P03957,Chimborazo,Sierra,Urbana,Hombre,34,14.0,44.0,672.48,1,Superior,6.512458299789599,Adulto
P03958,Chimborazo,Sierra,Urbana,Mujer,30,9.0,47.0,937.17,1,Secundaria,6.843931169258616,Adulto
P03959,Manabí,Costa,Urbana,Hombre,26,10.0,40.0,651.1,1,Secundaria,6.480197924399157,Joven
P03960,Guayas,Costa,Urbana,Hombre,54,15.0,57.0,715.69,1,Superior,6.574643390063129,Mayor
P03961,Pichincha,Sierra,Urbana,Hombre,57,14.0,45.0,698.31,1,Superior,6.550094134621877,Mayor
P03964,Guayas,Costa,Urbana,Mujer,56,15.0,32.0,765.77,0,Superior,6.642186886775467,Mayor
P03965,El Oro,Costa,Urbana,Mujer,26,17.0,30.0,313.81,0,Posgrado,5.751969282239475,Joven
P03966,El Oro,Costa,Urbana,Mujer,19,21.0,41.0,934.28,0,Posgrado,6.840845949698563,Joven
P03967,Galápagos,Insular,Urbana,Hombre,20,10.0,31.0,430.8,0,Secundaria,6.067962518080707,Joven
P03968,Pichincha,Sierra,Rural,Mujer,48,14.0,39.0,427.91,0,Superior,6.061247106709183,Mayor
P03969,El Oro,Costa,Rural,Mujer,48,8.0,24.0,345.83,0,Secundaria,5.84883474635534,Mayor
P03970,El Oro,Costa,Urbana,Hombre,55,16.0,60.0,1148.57,1,Superior,7.0471432383909045,Mayor
P03971,Azuay,Sierra,Urbana,Hombre,62,14.0,44.0,242.22,0,Superior,5.493966383552854,Mayor
P03972,El Oro,Costa,Urbana,Hombre,52,16.0,41.0,561.91,1,Superior,6.333119757456968,Mayor
P03973,Tungurahua,Sierra,Urbana,Mujer,18,12.0,47.0,558.12,1,Secundaria,6.326364119168874,Joven
P03974,Orellana,Amazonía,Urbana,Mujer,49,7.0,57.0,975.87,1,Secundaria,6.884353582800518,Mayor
P03975,Guayas,Costa,Urbana,Mujer,64,16.0,33.0,1446.91,0,Superior,7.277876416317846,Mayor
P03976,Guayas,Costa,Urbana,Mujer,36,9.0,44.0,678.23,1,Secundaria,6.520959803632996,Adulto
P03977,Guayas,Costa,Urbana,Hombre,30,11.0,58.0,903.92,1,Secundaria,6.807846542002556,Adulto
P03978,Pichincha,Sierra,Urbana,Hombre,36,5.0,12.0,913.03,0,Primaria,6.8178633936726065,Adulto
P03979,Los Ríos,Costa,Urbana,Hombre,48,10.0,48.0,851.31,1,Secundaria,6.7479503104173,Mayor
P03980,Guayas,Costa,Urbana,Mujer,43,17.0,39.0,595.07,0,Posgrado,6.390358109833108,Adulto
P03983,Guayas,Costa,Urbana,Hombre,65,8.0,46.0,315.85,0,Secundaria,5.758428475769526,Mayor
P03984,Manabí,Costa,Urbana,Hombre,55,12.0,46.0,575.12,1,Secundaria,6.356315972330849,Mayor
P03985,Azuay,Sierra,Urbana,Mujer,19,13.0,54.0,416.56,0,Superior,6.034428246540098,Joven
P03986,Guayas,Costa,Urbana,Mujer,49,10.0,48.0,353.43,0,Secundaria,5.870510865261174,Mayor
P03990,Guayas,Costa,Urbana,Mujer,45,13.0,26.0,1428.35,1,Superior,7.264975074462307,Mayor
P03991,Pichincha,Sierra,Urbana,Hombre,18,11.0,24.0,871.89,0,Secundaria,6.771809545609696,Joven
P03992,Pichincha,Sierra,Urbana,Mujer,32,13.0,49.0,790.05,1,Superior,6.673361176895073,Adulto
P03993,Guayas,Costa,Rural,Mujer,46,12.0,34.0,295.31,0,Secundaria,5.691406203588146,Mayor
P03994,Tungurahua,Sierra,Urbana,Mujer,24,9.0,28.0,311.43,0,Secundaria,5.744380444084709,Joven
P03995,Pichincha,Sierra,Urbana,Mujer,22,17.0,45.0,850.53,1,Posgrado,6.7470347314257415,Joven
P03996,Tungurahua,Sierra,Urbana,Mujer,22,8.0,30.0,132.66,0,Secundaria,4.895299262082924,Joven
P03997,Pichincha,Sierra,Urbana,Hombre,29,8.0,42.0,246.94,0,Secundaria,5.513186781410001,Joven
P03999,Guayas,Costa,Urbana,Mujer,49,14.0,33.0,1315.14,0,Superior,7.182458489205718,Mayor
P04000,Pichincha,Sierra,Rural,Hombre,63,1.0,35.0,224.73,0,Primaria,5.4193395947954865,Mayor
